address;district;city;lat;lon;area;bedrooms;garage;type;rent;total
Rua Manajeru;Parada Inglesa;São Paulo;-23.493796;-46.605705;45.0;2;0.0;APARTMENT;1.3;1.35
Rua Clemente Pereira;Ipiranga;São Paulo;-23.598672;-46.604629;69.0;2;2.0;APARTMENT;2.6;3.136
Rua Castilho;Brooklin;São Paulo;-23.613943;-46.690936;67.0;1;1.0;APARTMENT;4.9;5.78
Rua Serra de Botucatu;Tatuapé;São Paulo;-23.54083;-46.553211;73.0;2;1.0;APARTMENT;1.9;2.7
Rua Capitão Sérvio Rodrigues Caldas;Água Fria;São Paulo;-23.488026;-46.605529;68.0;2;2.0;APARTMENT;1.8;2.61
Rua Alexandre Levi;Cambuci;São Paulo;-23.559441;-46.621368;50.0;2;1.0;APARTMENT;1.6;2.05
Rua Kansas;Brooklin;São Paulo;-23.599427;-46.689672;84.0;3;2.0;APARTMENT;6.8;7.885
Rua Valentim Magalhães;Móoca;São Paulo;-23.562958;-46.587426;71.0;3;2.0;APARTMENT;2.0;2.72
Rua Laplace;Campo Belo;São Paulo;-23.625194;-46.685272;218.0;3;4.0;APARTMENT;19.0;20.734
Avenida Condessa Elizabeth de Robiano;Tatuapé;São Paulo;-23.528046;-46.578425;63.0;2;1.0;APARTMENT;1.64;2.06
Rua Tuiuti;Tatuapé;São Paulo;-23.530348;-46.575783;58.0;2;1.0;APARTMENT;2.0;2.528
Rua Eduardo Leopoldo;Vila Guilherme;São Paulo;-23.518371;-46.61279;65.0;2;1.0;APARTMENT;2.45;2.93
Rua João Antônio de Oliveira;Móoca;São Paulo;-23.555746;-46.606009;60.0;2;0.0;APARTMENT;1.4;1.5
Rua Padre Antônio de Sá;Tatuapé;São Paulo;-23.536882;-46.576341;65.0;2;2.0;APARTMENT;2.3;2.872
Rua Carlos Gomes;Tucuruvi;São Paulo;-23.475233;-46.609593;56.0;2;1.0;APARTMENT;1.45;1.934
Avenida Engenheiro Heitor Antônio Eiras Garcia;Jardim Esmeralda;São Paulo;-23.576096;-46.741295;57.0;2;1.0;APARTMENT;2.2;2.78
Avenida Mofarrej;Vila Leopoldina;São Paulo;-23.526;-46.739727;79.0;2;2.0;APARTMENT;4.0;4.75
Rua Guaipá;Vila Leopoldina;São Paulo;-23.52091;-46.729287;48.0;2;1.0;APARTMENT;1.9;2.331
Rua Ventura Carneiro;Vila Celeste;São Paulo;-23.481203;-46.658018;50.0;2;1.0;APARTMENT;1.3;1.72
Rua Paris;Vila Madalena;São Paulo;-23.544967;-46.689531;68.0;1;1.0;APARTMENT;3.7;4.3
Rua Leopoldo Couto de Magalhães Júnior;Itaim Bibi;São Paulo;-23.589508;-46.685559;208.0;3;4.0;APARTMENT;21.0;25.5
Rua Coriolano Durand;Vila Campestre;São Paulo;-23.65504;-46.65848;229.0;5;2.0;APARTMENT;3.5;3.5
Rua Diogo Pereira;Morumbi;São Paulo;-23.614668;-46.747642;70.0;2;2.0;APARTMENT;1.779;2.424
Rua Dom Bosco;Móoca;São Paulo;-23.555594;-46.619823;65.0;3;1.0;APARTMENT;2.413;2.733
Rua Benedito Faber;Morumbi;São Paulo;-23.617295;-46.749415;55.0;2;1.0;APARTMENT;1.6;2.17
Rua Carlos Bigatti;Cangaíba;São Paulo;-23.503375;-46.510866;47.0;2;1.0;APARTMENT;1.1;1.4
Rua Gaspar Lourenço;Vila Mariana;São Paulo;-23.58191;-46.634398;37.0;1;1.0;APARTMENT;1.7;2.406
Rua Miguel Antônio Flangini;Jardim Avelino;São Paulo;-23.587608;-46.571069;139.0;3;3.0;APARTMENT;4.5;4.5
Rua Fortunato Ferraz;Lapa;São Paulo;-23.517879;-46.715298;48.0;2;1.0;APARTMENT;1.8;2.309
Rua Martim Francisco;Santa Cecília;São Paulo;-23.540967;-46.654335;75.0;2;1.0;APARTMENT;2.85;3.7
Avenida Dom Pedro I;Vila Monumento;São Paulo;-23.566991;-46.610759;53.0;2;1.0;APARTMENT;1.35;1.912
Avenida Paulista;Jardim Paulista;São Paulo;-23.560789;-46.657586;38.0;1;0.0;APARTMENT;2.439;2.859
Rua Gomes de Carvalho;Vila Olímpia;São Paulo;-23.601082;-46.676856;120.0;2;2.0;APARTMENT;4.2;5.59
Rua Faustolo;Água Branca;São Paulo;-23.524031;-46.691799;74.0;2;2.0;APARTMENT;3.0;3.87
Avenida Cupecê;Jardim Marajoara;São Paulo;-23.659372;-46.665912;65.0;2;1.0;APARTMENT;2.4;3.1
Rua Nova York;Brooklin;São Paulo;-23.612883;-46.682828;85.0;2;2.0;APARTMENT;5.0;5.921
Rua Nicolau Barreto;Brooklin;São Paulo;-23.617594;-46.694549;74.0;2;2.0;APARTMENT;5.0;5.8
Rua Monsenhor Passaláqua;Bela Vista;São Paulo;-23.560234;-46.642188;39.0;1;1.0;APARTMENT;2.5;3.086
Rua João Moura;Vila Madalena;São Paulo;-23.54852;-46.688059;70.0;2;1.0;APARTMENT;6.0;6.836
Rua Desembargador Aragão;Vila Mariana;São Paulo;-23.59239;-46.631815;64.0;2;1.0;APARTMENT;4.48;4.853
Rua Maria Cândida;Santana;São Paulo;-23.503637;-46.608933;51.0;2;1.0;APARTMENT;1.675;2.075
Rua Doutor Martins de Oliveira;Jardim Londrina;São Paulo;-23.608797;-46.738559;89.0;2;2.0;APARTMENT;3.8;4.43
Rua Francisco Luiz de Souza Júnior;Água Branca;São Paulo;-23.513432;-46.689086;70.0;2;1.0;APARTMENT;2.35;2.81
Rua Maracá;Jabaquara;São Paulo;-23.63579;-46.638766;50.0;1;1.0;APARTMENT;1.783;2.283
Rua Coelho de Carvalho;Alto de Pinheiros;São Paulo;-23.537103;-46.717976;130.0;3;2.0;APARTMENT;2.7;4.1
Rua Jaci;Chácara Inglesa;São Paulo;-23.606023;-46.630012;82.0;3;2.0;APARTMENT;2.7;3.391
Rua Andrade Reis;Móoca;São Paulo;-23.556059;-46.619446;55.0;2;1.0;APARTMENT;1.75;2.327
Rua Guaianases;Campos Eliseos;São Paulo;-23.533656;-46.645979;44.0;1;1.0;APARTMENT;1.35;1.857
Rua Doutor Nicolau de Sousa Queirós;Vila Mariana;São Paulo;-23.578205;-46.636254;58.0;1;0.0;APARTMENT;2.039;2.622
Rua Clodomiro Amazonas;Vila Olímpia;São Paulo;-23.591567;-46.677817;72.0;2;2.0;APARTMENT;4.2;5.253
Rua Dom Luís Felipe de Orleans;Vila Maria;São Paulo;-23.515053;-46.592936;68.0;2;2.0;APARTMENT;1.95;2.2
Rua Frederico Von Martius;Vila Monumento;São Paulo;-23.576023;-46.612686;74.0;3;2.0;APARTMENT;2.4;3.3
Rua Betel;Mirandópolis;São Paulo;-23.605844;-46.645919;75.0;2;1.0;APARTMENT;2.0;2.617
Rua Tabatinguera;Sé;São Paulo;-23.552534;-46.628642;22.0;1;0.0;APARTMENT;1.71;2.115
Rua Alvorada;Vila Olímpia;São Paulo;-23.605012;-46.676645;156.0;3;3.0;APARTMENT;11.0;12.6
Rua Scuvero;Cambuci;São Paulo;-23.563048;-46.626595;40.0;1;1.0;APARTMENT;1.4;1.9
Rua Doutor Luís Carlos;Vila Aricanduva;São Paulo;-23.533943;-46.538557;50.0;2;1.0;APARTMENT;1.9;2.55
Rua Cerro Corá;Vila Romana;São Paulo;-23.539885;-46.704773;120.0;3;2.0;APARTMENT;2.5;3.853
Rua São Venceslau;Jabaquara;São Paulo;-23.638359;-46.634668;54.0;2;1.0;APARTMENT;2.4;3.1
Avenida Doutor Francisco Ranieri;Santana;São Paulo;-23.477966;-46.644531;55.0;2;1.0;APARTMENT;1.205;1.705
Rua Padre Estevão Pernet;Tatuapé;São Paulo;-23.541888;-46.566409;58.0;2;2.0;APARTMENT;2.3;3.16
Rua Soldado Sebastião Garcia;Parque Novo Mundo;São Paulo;-23.519966;-46.568524;55.0;2;1.0;APARTMENT;1.382;1.838
Rua dos Macaxás;Bosque da Saúde;São Paulo;-23.607751;-46.612719;56.0;2;1.0;APARTMENT;2.6;3.295
Avenida Nossa Senhora de Sabará;Jardim Marajoara;São Paulo;-23.660852;-46.69419;84.0;3;1.0;APARTMENT;2.124;2.844
Rua Francisco Cruz;Vila Mariana;São Paulo;-23.590516;-46.634225;37.0;1;1.0;APARTMENT;2.65;3.02
Rua Doutor João Clímaco Pereira;Itaim Bibi;São Paulo;-23.589856;-46.673156;51.0;1;1.0;APARTMENT;3.4;4.586
Rua Marcus Pereira;Morumbi;São Paulo;-23.622005;-46.735175;373.0;4;4.0;APARTMENT;3.4;7.262
Rua Vilela;Tatuapé;São Paulo;-23.541133;-46.566257;85.0;2;2.0;APARTMENT;2.7;3.32
Rua Doutor Laerte Setúbal;Panamby;São Paulo;-23.619955;-46.732248;67.0;3;1.0;APARTMENT;1.5;2.073
Rua Tuiuti;Tatuapé;São Paulo;-23.532307;-46.575739;60.0;2;1.0;APARTMENT;1.6;1.969
Rua Barata Ribeiro;Consolação;São Paulo;-23.556571;-46.653857;40.0;1;1.0;APARTMENT;1.5;2.153
Rua Antônio Júlio dos Santos;Morumbi;São Paulo;-23.608662;-46.72702;61.0;2;1.0;APARTMENT;1.94;2.465
Viela Um;Freguesia do Ó;São Paulo;-23.455575;-46.669957;48.0;2;1.0;APARTMENT;1.456;1.842
Rua Aguapeí;Tatuapé;São Paulo;-23.551025;-46.554597;114.0;3;3.0;APARTMENT;2.606;3.846
Rua Arminda;Vila Olímpia;São Paulo;-23.598157;-46.68293;70.0;2;1.0;APARTMENT;3.815;4.512
Rua Apucarana;Tatuapé;São Paulo;-23.540172;-46.565211;73.0;3;1.0;APARTMENT;2.2;2.985
Avenida Santa Marina;Água Branca;São Paulo;-23.51112;-46.692918;64.0;3;2.0;APARTMENT;2.15;2.613
Rua Filipe da Silva;Santana;São Paulo;-23.482358;-46.641747;75.0;2;1.0;APARTMENT;1.9;2.464
Passagem Símbolo;Panamby;São Paulo;-23.624631;-46.728805;73.0;2;0.0;APARTMENT;2.0;2.551
Rua dos Americanos;Barra Funda;São Paulo;-23.525368;-46.655549;65.0;2;1.0;APARTMENT;3.0;3.5
Rua Constantino de Sousa;Campo Belo;São Paulo;-23.619394;-46.675625;90.0;2;1.0;APARTMENT;2.3;3.12
Rua das Palmeiras;Santa Cecília;São Paulo;-23.536678;-46.652484;50.0;2;1.0;APARTMENT;1.643;2.154
Rua Itanhaém;Vila Prudente;São Paulo;-23.581792;-46.57387;50.0;2;1.0;APARTMENT;1.5;2.053
Rua Anália Franco;Jardim Anália Franco;São Paulo;-23.556947;-46.572528;70.0;1;2.0;APARTMENT;3.35;3.85
Rua Berto Conde;São Judas;São Paulo;-23.628558;-46.63624;97.0;3;2.0;APARTMENT;3.2;4.251
Rua Harmonia;Vila Madalena;São Paulo;-23.550677;-46.691691;62.0;1;1.0;APARTMENT;3.0;3.593
Avenida Nove de Julho;Consolação;São Paulo;-23.551256;-46.646635;80.0;2;0.0;APARTMENT;2.5;2.95
Avenida Nossa Senhora do Sabará;Jardim Marajoara;São Paulo;-23.660051;-46.695372;60.0;2;1.0;APARTMENT;2.1;2.69
Rua General Jardim;Santa Cecília;São Paulo;-23.544664;-46.651234;46.0;1;0.0;APARTMENT;2.243;2.551
Rua Heitor Penteado;Vila Madalena;São Paulo;-23.541974;-46.696261;43.0;1;1.0;APARTMENT;2.5;3.111
Rua Jaboticabal;Móoca;São Paulo;-23.561167;-46.578667;96.0;2;2.0;APARTMENT;2.2;2.675
Avenida Padre Antônio José dos Santos;Brooklin;São Paulo;-23.60578;-46.692167;80.0;2;1.0;APARTMENT;5.1;5.79
Rua José Antônio Coelho;Vila Mariana;São Paulo;-23.580004;-46.643497;48.0;1;1.0;APARTMENT;1.8;2.206
Rua Rego Barros;Vila Formosa;São Paulo;-23.565325;-46.51513;61.0;3;1.0;APARTMENT;1.51;2.099
Rua Padre Jerônimo Vermin;Jardim Maria Estela;São Paulo;-23.636127;-46.596782;65.0;3;1.0;APARTMENT;1.508;1.887
Avenida Marechal Eurico Gaspar Dutra;Santana;São Paulo;-23.484932;-46.609371;68.0;3;2.0;APARTMENT;2.5;3.0
Alameda Fernão Cardim;Jardins;São Paulo;-23.56826;-46.653885;100.0;2;1.0;APARTMENT;3.4;4.446
Rua René Zamlutti;Chácara Klabin;São Paulo;-23.591558;-46.623283;158.0;4;3.0;APARTMENT;5.0;5.95
Avenida Júlio Buono;Vila Gustavo;São Paulo;-23.48568;-46.592183;57.0;2;1.0;APARTMENT;1.1;1.671
Rua Sapucaia;Móoca;São Paulo;-23.55072;-46.593324;118.0;3;2.0;APARTMENT;4.7;5.8
Avenida Zumkeller;Mandaqui;São Paulo;-23.472675;-46.637437;50.0;2;1.0;APARTMENT;1.35;1.9
Rua Luís Correia de Melo;Chácara Santo Antônio;São Paulo;-23.633294;-46.715746;49.0;1;1.0;APARTMENT;2.9;3.364
Rua Doutor NÍlton Silva;Cidade Patriarca;São Paulo;-23.535217;-46.49743;46.0;2;1.0;APARTMENT;1.32;1.4
Rodovia Raposo Tavares;Butantã;São Paulo;-23.563487;-46.72101;77.0;3;1.0;APARTMENT;1.8;2.614
Rua João Pais;Santo Amaro;São Paulo;-23.629073;-46.688154;36.0;1;1.0;APARTMENT;1.7;2.23
Avenida Vila Ema;Vila Ema;São Paulo;-23.580418;-46.558444;49.0;2;1.0;APARTMENT;1.6;1.89
Alameda Barros;Santa Cecília;São Paulo;-23.536652;-46.654862;49.0;1;0.0;APARTMENT;1.56;1.908
Avenida Brigadeiro Luís Antônio;Bela Vista;São Paulo;-23.553541;-46.637988;42.0;1;1.0;APARTMENT;2.5;2.931
Rua Dona Antônia de Queirós;Higienópolis;São Paulo;-23.549335;-46.654608;70.0;2;2.0;APARTMENT;6.0;6.9
Avenida Parada Pinto;Vila Nova Cachoeirinha;São Paulo;-23.470154;-46.654352;55.0;2;1.0;APARTMENT;1.6;2.059
Rua Aurora;República;São Paulo;-23.541727;-46.643073;30.0;1;1.0;APARTMENT;2.16;2.565
Avenida Escola Politécnica;Butantã;São Paulo;-23.559316;-46.748245;50.0;2;1.0;APARTMENT;1.5;1.935
Rua Doutor João Gualberto de Oliveira;Vila Romano;São Paulo;-23.675674;-46.680037;50.0;2;1.0;APARTMENT;1.0;1.51
Avenida Aparecida do Rio Negro;Jardim Íris;São Paulo;-23.500368;-46.719366;43.0;2;1.0;APARTMENT;1.35;1.607
Rua Baluarte;Vila Olímpia;São Paulo;-23.599325;-46.674272;32.0;1;1.0;APARTMENT;4.0;4.0
Rua Joaquim Antunes;Pinheiros;São Paulo;-23.561468;-46.683324;60.0;2;1.0;APARTMENT;3.22;4.02
Rua Carvalho de Freitas;Vila Andrade;São Paulo;-23.631307;-46.739645;72.0;2;2.0;APARTMENT;2.25;2.95
Rua Marcus Pereira;Morumbi;São Paulo;-23.622473;-46.735905;110.0;2;2.0;APARTMENT;2.23;3.228
Rua Rubem de Souza;Jardim Marajoara;São Paulo;-23.662485;-46.674495;59.0;2;1.0;APARTMENT;1.2;1.6
Rua Doutor Plínio Barreto;Bela Vista;São Paulo;-23.557473;-46.651304;64.0;3;1.0;APARTMENT;3.817;4.477
Rua Tito;Vila Romana;São Paulo;-23.528015;-46.69229;150.0;4;2.0;APARTMENT;3.442;4.807
Rua André da Fonseca;Jardim Japão;São Paulo;-23.499126;-46.58853;42.0;1;0.0;APARTMENT;1.1;1.1
Rua Doutor Cesário Mota Júnior;Santa Cecília;São Paulo;-23.544319;-46.64903;47.0;1;0.0;APARTMENT;1.816;2.096
Rua José da Silva Ribeiro;Vila Andrade;São Paulo;-23.625182;-46.742557;51.0;1;1.0;APARTMENT;2.0;2.35
Alameda Franca;Jardins;São Paulo;-23.559315;-46.665899;104.0;2;2.0;APARTMENT;5.6;6.805
Rua Cônego Vicente Miguel Marino;Barra Funda;São Paulo;-23.527208;-46.650239;54.0;2;1.0;APARTMENT;2.7;3.174
Avenida Ministro Petrônio Portela;Freguesia do Ó;São Paulo;-23.482962;-46.695678;81.0;3;0.0;APARTMENT;3.0;3.537
Rua Carlos Alberto Vanzolini;Vila Dos Remedios;São Paulo;-23.514704;-46.751312;68.0;3;1.0;APARTMENT;1.0;1.68
Avenida Professor José Maria Alkmin;Jardim Ester;São Paulo;-23.571221;-46.758686;62.0;2;1.0;APARTMENT;1.2;1.65
Rua Berto Conde;Saúde;São Paulo;-23.628558;-46.63624;101.0;3;2.0;APARTMENT;2.6;3.703
Rua da Chibata;Vila Andrade;São Paulo;-23.626214;-46.7436;73.0;2;0.0;APARTMENT;3.5;4.3
Rua Professor Picarolo;Bela Vista;São Paulo;-23.560678;-46.654371;55.0;2;1.0;APARTMENT;2.5;3.01
Avenida Duque de Caxias;Santa Cecília;São Paulo;-23.54075;-46.646789;38.0;1;0.0;APARTMENT;2.4;2.775
Rua José Ataliba Ortiz;Vila Mangalot;São Paulo;-23.499406;-46.74483;78.0;2;2.0;APARTMENT;2.0;2.63
Rua Alessandro Leopardi;Pirituba;São Paulo;-23.483565;-46.736209;50.0;2;1.0;APARTMENT;850.0;1.18
Rua Carlos Weber;Vila Leopoldina;São Paulo;-23.529236;-46.730511;53.0;2;1.0;APARTMENT;2.2;2.778
Rua Pedro Doll;Santana;São Paulo;-23.491623;-46.628351;120.0;3;2.0;APARTMENT;2.3;3.2
Rua Elisiário;Tatuapé;São Paulo;-23.548372;-46.574698;70.0;3;2.0;APARTMENT;1.67;2.318
Rua das Pérolas;Jabaquara;São Paulo;-23.65206;-46.637046;40.0;1;1.0;APARTMENT;1.9;2.43
Rua Diamante Preto;Chácara Califórnia;São Paulo;-23.538504;-46.548068;59.0;2;2.0;APARTMENT;1.7;2.23
Avenida Lavandisca;Moema;São Paulo;-23.601241;-46.666463;236.0;3;4.0;APARTMENT;13.3;15.7
Rua Maria Figueiredo;Paraíso;São Paulo;-23.572315;-46.650302;162.0;4;2.0;APARTMENT;2.79;4.902
Rua Ministro Romeiro Neto;Vila Basileia;São Paulo;-23.482711;-46.65197;47.0;1;1.0;APARTMENT;1.1;1.665
Rua Vinte e Oito de Setembro;Ipiranga;São Paulo;-23.599503;-46.610887;55.0;2;1.0;APARTMENT;1.8;2.47
Avenida General Valdomiro de Lima;Jabaquara;São Paulo;-23.63807;-46.646119;34.0;1;1.0;APARTMENT;2.05;2.4
Rua Silva Correia;Vila Nova Conceição;São Paulo;-23.594288;-46.677667;65.0;2;1.0;APARTMENT;3.4;4.033
Rua Paim;Bela Vista;São Paulo;-23.553638;-46.649902;54.0;2;1.0;APARTMENT;2.97;3.53
Avenida Raimundo Pereira de Magalhães;Lapa;São Paulo;-23.513918;-46.713745;66.0;2;1.0;APARTMENT;2.6;3.2
Rua Barão de Capanema;Jardim América;São Paulo;-23.566154;-46.667279;210.0;3;3.0;APARTMENT;10.0;14.021
Rua Heitor Penteado;Vila Madalena;São Paulo;-23.544015;-46.693845;75.0;2;1.0;APARTMENT;2.7;3.2
Rua Alves Guimarães;Pinheiros;São Paulo;-23.560503;-46.674495;42.0;1;1.0;APARTMENT;3.3;3.961
Rua Comendador Joaquim Monteiro;Santana;São Paulo;-23.502757;-46.630545;54.0;2;1.0;APARTMENT;1.8;2.38
Rua Alexandre Dumas;Chácara Santo Antônio;São Paulo;-23.632208;-46.703496;48.0;2;1.0;APARTMENT;2.5;3.088
Estrada Itaquera-Guaianazes;Itaquera;São Paulo;-23.531324;-46.439344;47.0;2;1.0;APARTMENT;1.23;1.58
Rua José Getúlio;Aclimação;São Paulo;-23.568405;-46.634843;45.0;1;0.0;APARTMENT;1.43;1.95
Rua das Palmeiras;Vila Buarque;São Paulo;-23.536616;-46.651713;40.0;1;1.0;APARTMENT;2.1;2.656
Avenida Paes de Barros;Móoca;São Paulo;-23.575461;-46.58738;87.0;2;1.0;APARTMENT;1.4;2.07
Rua Vicente Soares da Costa;Jardim Primavera;São Paulo;-23.486923;-46.680676;90.0;3;1.0;APARTMENT;1.7;1.7
Rua Azevedo Soares;Tatuapé;São Paulo;-23.549328;-46.568998;75.0;3;1.0;APARTMENT;1.95;2.622
Avenida Lins de Vasconcelos;Cambuci;São Paulo;-23.580461;-46.624652;65.0;2;1.0;APARTMENT;1.5;2.078
Rua Nova York;Brooklin;São Paulo;-23.614888;-46.684946;43.0;1;1.0;APARTMENT;4.205;4.893
Praça Oswaldo Cruz;Paraíso;São Paulo;-23.571303;-46.644258;88.0;2;1.0;APARTMENT;3.4;4.8
Rua Guaraja;Vila Mazzei;São Paulo;-23.473036;-46.602104;65.0;2;1.0;APARTMENT;1.503;2.003
Rua da Mata;Itaim Bibi;São Paulo;-23.580517;-46.675906;90.0;2;1.0;APARTMENT;7.5;8.7
Rua Cardoso de Almeida;Perdizes;São Paulo;-23.538017;-46.668684;34.0;1;1.0;APARTMENT;2.2;2.7
Avenida Professor Francisco Morato;Butantã;São Paulo;-23.598058;-46.742204;82.0;3;2.0;APARTMENT;2.898;3.758
Avenida Raimundo Pereira de Magalhães;Jaragua;São Paulo;-23.435484;-46.721561;62.0;2;1.0;APARTMENT;1.2;1.55
Rua Catão;Vila Romana;São Paulo;-23.525557;-46.700381;60.0;2;1.0;APARTMENT;2.8;3.46
Rua da Consolação;Consolação;São Paulo;-23.551221;-46.65518;40.0;1;1.0;APARTMENT;2.8;3.108
Rua Treze de Maio;Bela Vista;São Paulo;-23.563878;-46.645211;45.0;1;1.0;APARTMENT;2.0;2.522
Avenida Washington Luís;Santo Amaro;São Paulo;-23.6558;-46.689603;370.0;5;6.0;APARTMENT;17.5;20.705
Rua Imbituba;Vila Prudente;São Paulo;-23.583242;-46.583326;55.0;2;1.0;APARTMENT;1.65;2.125
Rua Solidônio Leite;Vila Ivone;São Paulo;-23.58619;-46.53499;55.0;2;1.0;APARTMENT;1.5;1.9
Rua Álvaro de Carvalho;Consolação;São Paulo;-23.549497;-46.643419;48.0;1;1.0;APARTMENT;2.747;3.357
Rua Barão de Iguape;Liberdade;São Paulo;-23.558479;-46.627429;50.0;2;1.0;APARTMENT;1.71;2.01
Rua Artur de Azevedo;Pinheiros;São Paulo;-23.565682;-46.68655;76.0;2;1.0;APARTMENT;3.2;4.05
Rua da Mocidade;Jardim Valparaiso;São Paulo;-23.423671;-46.587509;45.0;2;1.0;APARTMENT;1.15;1.15
Rua Doutor Djalma Pinheiro Franco;Vila Mascote;São Paulo;-23.654438;-46.666808;65.0;3;1.0;APARTMENT;2.8;3.425
Rua dos Tapes;Liberdade;São Paulo;-23.562066;-46.63089;60.0;2;1.0;APARTMENT;2.05;2.6
Rua Capitão Alberto Mendes Júnior;Água Fria;São Paulo;-23.483009;-46.616111;213.0;3;5.0;APARTMENT;3.85;6.55
Rua Maracaí;Aclimação;São Paulo;-23.572131;-46.62641;43.0;1;1.0;APARTMENT;2.3;3.081
Rua Capote Valente;Pinheiros;São Paulo;-23.559891;-46.673792;143.0;3;1.0;APARTMENT;4.6;5.486
Rua Henrique Altes;Sacomã;São Paulo;-23.628682;-46.594884;68.0;2;1.0;APARTMENT;1.5;2.0
Rua Maria Otília;Jardim Anália Franco;São Paulo;-23.553206;-46.567698;40.0;1;1.0;APARTMENT;2.374;2.877
Avenida Conceição;Santana;São Paulo;-23.499874;-46.609598;75.0;2;1.0;APARTMENT;1.92;2.608
Rua Maria Daffré;Móoca;São Paulo;-23.584152;-46.588104;59.0;2;1.0;APARTMENT;2.28;2.68
Rua Gaspar Fernandes;Vila Monumento;São Paulo;-23.575172;-46.615349;74.0;2;1.0;APARTMENT;1.8;2.445
Rua Viaza;Campo Belo;São Paulo;-23.633352;-46.666951;43.0;1;1.0;APARTMENT;2.7;3.171
Rua Heitor Penteado;Vila Romana;São Paulo;-23.543133;-46.69465;50.0;2;1.0;APARTMENT;2.299;2.733
Rua Serra de Botucatu;Tatuapé;São Paulo;-23.539426;-46.546648;55.0;2;1.0;APARTMENT;1.69;2.09
Rua Henrique Casela;Penha De Franca;São Paulo;-23.519467;-46.552654;46.0;1;1.0;APARTMENT;1.0;1.4
Rua Doutor Ivo Define Frasca;Vila Olímpia;São Paulo;-23.593741;-46.673466;44.0;1;1.0;APARTMENT;3.429;3.929
Rua João Álvares Correia;Vila Mariana;São Paulo;-23.592061;-46.622158;48.0;1;1.0;APARTMENT;2.5;3.282
Rua Antônio Tavares;Cambuci;São Paulo;-23.572068;-46.620646;50.0;1;0.0;APARTMENT;1.5;2.03
Rua Sena Madureira;Vila Clementino;São Paulo;-23.593174;-46.647111;104.0;3;2.0;APARTMENT;3.3;4.6
Rua Aguiar de Barros;Bela Vista;São Paulo;-23.554003;-46.638945;46.0;1;1.0;APARTMENT;3.2;3.516
Rua Doutor Franco da Rocha;Perdizes;São Paulo;-23.535641;-46.672552;35.0;1;1.0;APARTMENT;2.55;3.17
Avenida Diógenes Ribeiro de Lima;Alto da Lapa;São Paulo;-23.540726;-46.717298;105.0;3;2.0;APARTMENT;3.341;4.341
Rua Dona Adma Jafet;Consolação;São Paulo;-23.558786;-46.654476;40.0;1;0.0;APARTMENT;1.602;2.042
Rua Serra de Bragança;Tatuapé;São Paulo;-23.542717;-46.560311;40.0;1;1.0;APARTMENT;2.2;2.574
Avenida Santo Amaro;Brooklin;São Paulo;-23.620011;-46.682551;37.0;1;1.0;APARTMENT;2.632;3.291
Rua João Adolfo;Centro;São Paulo;-23.548723;-46.640412;31.0;1;0.0;APARTMENT;1.6;1.938
Rua Ambrizette;Panamby;São Paulo;-23.626976;-46.719552;72.0;2;2.0;APARTMENT;2.87;3.99
Rua José Antônio Coelho;Vila Mariana;São Paulo;-23.581406;-46.649145;65.0;2;0.0;APARTMENT;2.5;2.9
Rua Fortunato Ferraz;Pirituba;São Paulo;-23.517879;-46.715298;50.0;2;1.0;APARTMENT;1.9;2.45
Rua Carlos Weber;Vila Leopoldina;São Paulo;-23.531627;-46.726633;74.0;2;2.0;APARTMENT;2.7;3.585
Rua Natingui;Vila Madalena;São Paulo;-23.552156;-46.695813;70.0;2;1.0;APARTMENT;2.8;3.62
Rua Joaquim Távora;Vila Mariana;São Paulo;-23.585892;-46.640024;41.0;1;1.0;APARTMENT;3.0;3.667
Rua Alcantarilla;Panamby;São Paulo;-23.635421;-46.732501;80.0;2;2.0;APARTMENT;2.5;3.5
Rua Carlos Vicari;Perdizes;São Paulo;-23.524506;-46.683328;104.0;2;2.0;APARTMENT;3.9;4.9
Avenida Elísio Teixeira Leite;Freguesia do Ó;São Paulo;-23.484923;-46.69987;55.0;2;1.0;APARTMENT;1.221;1.631
Rua Celso de Azevedo Marques;Móoca;São Paulo;-23.568713;-46.594788;140.0;3;2.0;APARTMENT;4.5;5.76
Rua Camilo;Vila Romana;São Paulo;-23.529348;-46.693738;88.0;3;2.0;APARTMENT;4.2;5.0
Rua Artur Prado;Bela Vista;São Paulo;-23.564177;-46.643117;55.0;2;1.0;APARTMENT;3.0;3.775
Rua Praia do Castelo;Vila Mascote;São Paulo;-23.646935;-46.668305;76.0;3;2.0;APARTMENT;3.1;3.799
Avenida Olavo Egídio de Souza Aranha;Ermelino Matarazzo;São Paulo;-23.505117;-46.493899;58.0;2;1.0;APARTMENT;1.13;1.59
Rua General Brasílio Taborda;Butantã;São Paulo;-23.580482;-46.732457;82.0;3;0.0;APARTMENT;2.3;3.171
Alameda Campinas;Jardins;São Paulo;-23.565625;-46.653168;40.0;1;1.0;APARTMENT;2.5;3.286
Rua Afonso de Freitas;Paraíso;São Paulo;-23.574368;-46.642839;44.0;1;1.0;APARTMENT;2.2;2.87
Rua Gama Lobo;Ipiranga;São Paulo;-23.599546;-46.611774;65.0;1;2.0;APARTMENT;1.615;1.89
Rua Caetanópolis;Jaguaré;São Paulo;-23.547126;-46.754193;80.0;3;2.0;APARTMENT;1.8;2.33
Rua Albina Barbosa;Aclimação;São Paulo;-23.56986;-46.626946;69.0;1;2.0;APARTMENT;2.2;2.759
Rua Paim;Bela Vista;São Paulo;-23.554033;-46.650235;57.0;2;1.0;APARTMENT;3.2;3.72
Rua Santa Madalena;Bela Vista;São Paulo;-23.562981;-46.642975;72.0;3;2.0;APARTMENT;3.3;4.278
Rua George Ohm;Brooklin;São Paulo;-23.611576;-46.692951;107.0;2;2.0;APARTMENT;8.0;9.028
Rua Almirante Calheiros;Tatuapé;São Paulo;-23.537504;-46.576911;104.0;3;2.0;APARTMENT;3.5;4.16
Rua Carlos Weber;Vila Leopoldina;São Paulo;-23.525757;-46.732097;88.0;3;2.0;APARTMENT;3.9;4.62
Rua Américo Brasiliense;Chácara Santo Antônio;São Paulo;-23.628268;-46.707098;50.0;1;1.0;APARTMENT;3.325;3.755
Rua Marquês de Valença;Móoca;São Paulo;-23.557576;-46.594515;53.0;2;1.0;APARTMENT;1.65;2.35
Rua Professor Celso Quirino dos Santos;Cidade São Francisco;São Paulo;-23.559469;-46.749264;58.0;2;1.0;APARTMENT;1.46;2.11
Rua Jean Peltier;Brooklin;São Paulo;-23.612303;-46.696303;63.0;1;1.0;APARTMENT;3.69;4.536
Rua Cirino de Abreu;Penha De Franca;São Paulo;-23.532158;-46.549321;53.0;2;1.0;APARTMENT;1.74;2.188
Rua Vicente Oropallo;Vila Sao Francisco;São Paulo;-23.561406;-46.756674;72.0;3;2.0;APARTMENT;2.5;3.227
Viaduto do Glicério;Liberdade;São Paulo;-23.556229;-46.630138;50.0;2;1.0;APARTMENT;1.992;2.492
Rua Soldado José Vicente de Paula;Parque Novo Mundo;São Paulo;-23.519853;-46.566265;63.0;3;1.0;APARTMENT;1.7;2.34
Rua Conselheiro Brotero;Higienópolis;São Paulo;-23.53286;-46.659192;60.0;2;1.0;APARTMENT;1.6;2.24
Rua Arapá;Vila Mascote;São Paulo;-23.647285;-46.666999;59.0;1;2.0;APARTMENT;2.0;2.58
Rua Elba;Vila das Mercês;São Paulo;-23.613008;-46.602841;50.0;2;1.0;APARTMENT;1.4;2.062
Rua Pedro Morganti;Vila Mariana;São Paulo;-23.591283;-46.640527;68.0;2;0.0;APARTMENT;2.6;3.06
Rua Ipiranga;Campo Belo;São Paulo;-23.635202;-46.665445;50.0;2;1.0;APARTMENT;2.9;3.57
Rua Serra da Bocaina;Belém;São Paulo;-23.54609;-46.590326;55.0;2;1.0;APARTMENT;2.2;2.702
Rua Michigan;Brooklin;São Paulo;-23.615555;-46.685058;41.0;1;1.0;APARTMENT;3.0;3.353
Avenida Jandira;Moema;São Paulo;-23.609578;-46.659011;41.0;1;1.0;APARTMENT;3.5;4.356
Rua São Vicente de Paulo;Santa Cecília;São Paulo;-23.535191;-46.654895;45.0;1;1.0;APARTMENT;1.8;2.833
Largo Conselheiro Moreira de Barros;Santana;São Paulo;-23.497083;-46.628381;42.0;2;1.0;APARTMENT;1.1;1.57
Rua Mauro;Saúde;São Paulo;-23.621285;-46.641742;55.0;2;1.0;APARTMENT;1.7;2.48
Rua Aimberê;Perdizes;São Paulo;-23.534624;-46.679638;64.0;2;1.0;APARTMENT;2.7;3.512
Rua Teodoro Sampaio;Pinheiros;São Paulo;-23.556078;-46.674193;50.0;1;1.0;APARTMENT;1.8;2.2
Avenida Santos Dumont;Luz;São Paulo;-23.526097;-46.631446;68.0;2;1.0;APARTMENT;1.9;2.23
Rua Ibituruna;São Judas;São Paulo;-23.622659;-46.638479;50.0;1;1.0;APARTMENT;1.5;2.04
Rua Monsenhor João Felipo;Móoca;São Paulo;-23.556693;-46.608595;48.0;2;1.0;APARTMENT;2.0;2.43
Rua Francisco de Vitória;Chácara Klabin;São Paulo;-23.591276;-46.627841;74.0;2;2.0;APARTMENT;2.9;3.75
Avenida Miguel Estefno;Saúde;São Paulo;-23.619951;-46.637312;57.0;2;1.0;APARTMENT;3.0;3.5
Rua Pensilvânia;Brooklin;São Paulo;-23.612118;-46.685606;170.0;3;3.0;APARTMENT;7.0;9.0
Rua Santa Maria;Tatuapé;São Paulo;-23.53177;-46.565493;58.0;2;0.0;APARTMENT;1.779;2.389
Rua Serra de Bragança;Vila Gomes Cardim;São Paulo;-23.544323;-46.566028;57.0;2;1.0;APARTMENT;2.5;2.88
Rua Moliére;Jardim Marajoara;São Paulo;-23.658196;-46.692694;96.0;3;2.0;APARTMENT;2.385;3.177
Rua Kaneda;Vila Maria;São Paulo;-23.503127;-46.577923;70.0;2;1.0;APARTMENT;1.26;1.84
Rua Comendador Gabriel Cotti;Vila Pereira Barreto;São Paulo;-23.491965;-46.716596;47.0;2;1.0;APARTMENT;1.6;2.15
Rua Santo Antônio;Bela Vista;São Paulo;-23.551607;-46.645338;36.0;1;1.0;APARTMENT;2.415;2.872
Alameda Lorena;Jardim Paulista;São Paulo;-23.568125;-46.661022;40.0;1;1.0;APARTMENT;2.0;2.7
Rua Nova York;Cidade Monções;São Paulo;-23.614888;-46.684946;43.0;1;1.0;APARTMENT;3.2;3.7
Rua Maria Otília;Vila Regente Feijó;São Paulo;-23.553206;-46.567698;40.0;1;1.0;APARTMENT;2.0;2.52
Rua Olímpia de Almeida Prado;Barra Funda;São Paulo;-23.531841;-46.657696;33.0;1;1.0;APARTMENT;2.4;2.9
Rua Piraquara;Artur Alvim;São Paulo;-23.526624;-46.483239;60.0;2;1.0;APARTMENT;980.0;1.38
Rua Pamplona;Cerqueira César;São Paulo;-23.564924;-46.655098;65.0;2;0.0;APARTMENT;2.5;3.339
Rua Joaquim Roseira;Morumbi;São Paulo;-23.621254;-46.747229;42.0;2;1.0;APARTMENT;1.2;1.55
Rua Cachoeri;Vila Santa Clara;São Paulo;-23.572087;-46.571187;75.0;2;2.0;APARTMENT;1.5;2.3
Rua Florianópolis;Móoca;São Paulo;-23.565404;-46.584224;86.0;2;2.0;APARTMENT;3.1;3.785
Rua Clélia;Pompeia;São Paulo;-23.52511;-46.68897;60.0;2;1.0;APARTMENT;1.65;2.208
Rua Ministro Ferreira Alves;Perdizes;São Paulo;-23.532346;-46.681242;137.0;3;2.0;APARTMENT;4.0;5.284
Rua Augusta;Consolação;São Paulo;-23.551762;-46.65139;35.0;1;1.0;APARTMENT;2.9;3.55
Avenida Aratãs;Moema;São Paulo;-23.609845;-46.662535;135.0;3;2.0;APARTMENT;2.8;4.7
Rua Monte Alegre;Perdizes;São Paulo;-23.538315;-46.67025;63.0;2;1.0;APARTMENT;2.5;3.3
Rua Bela Cintra;Jardim América;São Paulo;-23.561691;-46.667366;250.0;3;4.0;APARTMENT;16.0;20.479
Rua das Rosas;Mirandópolis;São Paulo;-23.606662;-46.640888;65.0;2;1.0;APARTMENT;2.2;2.987
Rua Tuiuti;Tatuapé;São Paulo;-23.548055;-46.574461;75.0;3;1.0;APARTMENT;1.88;2.58
Rua Manuel Henrique Lopes;Pinheiros;São Paulo;-23.555968;-46.695551;50.0;2;1.0;APARTMENT;2.0;2.45
Rua Doutor Miranda de Azevedo;Perdizes;São Paulo;-23.535346;-46.694889;65.0;2;2.0;APARTMENT;1.85;3.0
Rua Professor Arnaldo João Semeraro;Jardim Santa Emília;São Paulo;-23.651844;-46.601045;63.0;2;1.0;APARTMENT;990.0;1.394
Rua Quatá;Vila Olímpia;São Paulo;-23.59951;-46.674484;47.0;1;1.0;APARTMENT;2.5;3.126
Avenida São João;Centro;São Paulo;-23.538882;-46.64695;43.0;1;1.0;APARTMENT;2.1;2.7
Rua Cubatão;Vila Mariana;São Paulo;-23.581338;-46.641036;45.0;1;1.0;APARTMENT;1.8;2.588
Rua Álvares de Azevedo;Vila Sofia;São Paulo;-23.658151;-46.693588;85.0;3;2.0;APARTMENT;3.0;3.62
Alameda Itu;Jardim América;São Paulo;-23.557931;-46.666456;105.0;3;2.0;APARTMENT;9.0;10.9
Rua Heitor Peixoto;Cambuci;São Paulo;-23.576063;-46.619356;68.0;2;2.0;APARTMENT;3.32;4.22
Rua Conde de Itu;Santo Amaro;São Paulo;-23.646799;-46.703721;47.0;1;1.0;APARTMENT;2.25;2.633
Rua Alexandre Benois;Vila Andrade;São Paulo;-23.633149;-46.738124;46.0;2;1.0;APARTMENT;1.67;2.27
Rua Doutor Luiz Migliano;Jardim Vazani;São Paulo;-23.610634;-46.744077;65.0;3;1.0;APARTMENT;1.7;2.165
Rua Darwin;Santo Amaro;São Paulo;-23.653355;-46.697719;62.0;2;1.0;APARTMENT;2.0;2.436
Rua Alexandre Leví;Cambuci;São Paulo;-23.558645;-46.621218;68.0;2;1.0;APARTMENT;2.3;2.8
Avenida Rouxinol;Moema;São Paulo;-23.601752;-46.672349;247.0;4;3.0;APARTMENT;9.0;12.25
Rua Cristiano Viana;Pinheiros;São Paulo;-23.56072;-46.67627;135.0;3;1.0;APARTMENT;3.5;4.6
Rua Agrimensor Sugaya;Colonia - Zona Leste;São Paulo;-23.558743;-46.431808;47.0;2;1.0;APARTMENT;1.2;1.505
Rua Nicolau Ancona Lopez;Cambuci;São Paulo;-23.560135;-46.617675;58.0;1;0.0;APARTMENT;1.028;1.178
Rua Carlos Weber;Vila Leopoldina;São Paulo;-23.533111;-46.72586;64.0;3;1.0;APARTMENT;2.3;3.25
Avenida do Rio Pequeno;Rio Pequeno;São Paulo;-23.565822;-46.752027;84.0;2;1.0;APARTMENT;1.2;1.3
Rua Professor Fábio Fanucchi;Água Fria;São Paulo;-23.493177;-46.614943;50.0;1;0.0;APARTMENT;1.3;1.493
Rua Canuto Saraiva;Móoca;São Paulo;-23.562676;-46.602273;63.0;2;1.0;APARTMENT;1.75;2.33
Rua João Moura;Pinheiros;São Paulo;-23.56214;-46.67643;78.0;3;1.0;APARTMENT;3.6;4.4
Rua Doutor Fadlo Haidar;Vila Olímpia;São Paulo;-23.596128;-46.674463;130.0;3;2.0;APARTMENT;12.0;13.45
Rua Doutor Tomás Catunda;Vila Romana;São Paulo;-23.542132;-46.694916;69.0;2;1.0;APARTMENT;2.025;2.945
Rua Barão do Bananal;Pompeia;São Paulo;-23.526349;-46.684165;70.0;2;1.0;APARTMENT;2.3;3.262
Avenida Doutor Gastão Vidigal;Vila Leopoldina;São Paulo;-23.529032;-46.739765;94.0;2;2.0;APARTMENT;3.5;4.39
Rua Padre Lebret;Morumbi;São Paulo;-23.601462;-46.716131;75.0;2;2.0;APARTMENT;3.1;4.217
Rua Cardeal Arcoverde;Pinheiros;São Paulo;-23.555859;-46.679169;60.0;2;1.0;APARTMENT;4.95;5.85
Rua João Álvares Correia;Vila Mariana;São Paulo;-23.592063;-46.622206;50.0;1;1.0;APARTMENT;2.5;3.28
Rua Dianópolis;Móoca;São Paulo;-23.57981;-46.591884;60.0;1;1.0;APARTMENT;1.11;1.61
Rua Charles Spencer Chaplin;Vila Andrade;São Paulo;-23.623643;-46.7351;58.0;1;2.0;APARTMENT;2.95;3.66
Rua Carlos Weber;Vila Leopoldina;São Paulo;-23.52602;-46.731455;88.0;3;2.0;APARTMENT;3.3;3.95
Rua Alegria;Brás;São Paulo;-23.549399;-46.616409;40.0;1;1.0;APARTMENT;1.75;1.97
Rua Vilela;Tatuapé;São Paulo;-23.536834;-46.567225;69.0;2;1.0;APARTMENT;2.4;2.947
Rua Dias de Toledo;Saúde;São Paulo;-23.615425;-46.636389;42.0;1;1.0;APARTMENT;1.9;2.309
Rua Doutor Carlos Augusto de Campos;Santo Amaro;São Paulo;-23.64774;-46.706633;111.0;3;2.0;APARTMENT;2.65;3.63
Rua Pretória;Vila Formosa;São Paulo;-23.560425;-46.550809;55.0;2;1.0;APARTMENT;2.7;3.217
Rua Maria Bucalém Haddad;Ipiranga;São Paulo;-23.600228;-46.62069;80.0;3;2.0;APARTMENT;2.73;3.544
Rua Coelho de Carvalho;Alto da Lapa;São Paulo;-23.536681;-46.716671;110.0;2;2.0;APARTMENT;5.0;5.85
Rua Vinte e Quatro de Maio;Centro;São Paulo;-23.543623;-46.640101;44.0;1;0.0;APARTMENT;1.26;1.737
Rua do Oratório;Alto da Mooca;São Paulo;-23.568463;-46.583063;80.0;3;1.0;APARTMENT;2.095;2.875
Rua Gabriele D'Annunzio;Campo Belo;São Paulo;-23.623018;-46.67591;38.0;1;1.0;APARTMENT;2.76;3.21
Rua Liestal;Mandaqui;São Paulo;-23.473264;-46.643289;55.0;2;1.0;APARTMENT;1.35;1.81
Rua Ministro Godói;Perdizes;São Paulo;-23.535032;-46.669497;45.0;1;1.0;APARTMENT;2.2;2.974
Rua Ourânia;Vila Madalena;São Paulo;-23.552942;-46.69789;70.0;2;2.0;APARTMENT;5.0;6.4
Rua Toninhas;Vila Gea;São Paulo;-23.673826;-46.689531;50.0;2;1.0;APARTMENT;1.22;1.34
Rua Newton Prado;Bom Retiro;São Paulo;-23.525726;-46.639478;52.0;1;0.0;APARTMENT;1.3;1.65
Rua Voluntários da Pátria;Santana;São Paulo;-23.493558;-46.626148;42.0;1;2.0;APARTMENT;1.75;2.345
Rua Conde de Itu;Santo Amaro;São Paulo;-23.647963;-46.701986;47.0;1;1.0;APARTMENT;2.849;3.299
Avenida Napoleão;Vila Nova Savoia;São Paulo;-23.540358;-46.51677;60.0;2;1.0;APARTMENT;1.104;1.636
Avenida Santa Catarina;Vila Mascote;São Paulo;-23.648653;-46.66167;67.0;2;1.0;APARTMENT;2.8;3.4
Rua Oscar Freire;Cerqueira César;São Paulo;-23.565818;-46.665285;156.0;2;1.0;APARTMENT;7.0;8.6
Rua Maria Antônia;Santa Cecília;São Paulo;-23.547431;-46.649455;73.0;2;1.0;APARTMENT;2.6;3.682
Rua Professor Brito Machado;Itaquera;São Paulo;-23.536984;-46.448601;70.0;3;1.0;APARTMENT;1.5;1.9
Rua Hortolândia;Pirituba;São Paulo;-23.47285;-46.719157;65.0;2;1.0;APARTMENT;1.2;1.578
Rua Baltazar Lisboa;Vila Mariana;São Paulo;-23.584263;-46.63037;55.0;2;1.0;APARTMENT;2.0;2.8
Rua Bruxelas;Sumaré;São Paulo;-23.541948;-46.682163;75.0;2;1.0;APARTMENT;2.2;3.158
Rua Paim;Consolação;São Paulo;-23.553679;-46.65123;60.0;1;1.0;APARTMENT;4.25;5.0
Rua Henri Dunant;Chácara Santo Antônio;São Paulo;-23.627423;-46.698967;53.0;1;1.0;APARTMENT;3.5;4.23
Alameda Ministro Rocha Azevedo;Cerqueira César;São Paulo;-23.56347;-46.661571;55.0;1;1.0;APARTMENT;6.5;7.302
Rua Cipriano Barata;Ipiranga;São Paulo;-23.570997;-46.606246;60.0;2;1.0;APARTMENT;2.1;2.595
Rua General Leite de Castro;Jardim Santa Emília;São Paulo;-23.639584;-46.59474;70.0;3;1.0;APARTMENT;1.02;1.676
Rua Dona Vitu Giorgi;Morumbi;São Paulo;-23.606028;-46.724208;52.0;2;1.0;APARTMENT;1.15;1.7
Rua Coriolano;Vila Romana;São Paulo;-23.525484;-46.703522;58.0;2;1.0;APARTMENT;2.1;2.908
Rua Bruno Cavalcanti Feder;Vila Prudente;São Paulo;-23.592804;-46.581888;50.0;2;1.0;APARTMENT;1.25;1.587
Avenida Miguel Frias e Vasconcelos;Jaguaré;São Paulo;-23.552225;-46.742957;78.0;3;1.0;APARTMENT;2.3;2.9
Rua Doutor Ricardo Daunt;Vila Monumento;São Paulo;-23.571199;-46.609213;75.0;3;0.0;APARTMENT;2.1;2.1
Rua Joaquim Murtinho;Bom Retiro;São Paulo;-23.52724;-46.636496;54.0;2;1.0;APARTMENT;2.3;2.9
Avenida Deputado Emílio Carlos;Limão;São Paulo;-23.478664;-46.672716;49.0;2;1.0;APARTMENT;2.0;2.458
Avenida João XXIII;Vila Formosa;São Paulo;-23.572418;-46.53542;175.0;4;3.0;APARTMENT;2.73;3.83
Rua Capiacaci;Penha De Franca;São Paulo;-23.530055;-46.540843;58.0;2;0.0;APARTMENT;1.4;1.4
Rua Paulistânia;Vila Madalena;São Paulo;-23.546659;-46.692003;40.0;1;1.0;APARTMENT;3.5;4.056
Rua Alencar Araripe;Sacomã;São Paulo;-23.617278;-46.596441;50.0;2;0.0;APARTMENT;1.65;2.15
Rua Borges Lagoa;Vila Clementino;São Paulo;-23.596795;-46.641835;50.0;2;1.0;APARTMENT;2.99;3.488
Travessa Vila Nilo;Aclimação;São Paulo;-23.571485;-46.636985;74.0;2;2.0;APARTMENT;7.5;8.2
Avenida Brigadeiro Luís Antônio;Bela Vista;São Paulo;-23.564822;-46.64684;110.0;3;1.0;APARTMENT;3.3;4.113
Rua Mário Whately;Alto da Lapa;São Paulo;-23.534629;-46.718062;76.0;3;1.0;APARTMENT;2.0;2.701
Rua Maria Otília;Tatuapé;São Paulo;-23.553206;-46.567698;40.0;1;1.0;APARTMENT;2.3;2.79
Rua Ferreira de Araújo;Pinheiros;São Paulo;-23.566533;-46.698531;67.0;2;2.0;APARTMENT;6.0;6.83
Rua Campevas;Sumaré;São Paulo;-23.540141;-46.678108;50.0;1;0.0;APARTMENT;1.9;2.1
Rua Delmira Ferreira;Ipiranga;São Paulo;-23.601601;-46.616922;127.0;3;2.0;APARTMENT;5.5;6.28
Alameda Franca;Jardim Paulista;São Paulo;-23.559315;-46.665899;101.0;1;2.0;APARTMENT;5.25;6.455
Alameda Joaquim Eugênio de Lima;Jardins;São Paulo;-23.567686;-46.652115;81.0;2;2.0;APARTMENT;6.0;7.1
Rua Girassol;Vila Madalena;São Paulo;-23.546278;-46.694569;84.0;3;2.0;APARTMENT;3.7;4.8
Rua Hipódromo;Móoca;São Paulo;-23.546174;-46.609265;43.0;2;0.0;APARTMENT;1.8;2.13
Rua Nanuque;Vila Leopoldina;São Paulo;-23.528431;-46.728348;55.0;2;1.0;APARTMENT;1.9;2.46
Avenida Santa Inês;Mandaqui;São Paulo;-23.476868;-46.632055;71.0;3;2.0;APARTMENT;1.498;2.278
Rua Ivaí;Tatuapé;São Paulo;-23.532868;-46.580085;107.0;3;2.0;APARTMENT;5.0;5.595
Rua São Benedito;Alto Da Boa Vista;São Paulo;-23.632654;-46.690761;148.0;3;3.0;APARTMENT;10.5;11.7
Avenida Corifeu de Azevedo Marques;Jaguaré;São Paulo;-23.556269;-46.750317;57.0;2;1.0;APARTMENT;1.53;2.041
Rua Apaura;Ermelino Matarazzo;São Paulo;-23.488219;-46.503182;45.0;2;1.0;APARTMENT;1.0;1.341
Rua Clímaco Barbosa;Cambuci;São Paulo;-23.56518;-46.61585;35.0;1;1.0;APARTMENT;1.8;2.15
Rua Aimberê;Perdizes;São Paulo;-23.541014;-46.683852;45.0;1;1.0;APARTMENT;2.1;2.86
Praça da República;República;São Paulo;-23.542725;-46.643399;39.0;1;1.0;APARTMENT;2.6;3.25
Rua Alvorada;Vila Olímpia;São Paulo;-23.6053;-46.676023;60.0;2;1.0;APARTMENT;3.5;4.43
Rua Paulo Franco;Vila Leopoldina;São Paulo;-23.531943;-46.728849;98.0;2;2.0;APARTMENT;3.0;4.074
Avenida Diógenes Ribeiro de Lima;Lapa;São Paulo;-23.534667;-46.718804;92.0;3;2.0;APARTMENT;3.5;4.27
Avenida Higienópolis;Higienópolis;São Paulo;-23.545338;-46.652289;45.0;1;1.0;APARTMENT;2.7;3.818
Rua Evangelina;Vila Carrão;São Paulo;-23.544229;-46.541322;150.0;3;2.0;APARTMENT;3.24;4.44
Rua Humberto I;Vila Mariana;São Paulo;-23.587888;-46.640677;83.0;2;1.0;APARTMENT;2.2;3.115
Avenida Nova Cantareira;Tucuruvi;São Paulo;-23.46147;-46.615366;92.0;2;1.0;APARTMENT;1.4;2.003
Rua Professor Sousa Barros;Santa Cecília;São Paulo;-23.629384;-46.644139;37.0;1;1.0;APARTMENT;1.6;2.1
Rua Floresto Bandecchi;Jaguaré;São Paulo;-23.544276;-46.753322;53.0;2;1.0;APARTMENT;1.25;1.72
Rua Guaipá;Alto da Lapa;São Paulo;-23.520972;-46.726579;149.0;3;3.0;APARTMENT;4.7;6.5
Rua dos Americanos;Barra Funda;São Paulo;-23.522757;-46.655493;65.0;2;2.0;APARTMENT;2.65;3.35
Rua Kobe;Jardim Japão;São Paulo;-23.498143;-46.576105;50.0;2;1.0;APARTMENT;1.4;1.4
Rua Manoel Dutra;Bela Vista;São Paulo;-23.555605;-46.647002;74.0;2;0.0;APARTMENT;2.395;2.396
Praça General Gentil Falcão;Brooklin;São Paulo;-23.605446;-46.694721;65.0;2;1.0;APARTMENT;2.71;3.51
Avenida Cotovia;Indianópolis;São Paulo;-23.60792;-46.67012;80.0;2;1.0;APARTMENT;6.0;6.767
Rua Tamoios;Jardim Aeroporto;São Paulo;-23.631285;-46.663296;89.0;3;1.0;APARTMENT;1.5;2.05
Avenida Nossa Senhora do Sabará;Campo Grande;São Paulo;-23.670189;-46.688609;72.0;3;1.0;APARTMENT;2.1;2.756
Rua Comendador Vicente Lentini;Liberdade;São Paulo;-23.563114;-46.63015;80.0;1;0.0;APARTMENT;1.497;2.147
Rua Ministro Romeiro Neto;Vila Roque;São Paulo;-23.481747;-46.652815;59.0;2;1.0;APARTMENT;850.0;1.596
Rua Joaquim Távora;Vila Mariana;São Paulo;-23.586884;-46.64423;93.0;3;2.0;APARTMENT;4.5;4.5
Avenida Fagundes Filho;Saúde;São Paulo;-23.626564;-46.635503;86.0;3;2.0;APARTMENT;3.2;3.2
Rua Iara;Itaim Bibi;São Paulo;-23.585493;-46.674527;146.0;3;2.0;APARTMENT;12.8;14.3
Rua Raul Pompéia;Pompeia;São Paulo;-23.534559;-46.691029;93.0;3;2.0;APARTMENT;3.5;4.35
Rua Barão do Triunfo;Brooklin;São Paulo;-23.623935;-46.6833;50.0;1;1.0;APARTMENT;3.0;3.0
Rua Maraã;Vila Medeiros;São Paulo;-23.498758;-46.589842;47.0;2;1.0;APARTMENT;1.445;1.456
Rua Adalberto Kemeny;Barra Funda;São Paulo;-23.520233;-46.676002;50.0;1;1.0;APARTMENT;2.249;2.949
Rua Francisco Leitão;Pinheiros;São Paulo;-23.55927;-46.683024;58.0;1;1.0;APARTMENT;3.5;4.4
Avenida Pompéia;Pompeia;São Paulo;-23.535633;-46.689227;34.0;1;1.0;APARTMENT;2.65;3.14
Rua Doutor Albuquerque Lins;Santa Cecília;São Paulo;-23.534813;-46.656062;70.0;2;1.0;APARTMENT;3.0;3.624
Rua dos Pinheiros;Pinheiros;São Paulo;-23.567446;-46.687353;87.0;2;0.0;APARTMENT;4.0;4.38
Avenida Interlagos;Jardim Marajoara;São Paulo;-23.670336;-46.678553;63.0;3;1.0;APARTMENT;2.3;2.3
Rua Faustolo;Vila Romana;São Paulo;-23.523676;-46.693827;61.0;2;2.0;APARTMENT;2.99;3.75
Rua da Consolação;Cerqueira César;São Paulo;-23.558046;-46.664988;110.0;2;1.0;APARTMENT;3.2;4.306
Rua Marcos Lopes;Vila Nova Conceição;São Paulo;-23.596674;-46.671117;76.0;1;2.0;APARTMENT;7.7;7.7
Rua Professor João Machado;Freguesia do Ó;São Paulo;-23.497949;-46.704383;110.0;2;1.0;APARTMENT;2.3;2.65
Avenida Fagundes Filho;Saúde;São Paulo;-23.627114;-46.63433;63.0;2;1.0;APARTMENT;2.5;2.5
Rua Botelho;Saúde;São Paulo;-23.636279;-46.639254;72.0;2;2.0;APARTMENT;2.2;2.913
Rua Trajano Reis;Butantã;São Paulo;-23.58763;-46.739543;70.0;3;1.0;APARTMENT;1.972;2.532
Rua Carlos Weber;Vila Leopoldina;São Paulo;-23.525486;-46.732214;114.0;3;2.0;APARTMENT;4.3;5.25
Rua Graúna;Moema;São Paulo;-23.601339;-46.670874;110.0;3;1.0;APARTMENT;4.5;5.79
Rua Cardeal Arcoverde;Pinheiros;São Paulo;-23.563334;-46.690757;50.0;1;0.0;APARTMENT;1.9;1.9
Rua Coronel Luís Barroso;Santo Amaro;São Paulo;-23.645516;-46.703472;33.0;1;1.0;APARTMENT;2.1;2.731
Rua Jaguaré;Jaguaré;São Paulo;-23.552831;-46.745199;69.0;2;2.0;APARTMENT;1.6;2.304
Rua Marina Crespi;Móoca;São Paulo;-23.55736;-46.604684;86.0;2;1.0;APARTMENT;3.3;3.819
Rua da Graça;Bom Retiro;São Paulo;-23.528003;-46.639507;90.0;2;0.0;APARTMENT;1.65;1.855
Rua Nestor Pestana;Consolação;São Paulo;-23.547771;-46.645441;62.0;2;0.0;APARTMENT;3.9;4.295
Rua Guaranésia;Vila Maria;São Paulo;-23.514171;-46.587631;50.0;2;0.0;APARTMENT;1.4;1.6
Rua Francisco Luiz de Souza Júnior;Água Branca;São Paulo;-23.513326;-46.68908;45.0;2;0.0;APARTMENT;1.4;1.73
Rua Professor Tamandaré Toledo;Itaim Bibi;São Paulo;-23.583333;-46.674619;50.0;1;1.0;APARTMENT;4.47;5.507
Rua Isaac Krasilchik;Jardim das Perdizes;São Paulo;-23.520449;-46.68376;202.0;3;3.0;APARTMENT;13.0;13.0
Rua Geraldo de Mendonça Mello;Jardim Marajoara;São Paulo;-23.670425;-46.69025;106.0;3;2.0;APARTMENT;3.5;4.3
Rua Áureliano Coutinho;Santa Cecília;São Paulo;-23.541115;-46.652923;98.0;2;1.0;APARTMENT;2.4;3.23
Rua Aurora;Centro;São Paulo;-23.540902;-46.641599;38.0;1;0.0;APARTMENT;1.8;2.191
Rua Huitacá;Jardim da Campina;São Paulo;-23.665867;-46.681048;84.0;3;1.0;APARTMENT;1.55;2.32
Avenida Parada Pinto;Vila Nova Cachoeirinha;São Paulo;-23.474145;-46.667356;55.0;2;0.0;APARTMENT;1.6;2.05
Parque Domingos Luís;Jardim São Paulo;São Paulo;-23.493277;-46.61729;71.0;2;2.0;APARTMENT;2.2;2.2
Rua Forte William;Panamby;São Paulo;-23.62864;-46.720689;70.0;1;1.0;APARTMENT;3.8;4.4
Rua Carlos Camargo Aranha;Jardim São Paulo;São Paulo;-23.492029;-46.619038;74.0;2;1.0;APARTMENT;3.8;3.8
Avenida Engenheiro Luís Carlos Berrini;Brooklin;São Paulo;-23.607496;-46.693441;70.0;1;1.0;APARTMENT;3.8;4.57
Rua Filipe Camarão;Tatuapé;São Paulo;-23.539772;-46.579627;50.0;1;1.0;APARTMENT;2.2;2.67
Rua Natingui;Vila Madalena;São Paulo;-23.554755;-46.696877;56.0;1;1.0;APARTMENT;3.8;4.75
Rua Francisco Cruz;Vila Mariana;São Paulo;-23.589702;-46.634638;40.0;1;1.0;APARTMENT;2.5;2.887
Avenida Brigadeiro Luís Antônio;Bela Vista;São Paulo;-23.564516;-46.646699;110.0;3;1.0;APARTMENT;3.3;4.113
Rua Conselheiro Moreira de Barros;Santana;São Paulo;-23.482573;-46.64701;84.0;2;1.0;APARTMENT;1.65;2.2
Rua dos Franceses;Bela Vista;São Paulo;-23.56259;-46.648147;116.0;3;1.0;APARTMENT;3.5;4.466
Rua Joaquim Távora;Vila Mariana;São Paulo;-23.584455;-46.638041;77.0;3;2.0;APARTMENT;3.1;3.85
Rua Newton Prado;Bom Retiro;São Paulo;-23.524548;-46.639959;70.0;2;1.0;APARTMENT;1.7;2.407
Rodovia Anchieta;Vila Moinho Velho;São Paulo;-23.613422;-46.60045;71.0;2;1.0;APARTMENT;1.1;1.765
Avenida Portugal;Brooklin;São Paulo;-23.618623;-46.685513;53.0;1;1.0;APARTMENT;2.8;3.58
Rua dos Caetés;Perdizes;São Paulo;-23.541018;-46.677473;135.0;2;1.0;APARTMENT;3.6;4.96
Avenida Chibarás;Moema;São Paulo;-23.602397;-46.659993;306.0;4;5.0;APARTMENT;16.0;21.256
Rua Frederico Abranches;Vila Buarque;São Paulo;-23.539319;-46.650896;35.0;1;1.0;APARTMENT;1.7;2.34
Rua Marcelo Muller;Vila Prudente;São Paulo;-23.591385;-46.558458;57.0;2;1.0;APARTMENT;1.7;2.15
Rua Humberto I;Vila Mariana;São Paulo;-23.58848;-46.639858;30.0;1;0.0;APARTMENT;2.7;3.2
Rua Pamplona;Jardim Paulista;São Paulo;-23.566381;-46.656367;57.0;1;1.0;APARTMENT;4.7;6.3
Rua Jaguaré;Jaguaré;São Paulo;-23.552576;-46.745049;74.0;3;2.0;APARTMENT;2.0;2.65
Rua Isabel de Castela;Vila Madalena;São Paulo;-23.55359;-46.698268;72.0;1;2.0;APARTMENT;5.5;6.4
Rua Moliére;Vila Sofia;São Paulo;-23.658196;-46.692694;95.0;3;2.0;APARTMENT;2.9;3.6
Rua Apeninos;Paraíso;São Paulo;-23.570439;-46.639095;60.0;1;0.0;APARTMENT;1.75;2.33
Rua Alvorada;Vila Olímpia;São Paulo;-23.601978;-46.680931;28.0;1;1.0;APARTMENT;4.254;4.904
Rua Capitão Militão;Água Rasa;São Paulo;-23.576634;-46.561391;60.0;2;1.0;APARTMENT;1.8;2.38
Rua Henri Dunant;Santo Amaro;São Paulo;-23.627548;-46.699258;53.0;1;2.0;APARTMENT;3.4;4.13
Rua Deputado João Sussumu Hirata;Panamby;São Paulo;-23.627931;-46.732186;72.0;2;2.0;APARTMENT;2.2;3.14
Rua Rui Martins;Móoca;São Paulo;-23.563402;-46.586488;70.0;2;0.0;APARTMENT;1.3;2.0
Rua Caramuru;Saúde;São Paulo;-23.613302;-46.634662;123.0;4;3.0;APARTMENT;6.5;7.39
Rua Gomes de Carvalho;Vila Olímpia;São Paulo;-23.594817;-46.689244;67.0;1;1.0;APARTMENT;6.5;7.57
Rua Duque Costa;Jardim Marajoara;São Paulo;-23.659274;-46.69028;75.0;3;2.0;APARTMENT;1.7;2.458
Rua Cantagalo;Tatuapé;São Paulo;-23.546391;-46.5697;88.0;3;0.0;APARTMENT;2.3;3.15
Rua Cubatão;Paraíso;São Paulo;-23.579417;-46.642182;82.0;2;1.0;APARTMENT;2.9;3.76
Rua Santa Rosa Júnior;Butantã;São Paulo;-23.570793;-46.712693;42.0;1;1.0;APARTMENT;2.0;2.61
Avenida Lacerda Franco;Cambuci;São Paulo;-23.572603;-46.624399;49.0;2;0.0;APARTMENT;1.2;1.7
Rua Lisboa;Pinheiros;São Paulo;-23.559827;-46.679938;44.0;1;2.0;APARTMENT;4.0;4.56
Avenida Lins de Vasconcelos;Vila Mariana;São Paulo;-23.588275;-46.630847;120.0;3;2.0;APARTMENT;4.5;5.7
Rua Mamoré;Bom Retiro;São Paulo;-23.526074;-46.641344;50.0;1;0.0;APARTMENT;1.1;1.63
Rua Geneve;Mandaqui;São Paulo;-23.479113;-46.647938;47.0;2;1.0;APARTMENT;1.5;1.832
Rua Voluntários da Pátria;Santana;São Paulo;-23.492441;-46.62595;42.0;1;1.0;APARTMENT;1.4;1.899
Rua Professor Carlos de Carvalho;Itaim Bibi;São Paulo;-23.583955;-46.679929;45.0;1;1.0;APARTMENT;2.56;3.158
Rua Alexandre Benois;Vila Andrade;São Paulo;-23.636582;-46.738281;50.0;1;2.0;APARTMENT;1.43;1.86
Rua Emílio Mallet;Tatuapé;São Paulo;-23.546025;-46.563851;93.0;3;2.0;APARTMENT;2.2;3.115
Alameda dos Jurupis;Moema;São Paulo;-23.609142;-46.664129;51.0;1;1.0;APARTMENT;5.88;6.195
Rua Voluntários da Pátria;Santana;São Paulo;-23.486742;-46.62809;100.0;3;1.0;APARTMENT;2.2;3.23
Rua Vergueiro;Vila Mariana;São Paulo;-23.587369;-46.634191;44.0;1;1.0;APARTMENT;2.1;2.75
Rua Raul Pompéia;Pompeia;São Paulo;-23.534185;-46.690926;72.0;3;2.0;APARTMENT;2.9;3.7
Rua Apucarana;Tatuapé;São Paulo;-23.549547;-46.562601;252.0;4;4.0;APARTMENT;9.0;9.0
Rua Cabo Estácio da Conceição;Parque Maria Helena;São Paulo;-23.662753;-46.765968;55.0;2;1.0;APARTMENT;1.15;1.5
Rua Duarte de Azevedo;Santana;São Paulo;-23.501295;-46.619748;44.0;1;1.0;APARTMENT;2.1;2.728
Avenida Cotovia;Moema;São Paulo;-23.604817;-46.674339;105.0;3;2.0;APARTMENT;6.4;7.66
Rua Coronel Joaquim Ferreira Lobo;Vila Nova Conceição;São Paulo;-23.593657;-46.682495;36.0;1;1.0;APARTMENT;3.7;4.5
Avenida Brigadeiro Luís Antônio;Jardim Paulista;São Paulo;-23.570812;-46.652309;110.0;1;1.0;APARTMENT;2.0;2.765
Rua Forte William;Jardim Fonte do Morumbi;São Paulo;-23.629511;-46.719754;160.0;3;4.0;APARTMENT;4.0;5.873
Rua Afonso Pena;Bom Retiro;São Paulo;-23.526529;-46.633061;43.0;2;0.0;APARTMENT;1.6;1.819
Avenida Nove de Julho;Consolação;São Paulo;-23.562339;-46.656132;134.0;2;0.0;APARTMENT;3.7;4.593
Rua Almirante Noronha;Água Fria;São Paulo;-23.488435;-46.617317;75.0;2;1.0;APARTMENT;1.0;2.19
Rua Francisco Dias Velho;Brooklin;São Paulo;-23.620798;-46.684402;102.0;2;2.0;APARTMENT;6.5;7.574
Rua Jorge Tibiriçá;Vila Mariana;São Paulo;-23.597866;-46.634151;50.0;2;1.0;APARTMENT;2.7;3.55
Rua Pantaleão Brás;Jardim Ester Yolanda;São Paulo;-23.582247;-46.763351;65.0;2;1.0;APARTMENT;1.3;1.783
Rua José Antônio Coelho;Vila Mariana;São Paulo;-23.579936;-46.642448;113.0;3;3.0;APARTMENT;6.5;7.303
Rua Theófilo Azambuja;Jaragua;São Paulo;-23.457497;-46.743813;43.0;2;1.0;APARTMENT;1.3;1.66
Rua Barão do Triunfo;Brooklin;São Paulo;-23.625385;-46.684114;48.0;1;1.0;APARTMENT;3.29;3.64
Rua Doutor Albuquerque Lins;Santa Cecília;São Paulo;-23.541495;-46.658933;40.0;2;1.0;APARTMENT;2.5;3.46
Avenida Eliseu de Almeida;Jardim Previdência;São Paulo;-23.579075;-46.719606;68.0;3;1.0;APARTMENT;4.5;5.0
Rua Roque Giangrande Filho;Jardim Marajoara;São Paulo;-23.664242;-46.686871;52.0;2;1.0;APARTMENT;1.3;1.95
Avenida Padre Lebret;Morumbi;São Paulo;-23.601407;-46.717567;45.0;1;0.0;APARTMENT;2.8;3.5
Rua Casa do Ator;Vila Olímpia;São Paulo;-23.597727;-46.681965;57.0;2;1.0;APARTMENT;2.8;3.682
Rua Pantojo;Tatuapé;São Paulo;-23.557057;-46.575573;108.0;3;2.0;APARTMENT;2.2;3.45
Rua Traituba;Saúde;São Paulo;-23.613041;-46.632416;37.0;1;1.0;APARTMENT;2.2;2.589
Rua José de Jesus;Morumbi;São Paulo;-23.610492;-46.734817;80.0;3;2.0;APARTMENT;2.06;3.05
Alameda Eduardo Prado;Bom Retiro;São Paulo;-23.52922;-46.646986;70.0;2;0.0;APARTMENT;1.58;1.98
Rua Tamandaré;Liberdade;São Paulo;-23.564857;-46.635212;120.0;3;3.0;APARTMENT;5.5;6.5
Rua Califórnia;Brooklin;São Paulo;-23.611801;-46.684159;115.0;2;2.0;APARTMENT;4.3;5.7
Rua Eugênio de Medeiros;Pinheiros;São Paulo;-23.568702;-46.700217;34.0;1;2.0;APARTMENT;4.0;4.42
Alameda Lorena;Jardim América;São Paulo;-23.566304;-46.663203;95.0;2;1.0;APARTMENT;4.3;5.4
Rua Itapiru;Saúde;São Paulo;-23.61851;-46.63423;62.0;2;1.0;APARTMENT;1.65;2.51
Rua Diogo Jacome;Moema;São Paulo;-23.5978;-46.667809;68.0;1;1.0;APARTMENT;5.8;6.997
Rua Doutor Alfredo de Castro;Barra Funda;São Paulo;-23.528876;-46.664234;57.0;2;1.0;APARTMENT;2.9;3.5
Rua Mauro de Araújo Ribeiro;Jaragua;São Paulo;-23.453341;-46.748444;50.0;2;1.0;APARTMENT;1.2;1.558
Rua Artur Sabóia;Vila Mariana;São Paulo;-23.577614;-46.637265;108.0;3;2.0;APARTMENT;3.5;4.9
Avenida Jamaris;Moema;São Paulo;-23.605217;-46.66182;90.0;2;2.0;APARTMENT;6.5;6.501
Avenida Francisco Matarazzo;Água Branca;São Paulo;-23.530604;-46.665753;40.0;1;0.0;APARTMENT;1.35;1.704
Rua Pamplona;Jardins;São Paulo;-23.571806;-46.661697;191.0;3;4.0;APARTMENT;8.6;11.3
Rua Gomes de Carvalho;Vila Olímpia;São Paulo;-23.597366;-46.684154;52.0;1;1.0;APARTMENT;4.0;4.8
Rua Professor Sylla Mattos;Jardim Santa Emília;São Paulo;-23.640961;-46.600359;78.0;3;0.0;APARTMENT;1.25;1.55
Rua Conceição Ales;Belém;São Paulo;-23.538282;-46.593159;115.0;3;2.0;APARTMENT;2.35;3.15
Alameda Franca;Jardim América;São Paulo;-23.559315;-46.665899;104.0;3;2.0;APARTMENT;5.6;6.806
Rua Sebastião Gil;Pinheiros;São Paulo;-23.567165;-46.691846;38.0;1;1.0;APARTMENT;3.0;3.845
Rua Coronel Rodovalho;Penha De Franca;São Paulo;-23.527387;-46.55101;72.0;2;0.0;APARTMENT;1.0;1.6
Rua Padre Manuel Luís de Vergueiro;Jardim Vila Formosa;São Paulo;-23.574368;-46.516617;45.0;2;1.0;APARTMENT;1.3;1.3
Rua Arizona;Brooklin;São Paulo;-23.61653;-46.685068;44.0;1;1.0;APARTMENT;3.58;4.03
Rua Quitanduba;Caxingui;São Paulo;-23.580894;-46.717074;75.0;3;2.0;APARTMENT;2.8;3.695
Rua André Campale;Parada Inglesa;São Paulo;-23.486704;-46.607804;40.0;1;0.0;APARTMENT;1.0;1.0
Rua Orlando Pinto Ribeiro;Campo Grande;São Paulo;-23.682586;-46.678661;60.0;2;1.0;APARTMENT;1.5;1.9
Viaduto Onze de Junho;Vila Clementino;São Paulo;-23.601455;-46.644382;70.0;2;1.0;APARTMENT;2.2;3.12
Passagem Franca;Jardim Paulista;São Paulo;-23.562204;-46.663167;132.0;2;1.0;APARTMENT;3.523;4.854
Rua Solidônio Leite;Vila Ema;São Paulo;-23.580897;-46.549114;45.0;1;0.0;APARTMENT;900.0;900.0
Avenida São João;Santa Cecília;São Paulo;-23.538545;-46.64681;65.0;1;0.0;APARTMENT;1.37;1.855
Rua Álvaro de Carvalho;Cerqueira César;São Paulo;-23.54886;-46.641363;42.0;1;1.0;APARTMENT;2.9;3.4
Rua Pascal;Campo Belo;São Paulo;-23.624231;-46.667183;35.0;1;1.0;APARTMENT;3.0;3.551
Rua Henri Dunant;Brooklin;São Paulo;-23.626323;-46.700928;65.0;2;1.0;APARTMENT;6.3;7.3
Rua Míriam;Cambuci;São Paulo;-23.584183;-46.61821;77.0;3;1.0;APARTMENT;1.89;2.2
Rua Henri Dunant;Brooklin;São Paulo;-23.62731;-46.699041;55.0;1;1.0;APARTMENT;3.9;4.645
Rua Joaquim Floriano;Itaim Bibi;São Paulo;-23.584908;-46.676177;78.0;2;1.0;APARTMENT;5.2;6.25
Rua Cipriano Barata;Ipiranga;São Paulo;-23.578196;-46.606633;142.0;3;2.0;APARTMENT;6.5;7.4
Avenida Professor Alfonso Bovero;Perdizes;São Paulo;-23.541099;-46.682359;118.0;4;1.0;APARTMENT;2.8;3.645
Alameda Rio Claro;Bela Vista;São Paulo;-23.561367;-46.652583;230.0;3;2.0;APARTMENT;6.0;7.3
Avenida Leonardo da Vinci;Vila Guarani;São Paulo;-23.637496;-46.63154;100.0;2;1.0;APARTMENT;3.8;4.55
Avenida Leonardo da Vinci;Jabaquara;São Paulo;-23.635876;-46.637921;65.0;2;2.0;APARTMENT;1.5;2.33
Rua Doutor Albuquerque Lins;Santa Cecília;São Paulo;-23.536773;-46.657692;137.0;3;1.0;APARTMENT;5.25;6.374
Rua Marquês de Maricá;Sacomã;São Paulo;-23.613289;-46.59863;50.0;2;1.0;APARTMENT;1.5;1.93
Rua Doutor Jesuíno Maciel;Campo Belo;São Paulo;-23.627008;-46.663253;45.0;1;1.0;APARTMENT;2.66;3.26
Avenida Santo Amaro;Chácara Santo Antônio;São Paulo;-23.6291;-46.689548;109.0;3;2.0;APARTMENT;3.0;4.25
Rua Calógero Calia;Bosque da Saúde;São Paulo;-23.624967;-46.626049;196.0;3;2.0;APARTMENT;4.0;5.522
Rua Leonardo Mota;Vila Indiana;São Paulo;-23.569355;-46.726885;120.0;3;2.0;APARTMENT;3.8;5.15
Rua Marquês de Itu;Santa Cecília;São Paulo;-23.543947;-46.6509;61.0;1;0.0;APARTMENT;2.2;2.769
Rua Indiana;Brooklin;São Paulo;-23.612076;-46.683173;168.0;4;3.0;APARTMENT;11.0;13.4
Rua Doutor Oscar Monteiro de Barros;Morumbi;São Paulo;-23.617599;-46.73476;250.0;3;4.0;APARTMENT;5.0;8.0
Rua Nhu-Guaçu;Campo Belo;São Paulo;-23.626944;-46.666909;60.0;2;1.0;APARTMENT;3.39;4.358
Avenida Rouxinol;Moema;São Paulo;-23.604943;-46.668158;45.0;1;1.0;APARTMENT;2.0;2.86
Rua Caiubi;Pacaembu;São Paulo;-23.541085;-46.67096;123.0;2;1.0;APARTMENT;5.0;6.6
Rua Professor Celso Quirino dos Santos;Vila Sao Francisco;São Paulo;-23.559832;-46.749796;60.0;2;1.0;APARTMENT;1.6;2.3
Rua Cotoxó;Pompeia;São Paulo;-23.534789;-46.686674;102.0;2;1.0;APARTMENT;2.33;3.28
Rua Comendador Vicente Lentini;Cambuci;São Paulo;-23.563114;-46.63015;60.0;1;0.0;APARTMENT;2.3;2.3
Rua Sebastião Gil;Pinheiros;São Paulo;-23.566233;-46.691212;47.0;1;0.0;APARTMENT;1.732;2.121
Rua Itatupa;Panamby;São Paulo;-23.629642;-46.732412;58.0;1;2.0;APARTMENT;2.3;3.4
Rua Arizona;Brooklin;São Paulo;-23.614329;-46.688643;92.0;3;0.0;APARTMENT;5.5;6.347
Alameda Barão de Limeira;Bom Retiro;São Paulo;-23.533532;-46.648306;65.0;2;1.0;APARTMENT;1.797;2.371
Rua Barão de Iguape;Liberdade;São Paulo;-23.558157;-46.628147;55.0;3;0.0;APARTMENT;3.5;3.781
Rua do Reno;Vila Moinho Velho;São Paulo;-23.609614;-46.601286;69.0;2;1.0;APARTMENT;2.37;2.97
Avenida Jacutinga;Moema;São Paulo;-23.601535;-46.667784;66.0;2;1.0;APARTMENT;4.0;5.084
Rua Miguel Sevílio;Rio Pequeno;São Paulo;-23.564531;-46.751457;70.0;2;1.0;APARTMENT;2.1;2.705
Rua Antônio Júlio dos Santos;Morumbi;São Paulo;-23.609057;-46.725363;36.0;1;1.0;APARTMENT;1.1;1.425
Rua das Margaridas;Brooklin;São Paulo;-23.624665;-46.688734;38.0;1;1.0;APARTMENT;2.92;3.32
Rua Tuim;Moema;São Paulo;-23.598117;-46.667297;165.0;3;2.0;APARTMENT;9.2;11.2
Rua Tenente Gelás;Tatuapé;São Paulo;-23.529368;-46.557954;90.0;2;2.0;APARTMENT;1.7;2.6
Rua Professor Arnaldo João Semeraro;Jardim Santa Emília;São Paulo;-23.649437;-46.600061;63.0;3;1.0;APARTMENT;1.08;1.08
Rua José Vicente de Azevedo;Chácara Inglesa;São Paulo;-23.606629;-46.63222;65.0;2;1.0;APARTMENT;2.2;2.95
Rua Florianópolis;Móoca;São Paulo;-23.565927;-46.582827;109.0;3;2.0;APARTMENT;4.54;5.54
Rua Jaceru;Brooklin;São Paulo;-23.62339;-46.69473;51.0;1;1.0;APARTMENT;3.496;4.171
Rua Azevedo Soares;Vila Gomes Cardim;São Paulo;-23.549662;-46.570336;180.0;3;3.0;APARTMENT;4.0;5.61
Rua Wandenkolk;Móoca;São Paulo;-23.554725;-46.623913;63.0;2;1.0;APARTMENT;2.7;2.97
Rua Teixeira de Melo;Tatuapé;São Paulo;-23.538803;-46.57355;70.0;3;1.0;APARTMENT;3.0;3.572
Rua Juventus;Móoca;São Paulo;-23.57146;-46.589988;70.0;2;0.0;APARTMENT;1.45;1.94
Avenida Água Fria;Água Fria;São Paulo;-23.477451;-46.620637;100.0;3;0.0;APARTMENT;1.5;1.5
Rua Edmundo Juventino Fuentes;Vila Ema;São Paulo;-23.584367;-46.536438;73.0;3;1.0;APARTMENT;2.0;2.0
Rua Francisco José da Silva;Vila Andrade;São Paulo;-23.627377;-46.743769;38.0;1;1.0;APARTMENT;2.2;2.7
Rua Vicente Oropallo;Vila Sao Francisco;São Paulo;-23.560901;-46.755452;93.0;3;2.0;APARTMENT;2.7;3.728
Avenida Professor Alceu Maynard Araújo;Vila Cruzeiro;São Paulo;-23.635259;-46.715935;110.0;2;2.0;APARTMENT;4.2;5.289
Praça Cassiano Nogueira;Vila Mariana;São Paulo;-23.588569;-46.626739;31.0;1;1.0;APARTMENT;2.564;3.012
Rua Pinheirinho;Jabaquara;São Paulo;-23.64068;-46.643189;60.0;1;1.0;APARTMENT;1.1;1.672
Rua Doutor Fadlo Haidar;Vila Olímpia;São Paulo;-23.595691;-46.675158;92.0;3;1.0;APARTMENT;3.9;4.925
Rua Franklin do Amaral;Vila Nova Cachoeirinha;São Paulo;-23.475413;-46.658593;44.0;2;1.0;APARTMENT;1.2;1.7
Avenida Sapopemba;Sapopemba;São Paulo;-23.585254;-46.533766;68.0;3;0.0;APARTMENT;1.3;1.842
Rua Barata Ribeiro;Consolação;São Paulo;-23.556485;-46.652356;36.0;1;1.0;APARTMENT;1.4;2.25
Avenida Nicolau Jacinto;Ponte Rasa;São Paulo;-23.525466;-46.483327;56.0;2;0.0;APARTMENT;900.0;1.275
Rua Jardimirim;Santa Teresinha;São Paulo;-23.485256;-46.636572;54.0;2;2.0;APARTMENT;1.9;2.53
Rua Almeida Torres;Aclimação;São Paulo;-23.568258;-46.627831;68.0;2;1.0;APARTMENT;1.5;1.856
Rua Siridó;Vila Antonieta;São Paulo;-23.57028;-46.508204;43.0;2;0.0;APARTMENT;1.2;1.318
Avenida Engenheiro Luiz Carlos Berrini;Brooklin;São Paulo;-23.610773;-46.695148;87.0;2;1.0;APARTMENT;6.5;7.3
Rua Arlindo Veiga dos Santos;Jardim Marajoara;São Paulo;-23.660669;-46.690236;80.0;3;2.0;APARTMENT;2.6;3.38
Rua Tabapuã;Itaim Bibi;São Paulo;-23.582233;-46.671976;52.0;1;1.0;APARTMENT;2.08;2.967
Rua Fernandes Moreira;Chácara Santo Antônio;São Paulo;-23.632398;-46.702495;104.0;3;2.0;APARTMENT;3.8;4.827
Rua Nelson Frank;Jardim Olympia;São Paulo;-23.587811;-46.748378;73.0;3;1.0;APARTMENT;2.2;2.73
Rua Pirineus;Bom Retiro;São Paulo;-23.534323;-46.652914;80.0;2;0.0;APARTMENT;2.001;2.631
Rua Miguel Yunes;Campo Grande;São Paulo;-23.688952;-46.686027;60.0;2;2.0;APARTMENT;1.8;2.39
Rua Joaquim Ferreira;Perdizes;São Paulo;-23.523021;-46.683463;70.0;3;0.0;APARTMENT;2.4;2.65
Rua Teodoro Sampaio;Pinheiros;São Paulo;-23.555528;-46.674256;80.0;2;1.0;APARTMENT;2.1;3.1
Avenida Conceição;Vila Maria;São Paulo;-23.495777;-46.576988;70.0;2;1.0;APARTMENT;1.3;1.55
Avenida Aratãs;Indianópolis;São Paulo;-23.609721;-46.66279;32.0;1;1.0;APARTMENT;4.5;5.0
Avenida Nove de Julho;Consolação;São Paulo;-23.558298;-46.653838;38.0;1;0.0;APARTMENT;1.85;2.143
Rua Mogi Mirim;Alto da Mooca;São Paulo;-23.559157;-46.578389;55.0;2;1.0;APARTMENT;2.2;2.81
Rua Cardeal Arcoverde;Pinheiros;São Paulo;-23.561325;-46.68822;42.0;1;1.0;APARTMENT;3.2;3.94
Avenida Mofarrej;Vila Leopoldina;São Paulo;-23.525434;-46.738462;78.0;3;1.0;APARTMENT;2.8;3.803
Rua Conselheiro Furtado;Aclimação;São Paulo;-23.563104;-46.632691;45.0;1;1.0;APARTMENT;999.0;1.559
Rua Samurais;Vila Maria Alta;São Paulo;-23.509685;-46.581758;130.0;3;2.0;APARTMENT;2.5;3.457
Rua Euclides Pacheco;Tatuapé;São Paulo;-23.547512;-46.567122;56.0;2;1.0;APARTMENT;2.1;2.6
Rua Constantino Sergio;Jardim Palmares;São Paulo;-23.688703;-46.674404;62.0;2;0.0;APARTMENT;1.0;1.0
Rua Itacolomi;Higienópolis;São Paulo;-23.549005;-46.657301;111.0;3;1.0;APARTMENT;5.15;6.25
Rua Barão do Bananal;Pompeia;São Paulo;-23.528565;-46.685335;108.0;3;2.0;APARTMENT;3.5;4.835
Rua Sansão Alves dos Santos;Brooklin;São Paulo;-23.604081;-46.694948;50.0;1;1.0;APARTMENT;3.36;4.14
Rua Jupi;Santo Amaro;São Paulo;-23.646637;-46.712611;45.0;2;0.0;APARTMENT;2.0;2.517
Rua Rodrigues Barbosa;Jardim Anália Franco;São Paulo;-23.553861;-46.571202;141.0;3;2.0;APARTMENT;6.5;7.6
Rua Antônio Olinto;Jabaquara;São Paulo;-23.645676;-46.64981;80.0;3;1.0;APARTMENT;1.7;2.375
Rua Ciro Costa;Perdizes;São Paulo;-23.531774;-46.67518;30.0;1;1.0;APARTMENT;2.49;3.014
Rua Dronsfield;Lapa;São Paulo;-23.519703;-46.703556;53.0;1;0.0;APARTMENT;1.431;1.743
Rua Abílio Soares;Paraíso;São Paulo;-23.574138;-46.64547;50.0;1;0.0;APARTMENT;1.62;2.259
Rua Presidente Prudente;Jardim América;São Paulo;-23.570038;-46.662796;323.0;2;4.0;APARTMENT;15.5;19.35
Rua Genebra;Bela Vista;São Paulo;-23.552675;-46.639531;38.0;1;1.0;APARTMENT;2.9;3.35
Avenida Francisco Matarazzo;Água Branca;São Paulo;-23.525423;-46.680489;128.0;3;2.0;APARTMENT;6.5;7.72
Rua Luiz dos Santos Cabral;Jardim Anália Franco;São Paulo;-23.55419;-46.563684;181.0;4;4.0;APARTMENT;7.0;8.7
Rua Cantagalo;Tatuapé;São Paulo;-23.54635;-46.569454;93.0;2;2.0;APARTMENT;2.7;3.703
Rua Sacadura Cabral;Lapa;São Paulo;-23.521236;-46.711475;247.0;2;4.0;APARTMENT;7.0;8.23
Rua Joel Jorge de Melo;Saúde;São Paulo;-23.601124;-46.633776;93.0;3;2.0;APARTMENT;2.8;3.6
Avenida Cangaíba;Cangaíba;São Paulo;-23.504304;-46.514741;54.0;2;1.0;APARTMENT;1.2;1.58
Rua Pensilvânia;Brooklin;São Paulo;-23.613278;-46.68432;220.0;3;2.0;APARTMENT;7.5;9.09
Rua Marquês de Maricá;Ipiranga;São Paulo;-23.612764;-46.598283;82.0;3;1.0;APARTMENT;2.25;3.0
Rua Uruçuca;Vila Antonina;São Paulo;-23.553645;-46.551222;57.0;2;1.0;APARTMENT;1.5;2.06
Rua da Independência;Cambuci;São Paulo;-23.564244;-46.620184;50.0;1;0.0;APARTMENT;1.5;1.5
Rua Adalberto Kemeny;Barra Funda;São Paulo;-23.520024;-46.675909;59.0;1;2.0;APARTMENT;3.7;4.16
Rua Professor José Horácio Meirelles Teixeira;Morumbi;São Paulo;-23.612248;-46.738682;34.0;1;1.0;APARTMENT;2.4;2.4
Rua Iperoig;Perdizes;São Paulo;-23.53897;-46.678727;92.0;3;1.0;APARTMENT;2.5;3.6
Rua Raul Pompéia;Pompeia;São Paulo;-23.533192;-46.690116;146.0;3;3.0;APARTMENT;5.5;6.9
Largo do Redentor;Aclimação;São Paulo;-23.563592;-46.629764;92.0;3;1.0;APARTMENT;3.0;3.8
Rua Doutor Gabriel dos Santos;Higienópolis;São Paulo;-23.534634;-46.658632;70.0;2;1.0;APARTMENT;1.8;3.05
Avenida Coronel Francisco Júlio César Alfieri;Vila Mascote;São Paulo;-23.656748;-46.670195;65.0;2;0.0;APARTMENT;1.65;2.406
Rua Pageú;Vila Mariana;São Paulo;-23.606244;-46.635422;104.0;3;2.0;APARTMENT;3.5;4.335
Rua Pedro Taques;Consolação;São Paulo;-23.552418;-46.656448;42.0;1;1.0;APARTMENT;2.57;3.3
Rua Presidente Antônio Cândido;Alto da Lapa;São Paulo;-23.533156;-46.715872;142.0;3;2.0;APARTMENT;4.7;6.1
Rua Tucuna;Perdizes;São Paulo;-23.534507;-46.685672;50.0;1;0.0;APARTMENT;2.1;2.643
Rua Trípoli;Vila Leopoldina;São Paulo;-23.5273;-46.733658;52.0;2;1.0;APARTMENT;1.75;2.438
Avenida Doutor Gentil de Moura;Ipiranga;São Paulo;-23.602266;-46.606451;70.0;3;2.0;APARTMENT;3.8;4.38
Avenida Santo Amaro;Brooklin;São Paulo;-23.612178;-46.677438;33.0;1;1.0;APARTMENT;2.5;3.1
Avenida Vieira de Carvalho;República;São Paulo;-23.541388;-46.644376;86.0;1;0.0;APARTMENT;1.612;2.376
Rua Colônia da Glória;Vila Mariana;São Paulo;-23.587728;-46.626889;165.0;3;2.0;APARTMENT;2.94;5.04
Rua Apinajés;Perdizes;São Paulo;-23.532859;-46.676548;41.0;1;1.0;APARTMENT;2.3;3.33
Rua Lopes da Costa;Vila Constança;São Paulo;-23.467279;-46.57431;60.0;2;0.0;APARTMENT;1.233;1.233
Rua Doutor Chibata Miyakoshi;Panamby;São Paulo;-23.625712;-46.720847;202.0;3;2.0;APARTMENT;6.8;7.94
Rua Tuiuti;Tatuapé;São Paulo;-23.552113;-46.572871;97.0;3;0.0;APARTMENT;2.5;2.66
Rua Paulo Orozimbo;Cambuci;São Paulo;-23.577173;-46.626568;77.0;2;1.0;APARTMENT;1.6;2.47
Rua Diogo de Quadros;Brooklin;São Paulo;-23.626146;-46.694117;55.0;2;2.0;APARTMENT;4.5;5.186
Rua Doutor Miranda de Azevedo;Pompeia;São Paulo;-23.529803;-46.690532;80.0;2;1.0;APARTMENT;2.75;3.503
Rua Monte Aprazível;Vila Nova Conceição;São Paulo;-23.596096;-46.672599;37.0;1;1.0;APARTMENT;3.0;3.503
Rua Matias Aires;Consolação;São Paulo;-23.554243;-46.658545;90.0;3;2.0;APARTMENT;4.5;5.423
Rua Gil Eanes;Campo Belo;São Paulo;-23.61655;-46.679258;150.0;4;2.0;APARTMENT;4.0;5.7
Rua Clemente Bernini;Jardim do Lago;São Paulo;-23.580866;-46.773703;53.0;2;1.0;APARTMENT;1.05;1.47
Rua Marquês de Sabará;Real Parque;São Paulo;-23.60721;-46.705751;130.0;2;2.0;APARTMENT;3.5;5.1
Rua Pedroso Alvarenga;Itaim Bibi;São Paulo;-23.582043;-46.680175;60.0;2;1.0;APARTMENT;4.0;4.748
Rua Capitão Otávio Machado;Chácara Santo Antônio;São Paulo;-23.632622;-46.704822;100.0;2;2.0;APARTMENT;3.05;4.207
Rua Padre Raposo;Móoca;São Paulo;-23.563045;-46.594365;90.0;3;2.0;APARTMENT;1.7;3.0
Alameda Fernão Cardim;Jardins;São Paulo;-23.569408;-46.652911;66.0;2;2.0;APARTMENT;3.2;4.196
Avenida Cardeal Motta;Pirituba;São Paulo;-23.506393;-46.723918;80.0;3;1.0;APARTMENT;1.3;2.211
Avenida Mazzei;Vila Mazzei;São Paulo;-23.47405;-46.601592;61.0;3;2.0;APARTMENT;2.1;2.7
Rua Mamoré;Bom Retiro;São Paulo;-23.525271;-46.639996;150.0;3;0.0;APARTMENT;1.7;2.415
Rua São Paulo;Liberdade;São Paulo;-23.55745;-46.628296;38.0;1;1.0;APARTMENT;1.2;1.2
Rua Oscar Pereira da Silva;Itaim Bibi;São Paulo;-23.582721;-46.671325;47.0;1;1.0;APARTMENT;3.95;5.085
Rua Juquis;Moema;São Paulo;-23.606928;-46.663588;240.0;3;3.0;APARTMENT;15.43;18.111
Rua Santa;Vila Mascote;São Paulo;-23.647693;-46.665902;150.0;3;2.0;APARTMENT;3.7;5.4
Rua Heitor Penteado;Vila Romana;São Paulo;-23.541974;-46.696261;42.0;1;0.0;APARTMENT;1.5;2.01
Rua Forte William;Panamby;São Paulo;-23.629511;-46.719754;160.0;3;4.0;APARTMENT;4.0;5.873
Avenida Doutor Cardoso de Melo;Vila Olímpia;São Paulo;-23.598558;-46.68379;60.0;2;1.0;APARTMENT;3.2;4.35
Avenida Ipiranga;Centro;São Paulo;-23.540271;-46.637058;39.0;1;0.0;APARTMENT;1.45;1.7
Rua Nossa Senhora da Saude;Vila das Mercês;São Paulo;-23.62239;-46.607018;69.0;1;1.0;APARTMENT;2.4;2.95
Rua Piracema;Santa Terezinha;São Paulo;-23.492179;-46.636143;60.0;2;1.0;APARTMENT;1.4;1.4
Rua Álvaro de Carvalho;Sé;São Paulo;-23.54886;-46.641363;50.0;1;1.0;APARTMENT;2.9;3.5
Rua Sargento Osvaldo;Tatuapé;São Paulo;-23.535408;-46.566759;56.0;2;1.0;APARTMENT;1.7;2.32
Rua Caiubi;Perdizes;São Paulo;-23.540391;-46.671465;90.0;2;2.0;APARTMENT;3.8;4.74
Rua Avanhandava;Consolação;São Paulo;-23.550614;-46.645159;45.0;1;0.0;APARTMENT;2.4;2.85
Rua Capitão Pacheco e Chaves;Vila Prudente;São Paulo;-23.582224;-46.593611;54.0;2;0.0;APARTMENT;1.1;1.5
Alameda Casa Branca;Jardins;São Paulo;-23.567473;-46.661158;345.0;3;5.0;APARTMENT;12.0;15.126
Avenida Washington Luís;Jardim Marajoara;São Paulo;-23.656067;-46.692989;80.0;3;1.0;APARTMENT;2.2;3.02
Avenida Lino de Almeida Pires;Vila Guarani;São Paulo;-23.641876;-46.633053;50.0;2;1.0;APARTMENT;1.85;2.43
Avenida Manoel dos Santos Braga;Ermelino Matarazzo;São Paulo;-23.501032;-46.474652;63.0;2;1.0;APARTMENT;1.6;1.6
Rua Alexandrino da Silveira Bueno;Cambuci;São Paulo;-23.566192;-46.615603;100.0;2;0.0;APARTMENT;1.5;1.769
Rua Azevedo Soares;Tatuapé;São Paulo;-23.549642;-46.569779;176.0;3;3.0;APARTMENT;3.7;5.1
Rua Manuel da Nóbrega;Paraíso;São Paulo;-23.570073;-46.649873;55.0;1;1.0;APARTMENT;3.0;3.866
Rua Deputado João Sussumu Hirata;Panamby;São Paulo;-23.627313;-46.733092;70.0;1;1.0;APARTMENT;1.2;2.045
Rua São Zeferino;Jardim França;São Paulo;-23.476571;-46.619201;76.0;2;1.0;APARTMENT;1.6;2.025
Rua Doutora Neyde Apparecida Sollitto;Vila Clementino;São Paulo;-23.593833;-46.647608;35.0;1;0.0;APARTMENT;1.5;1.501
Rua Xavier Krauss;Vila Leopoldina;São Paulo;-23.531857;-46.738335;36.0;2;0.0;APARTMENT;2.3;2.609
Rua Olímpio de Campos;Jardim Vl Formosa;São Paulo;-23.562888;-46.520132;49.0;2;1.0;APARTMENT;1.3;1.82
Rua Silva Bueno;Ipiranga;São Paulo;-23.601579;-46.601123;100.0;2;0.0;APARTMENT;1.9;2.12
Rua Bergamota;Alto da Lapa;São Paulo;-23.539846;-46.716327;160.0;3;2.0;APARTMENT;3.5;5.06
Rua Alvorada;Vila Olímpia;São Paulo;-23.600372;-46.682462;62.0;2;1.0;APARTMENT;2.2;3.3
Rua Pedroso Alvarenga;Itaim Bibi;São Paulo;-23.581869;-46.677273;120.0;2;1.0;APARTMENT;5.4;6.6
Rua Professor José Leite e Oiticica;Brooklin;São Paulo;-23.620238;-46.697286;69.0;2;1.0;APARTMENT;5.9;7.0
Rua dos Três Irmãos;Vila Progredior;São Paulo;-23.590145;-46.715161;112.0;2;2.0;APARTMENT;4.5;6.2
Avenida Nova Cantareira;Água Fria;São Paulo;-23.483018;-46.613342;90.0;2;0.0;APARTMENT;990.0;1.765
Avenida Corifeu de Azevedo Marques;Butantã;São Paulo;-23.574401;-46.727981;23.0;1;0.0;APARTMENT;1.5;1.797
Rua Padre Benedito Maria Cardoso;Móoca;São Paulo;-23.553368;-46.592604;54.0;2;1.0;APARTMENT;1.63;1.82
Rua Aluísio Azevedo;Santana;São Paulo;-23.49846;-46.63635;70.0;3;1.0;APARTMENT;1.6;2.3
Rua Doutor Plínio Barreto;Bela Vista;São Paulo;-23.556829;-46.65056;50.0;1;0.0;APARTMENT;1.41;1.796
Rua Treze de Maio;Bela Vista;São Paulo;-23.565234;-46.645016;226.0;3;2.0;APARTMENT;4.0;5.312
Rua Anastácio de Souza Pinto;Freguesia do Ó;São Paulo;-23.499632;-46.700168;58.0;2;1.0;APARTMENT;1.46;2.06
Rua Afonso Pena;Bom Retiro;São Paulo;-23.52709;-46.633245;41.0;2;0.0;APARTMENT;1.6;1.8
Rua Farid Miguel Haddad;Jardim Santa Emília;São Paulo;-23.65163;-46.603326;48.0;2;1.0;APARTMENT;1.6;1.9
Rua Embaixador João Neves da Fontoura;Santana;São Paulo;-23.500906;-46.633848;75.0;2;0.0;APARTMENT;1.8;1.8
Praça Santo Eduardo;Vila Maria;São Paulo;-23.515163;-46.587911;30.0;2;0.0;APARTMENT;1.7;1.7
Rua Ibiraçu;Vila Madalena;São Paulo;-23.541583;-46.700163;68.0;2;1.0;APARTMENT;2.6;3.4
Rua Eleonora Cintra;Jardim Anália Franco;São Paulo;-23.560135;-46.558436;114.0;4;2.0;APARTMENT;1.4;2.658
Rua Joaquim Norberto;Água Fria;São Paulo;-23.48949;-46.616366;45.0;1;1.0;APARTMENT;1.7;2.395
Rua Adolfo Gordo;Bom Retiro;São Paulo;-23.533396;-46.649378;60.0;1;2.0;APARTMENT;1.5;2.187
Rua José Alves Cunha Lima;Butantã;São Paulo;-23.568415;-46.744091;65.0;3;1.0;APARTMENT;1.5;2.1
Rua Silva Bueno;Ipiranga;São Paulo;-23.578186;-46.602655;72.0;2;0.0;APARTMENT;1.5;1.82
Rua Jean Peltier;Cidade Monções;São Paulo;-23.612774;-46.695693;62.0;1;1.0;APARTMENT;4.6;6.1
Rua Dom Bernardo Nogueira;Vila Gumercindo;São Paulo;-23.608392;-46.62198;61.0;2;2.0;APARTMENT;2.3;3.15
Largo Santa Ifigênia;Centro;São Paulo;-23.543335;-46.634951;68.0;2;0.0;APARTMENT;1.517;2.067
Avenida Montemagno;Vila Formosa;São Paulo;-23.566395;-46.558147;100.0;3;2.0;APARTMENT;3.9;4.773
Rua Tuiuti;Tatuapé;São Paulo;-23.544247;-46.57471;80.0;2;1.0;APARTMENT;2.1;2.49
Rua André de Almeida;Jardim Nove de Julho;São Paulo;-23.594574;-46.481212;56.0;2;1.0;APARTMENT;700.0;983.0
Rua Terceiro-Sargento-Aeronáutica João Soares de Faria;Parque Novo Mundo;São Paulo;-23.519306;-46.567157;85.0;3;1.0;APARTMENT;1.5;2.2
Rua Professor João Machado;Nossa Senhora do Ö;São Paulo;-23.497949;-46.704383;70.0;2;1.0;APARTMENT;2.3;2.65
Rua João Moura;Pinheiros;São Paulo;-23.561008;-46.677604;32.0;1;1.0;APARTMENT;3.0;3.38
Rua Borba Gato;Santo Amaro;São Paulo;-23.657214;-46.699026;102.0;3;2.0;APARTMENT;4.0;5.08
Rua Aliança Liberal;Vila Leopoldina;São Paulo;-23.522209;-46.727872;225.0;4;3.0;APARTMENT;5.0;8.6
Rua Quatá;Vila Olímpia;São Paulo;-23.597663;-46.679158;55.0;1;1.0;APARTMENT;4.0;4.85
Rua Doutor Chibata Miyakoshi;Panamby;São Paulo;-23.625278;-46.721468;61.0;1;2.0;APARTMENT;2.1;3.125
Rua General Chagas Santos;Bosque da Saúde;São Paulo;-23.61539;-46.62573;85.0;2;1.0;APARTMENT;1.723;2.703
Alameda Joaquim Eugênio de Lima;Jardim Paulista;São Paulo;-23.569871;-46.654957;115.0;3;1.0;APARTMENT;3.2;4.37
Rua Manuel Martins Collaço;Butantã;São Paulo;-23.572421;-46.77786;65.0;3;1.0;APARTMENT;1.3;1.73
Rua Acuruí;Tatuapé;São Paulo;-23.55636;-46.55405;67.0;2;1.0;APARTMENT;1.6;2.26
Alameda Eduardo Prado;Campos Eliseos;São Paulo;-23.529749;-46.648111;45.0;1;0.0;APARTMENT;1.4;1.62
Rua Serra de Botucatu;Tatuapé;São Paulo;-23.54049;-46.55218;97.0;3;2.0;APARTMENT;4.05;5.15
Rua Doutor Rafael de Barros;Paraíso;São Paulo;-23.573026;-46.647566;307.0;4;4.0;APARTMENT;17.9;20.9
Avenida Doutor Silva Melo;Jardim Anhanguera;São Paulo;-23.661669;-46.684752;50.0;2;1.0;APARTMENT;1.45;1.976
Rua Casa do Ator;Vila Olímpia;São Paulo;-23.598257;-46.680965;70.0;2;1.0;APARTMENT;3.2;3.94
Rua Frederico Guarinon;Morumbi;São Paulo;-23.626289;-46.731005;126.0;4;2.0;APARTMENT;4.0;4.645
Rua João Avelino Pinho Mellão;Morumbi;São Paulo;-23.607653;-46.724228;52.0;2;1.0;APARTMENT;1.25;1.85
Rua Santo Amaro;Bela Vista;São Paulo;-23.551921;-46.640786;40.0;1;0.0;APARTMENT;1.25;1.503
Rua Hassib Mofarrej;Vila Leopoldina;São Paulo;-23.531727;-46.738877;38.0;2;0.0;APARTMENT;1.79;2.05
Rua Guararapes;Brooklin;São Paulo;-23.61244;-46.681211;88.0;2;2.0;APARTMENT;5.8;6.8
Alameda dos Aicás;Moema;São Paulo;-23.610959;-46.66034;115.0;3;2.0;APARTMENT;4.8;6.012
Rua Alexandre Dumas;Chácara Santo Antônio;São Paulo;-23.633737;-46.700907;143.0;3;2.0;APARTMENT;7.0;8.0
Rua da Consolação;Jardim Paulista;São Paulo;-23.559878;-46.666792;30.0;1;0.0;APARTMENT;2.415;2.815
Rua Carlos Lisdegno Carlucci;Jardim Peri-Peri;São Paulo;-23.588652;-46.73955;78.0;3;1.0;APARTMENT;2.5;3.372
Avenida Nova Independência;Brooklin;São Paulo;-23.607787;-46.692757;60.0;2;1.0;APARTMENT;2.7;3.466
Avenida Marcondes de Brito;Chácara Seis de Outubro;São Paulo;-23.537255;-46.525019;64.0;2;1.0;APARTMENT;2.0;2.794
Largo Padre Péricles;Barra Funda;São Paulo;-23.531942;-46.66332;50.0;1;0.0;APARTMENT;2.1;2.5
Rua Salvador do Vale;Vila Formosa;São Paulo;-23.565108;-46.544151;50.0;1;1.0;APARTMENT;1.05;1.57
Rua César Vallejo;Real Parque;São Paulo;-23.606619;-46.701212;35.0;1;1.0;APARTMENT;2.1;2.42
Rua Ita;Tremembé;São Paulo;-23.454303;-46.646323;60.0;2;2.0;APARTMENT;1.25;1.84
Rua Cuieté Velho;Ermelino Matarazzo;São Paulo;-23.489003;-46.480702;55.0;2;1.0;APARTMENT;1.05;1.6
Rua Pais Leme;Pinheiros;São Paulo;-23.568594;-46.698498;72.0;2;1.0;APARTMENT;6.9;7.8
Rua Correia de Lemos;Chácara Inglesa;São Paulo;-23.608388;-46.632728;62.0;2;1.0;APARTMENT;2.5;3.2
Rua Padre Caresia;Jaguaré;São Paulo;-23.547468;-46.746511;70.0;2;1.0;APARTMENT;1.53;1.734
Rua Vieira de Morais;Campo Belo;São Paulo;-23.621303;-46.673065;50.0;2;1.0;APARTMENT;3.5;4.28
Rua Osório Franco Vilhena;Vila Nova Curuca;São Paulo;-23.511237;-46.418553;50.0;2;0.0;APARTMENT;1.2;1.55
Rua São José;Santo Amaro;São Paulo;-23.646402;-46.700594;101.0;3;1.0;APARTMENT;3.5;4.353
Rua Domingos Lopes da Silva;Morumbi;São Paulo;-23.617454;-46.735012;45.0;1;1.0;APARTMENT;1.12;1.92
Rua Bartolomeu de Gusmão;Vila Mariana;São Paulo;-23.586799;-46.631621;70.0;2;1.0;APARTMENT;2.9;3.75
Rua Rio Verde;Vila Palmeiras;São Paulo;-23.484606;-46.70305;72.0;2;1.0;APARTMENT;1.45;2.135
Rua Bento Freitas;República;São Paulo;-23.543256;-46.645688;30.0;1;0.0;APARTMENT;1.2;1.495
Rua Dona Maria Custódia;Santa Teresinha;São Paulo;-23.488083;-46.639616;85.0;3;1.0;APARTMENT;1.8;2.45
Rua Marechal Hermes da Fonseca;Santana;São Paulo;-23.493646;-46.633034;128.0;4;2.0;APARTMENT;2.8;3.9
Rua Luís Góis;Mirandópolis;São Paulo;-23.603898;-46.643482;60.0;2;2.0;APARTMENT;3.1;4.0
Rua Castro Alves;Liberdade;São Paulo;-23.566394;-46.639197;41.0;1;0.0;APARTMENT;1.65;2.3
Rua Atucuri;Vila Carrão;São Paulo;-23.550299;-46.547882;73.0;3;2.0;APARTMENT;1.9;2.62
Avenida José Galante;Vila Andrade;São Paulo;-23.620919;-46.738994;220.0;3;4.0;APARTMENT;2.5;5.0
Rua Santo Antônio;Bela Vista;São Paulo;-23.553882;-46.647459;45.0;1;0.0;APARTMENT;1.0;1.661
Rua Professor Campos de Oliveira;Jardim Marajoara;São Paulo;-23.670116;-46.696669;266.0;4;4.0;APARTMENT;6.5;8.2
Rua Mercedes Lopes;Penha De Franca;São Paulo;-23.518904;-46.53128;67.0;3;2.0;APARTMENT;1.64;2.539
Rua Delfina;Vila Madalena;São Paulo;-23.55371;-46.694946;55.0;1;0.0;APARTMENT;5.3;6.6
Avenida Paes de Barros;Móoca;São Paulo;-23.559176;-46.599949;44.0;1;0.0;APARTMENT;1.205;1.705
Rua Natingui;Vila Madalena;São Paulo;-23.548022;-46.694928;136.0;3;3.0;APARTMENT;5.5;7.8
Rua Bela Cintra;Cerqueira César;São Paulo;-23.558694;-46.664027;30.0;1;1.0;APARTMENT;4.5;5.75
Rua Pamplona;Bela Vista;São Paulo;-23.56219;-46.652183;129.0;3;1.0;APARTMENT;4.5;5.5
Rua Doutor Guilherme Cristofel;Santana;São Paulo;-23.488115;-46.630667;209.0;4;3.0;APARTMENT;5.0;7.85
Rua Almaden;Vila Andrade;São Paulo;-23.637553;-46.735689;70.0;3;2.0;APARTMENT;2.2;3.09
Rua Domiciano Leite Ribeiro;Saúde;São Paulo;-23.638521;-46.631506;127.0;4;3.0;APARTMENT;3.8;4.35
Rua Inhambú;Moema;São Paulo;-23.603093;-46.669617;40.0;1;0.0;APARTMENT;2.2;2.695
Rua Doutor Teodoro Quartim Barbosa;Vila Sao Francisco;São Paulo;-23.553909;-46.757946;90.0;3;1.0;APARTMENT;2.0;2.74
Rua Capote Valente;Pinheiros;São Paulo;-23.554197;-46.677848;70.0;2;1.0;APARTMENT;5.0;6.095
Rua Domingos de Morais;Vila Mariana;São Paulo;-23.589045;-46.635042;60.0;2;1.0;APARTMENT;2.0;2.72
Avenida Itaboraí;Saúde;São Paulo;-23.60898;-46.630734;50.0;1;1.0;APARTMENT;1.6;2.104
Rua Paulo Andrighetti;Brás;São Paulo;-23.527434;-46.605068;50.0;1;0.0;APARTMENT;1.0;1.18
Rua Frei Caneca;Consolação;São Paulo;-23.552279;-46.651131;50.0;1;0.0;APARTMENT;2.2;2.69
Avenida Angélica;Higienópolis;São Paulo;-23.550567;-46.660118;43.0;1;1.0;APARTMENT;3.2;3.987
Rua da Consolação;Consolação;São Paulo;-23.55044;-46.654623;35.0;1;1.0;APARTMENT;2.7;3.073
Rua Correia de Lemos;Chácara Inglesa;São Paulo;-23.609244;-46.632996;64.0;2;1.0;APARTMENT;2.6;3.177
Rua Bananeira da Bandeira;Tucuruvi;São Paulo;-23.444277;-46.61613;140.0;3;2.0;CONDOMINIUM;2.8;2.9
Rua Jeribatuba;Itaquera;São Paulo;-23.532744;-46.434946;65.0;2;1.0;HOME;1.3;1.3
Rua Joaquim Marra;Vila Matilde;São Paulo;-23.532378;-46.52226;78.0;2;2.0;CONDOMINIUM;1.5;1.6
Avenida Hermilo Alves;Vila Ré;São Paulo;-23.532434;-46.48825;104.0;2;2.0;CONDOMINIUM;1.4;1.565
Rua Moliére;Jardim Marajoara;São Paulo;-23.65925;-46.692675;320.0;4;4.0;CONDOMINIUM;10.0;12.1
Rua Osiris Magalhães de Almeida;Jardim Monte Kemel;São Paulo;-23.603943;-46.741192;123.0;3;2.0;HOME;2.4;2.4
Rua Salvador Padilha Gimenes;Vila Santa Maria;São Paulo;-23.488035;-46.674709;100.0;2;2.0;CONDOMINIUM;2.3;2.48
Rua Conselheiro Moreira de Barros;Imirim;São Paulo;-23.48652;-46.639126;243.0;2;1.0;CONDOMINIUM;1.6;1.6
Rua Félix Della Rosa;Pompeia;São Paulo;-23.537837;-46.692842;147.0;2;2.0;CONDOMINIUM;2.65;3.177
Rua Paulina;Jardim Anália Franco;São Paulo;-23.566975;-46.557165;95.0;3;2.0;CONDOMINIUM;2.0;2.356
Rua Mateus Mendes Pereira;Parque Do Carmo;São Paulo;-23.565356;-46.473069;40.0;2;1.0;CONDOMINIUM;1.2;1.3
Rua Antônio Júlio dos Santos;Morumbi;São Paulo;-23.608694;-46.72503;120.0;3;2.0;CONDOMINIUM;2.4;2.753
Rua Nossa Senhora dos Anjos;Vila Diva;São Paulo;-23.572943;-46.558867;86.0;3;2.0;CONDOMINIUM;2.0;2.15
Rua Dionísio Pedrellini;Butantã;São Paulo;-23.591116;-46.74945;110.0;2;2.0;CONDOMINIUM;2.5;2.95
Rua Dona Cecília Santana;Penha;São Paulo;-23.51896;-46.518449;171.0;3;2.0;CONDOMINIUM;2.0;2.21
Avenida Itacira;Planalto Paulista;São Paulo;-23.603867;-46.653289;636.0;4;5.0;CONDOMINIUM;35.0;35.0
Rua Dona Cecília Santana;Vila Granada;São Paulo;-23.518959;-46.518453;142.0;3;4.0;CONDOMINIUM;2.0;2.197
Rua Industrial;Vila Bela;São Paulo;-23.601911;-46.569076;99.0;2;2.0;CONDOMINIUM;1.6;1.92
Rua Bananeira da Bandeira;Tucuruvi;São Paulo;-23.444786;-46.615749;145.0;4;2.0;CONDOMINIUM;2.6;2.7
Rua Dona Carlota;Vila Nivi;São Paulo;-23.477571;-46.592133;75.0;3;2.0;CONDOMINIUM;2.2;2.393
Rua Vista Linda;Jardim Vista Linda;São Paulo;-23.48627;-46.751162;120.0;2;1.0;CONDOMINIUM;1.8;2.123
Rua Moacir Álvaro;Vila Dalila;São Paulo;-23.54584;-46.525458;70.0;2;1.0;CONDOMINIUM;1.45;1.45
Rua Ossian Terceiro Teles;Jardim Prudência;São Paulo;-23.650896;-46.672114;300.0;4;5.0;CONDOMINIUM;6.0;8.2
Rua Quatá;Vila Olímpia;São Paulo;-23.597347;-46.680079;140.0;3;2.0;CONDOMINIUM;6.0;6.0
Rua Nicolau Alayon;Interlagos;São Paulo;-23.708715;-46.706605;185.0;4;3.0;CONDOMINIUM;5.5;6.2
Rua Diogo Pereira;Super Quadra;São Paulo;-23.613016;-46.751495;650.0;4;6.0;CONDOMINIUM;14.0;16.8
Rua Jairo de Almeida Machado;Jaragua;São Paulo;-23.442623;-46.727193;60.0;2;1.0;CONDOMINIUM;1.1;1.45
Rua João Miranda de Moura;Horto Florestal;São Paulo;-23.451209;-46.629265;100.0;3;2.0;CONDOMINIUM;2.0;2.18
Rua Palma Sola;Itaquera;São Paulo;-23.545577;-46.451674;130.0;3;3.0;CONDOMINIUM;2.0;2.1
Rua Palma Sola;Itaquera;São Paulo;-23.545614;-46.451644;130.0;3;3.0;CONDOMINIUM;2.0;2.1
Rua Tirana;Vila Formosa;São Paulo;-23.565377;-46.546836;90.0;2;1.0;CONDOMINIUM;1.2;1.2
Rua Francisco Narcizo;Jardim Floresta;São Paulo;-23.461827;-46.625082;227.0;4;4.0;CONDOMINIUM;4.0;4.0
Rua do Laço de Fita;Vila Marari;São Paulo;-23.668692;-46.660154;65.0;2;2.0;CONDOMINIUM;1.9;2.05
Rua Padre Chico;Santo Amaro;São Paulo;-23.655321;-46.694327;90.0;3;1.0;CONDOMINIUM;2.8;3.3
Rua Coutinho e Melo;Guaianases;São Paulo;-23.552763;-46.410121;49.0;2;1.0;CONDOMINIUM;1.17;1.3
Avenida Deputado Emílio Carlos;Vila Nova Cachoeirinha;São Paulo;-23.507445;-46.671741;75.0;2;1.0;HOME;1.201;1.286
Rua José Vicente;Tremembé;São Paulo;-23.461034;-46.622897;295.0;4;5.0;CONDOMINIUM;5.5;5.6
Rua Benedito Coelho Neto;Itaquera;São Paulo;-23.549091;-46.459947;65.0;2;1.0;CONDOMINIUM;1.3;1.3
Rua Doutor Leite Pereira;Vila Brasílio Machado;São Paulo;-23.612044;-46.614368;40.0;1;0.0;CONDOMINIUM;1.55;1.6
Rua Atucuri;Tatuapé;São Paulo;-23.54934;-46.547682;65.0;2;1.0;CONDOMINIUM;2.0;2.1
Rua Aburá;Imirim;São Paulo;-23.483504;-46.655124;100.0;2;2.0;CONDOMINIUM;2.4;2.401
Rua Mário Araújo;Santana;São Paulo;-23.497726;-46.633511;70.0;2;2.0;CONDOMINIUM;2.7;2.9
Rua Coronel Agostinho da Fonseca;Tucuruvi;São Paulo;-23.443839;-46.615053;150.0;2;2.0;CONDOMINIUM;2.4;2.5
Rua Luís Arnoni;Vila Irmãos Arnoni;São Paulo;-23.453799;-46.625283;62.0;2;2.0;CONDOMINIUM;2.0;2.15
Rua Princesa Maria Pia;Vila Santa Clara;São Paulo;-23.576666;-46.55458;100.0;2;2.0;CONDOMINIUM;1.6;1.6
Rua Antônio Tornelli;Tremembé;São Paulo;-23.459863;-46.625474;96.0;3;2.0;CONDOMINIUM;3.0;3.9
Rua Doutor Paulo Carvalho Ferreira;Butantã;São Paulo;-23.57336;-46.763428;63.0;2;2.0;CONDOMINIUM;1.7;2.3
Rua Fernandes Moreira;Chácara Santo Antônio;São Paulo;-23.628635;-46.708665;134.0;3;2.0;CONDOMINIUM;6.0;6.85
Rua Raimundo Mattiuzzo;Vila Araguaia;São Paulo;-23.50818;-46.518814;65.0;2;1.0;CONDOMINIUM;1.0;1.1
Rua Caparaó;Vila Formosa;São Paulo;-23.56532;-46.538987;100.0;2;1.0;CONDOMINIUM;1.5;1.5
Rua Araribóia;Móoca;São Paulo;-23.560231;-46.602622;88.0;3;2.0;CONDOMINIUM;2.6;2.601
Rua Doutor Antônio Barbosa Bueno;Vila Sônia;São Paulo;-23.594006;-46.728358;160.0;3;2.0;CONDOMINIUM;4.0;4.0
Rua Daniel Vieira;Mandaqui;São Paulo;-23.483869;-46.639529;226.0;2;0.0;CONDOMINIUM;1.3;1.3
Rua Paes Landim;Itaquera;São Paulo;-23.548059;-46.453618;64.0;2;2.0;HOME;1.5;1.71
Rua Gaspar Pereira;Cangaíba;São Paulo;-23.50263;-46.528471;10.0;2;2.0;CONDOMINIUM;1.0;1.0
Rua Eudoro Lincoln Berlinck;Jardim Arpoador Zona Oeste;São Paulo;-23.601482;-46.785342;80.0;2;1.0;CONDOMINIUM;1.2;1.72
Rua Antônio Aggio;Jardim Ampliação;São Paulo;-23.628129;-46.731551;215.0;2;2.0;CONDOMINIUM;3.8;4.85
Rua Franklin do Amaral;Vila Nova Cachoeirinha;São Paulo;-23.473975;-46.653808;165.0;2;2.0;CONDOMINIUM;2.5;2.5
Rua Santa Teresa do Bonito;Vila Buenos Aires;São Paulo;-23.513411;-46.514012;170.0;3;4.0;CONDOMINIUM;2.2;2.2
Rua Professor Sousa Barros;Planalto Paulista;São Paulo;-23.629191;-46.643544;200.0;3;1.0;CONDOMINIUM;2.5;2.5
Rua Padre Maurício;Vila Diva;São Paulo;-23.571049;-46.562175;40.0;1;0.0;CONDOMINIUM;750.0;750.0
Rua Saguairu;Casa Verde;São Paulo;-23.51209;-46.658118;500.0;2;1.0;CONDOMINIUM;1.5;1.5
Rua Trapicheiro;Vila Carrão;São Paulo;-23.547076;-46.535406;65.0;2;1.0;CONDOMINIUM;1.5;1.5
Rua Antônio Aggio;Panamby;São Paulo;-23.628558;-46.730346;215.0;2;2.0;CONDOMINIUM;3.8;4.85
Avenida Moaci;Planalto Paulista;São Paulo;-23.617399;-46.656544;160.0;4;3.0;CONDOMINIUM;5.0;5.32
Rua João Ramalho;Perdizes;São Paulo;-23.537883;-46.669589;48.0;1;1.0;CONDOMINIUM;2.3;2.871
Rua Edmundo Nejm;Parque dos Príncipes;São Paulo;-23.565787;-46.768487;450.0;5;8.0;CONDOMINIUM;5.9;6.45
Rua Gustavo Adolfo Becquer;Cidade Dutra;São Paulo;-23.738865;-46.710501;252.0;3;4.0;CONDOMINIUM;3.9;3.9
Rua Giovanni Carnovali;Vila das Mercês;São Paulo;-23.645703;-46.604789;120.0;4;2.0;CONDOMINIUM;2.2;2.84
Estrada de Santo Amaro;Butantã;São Paulo;-23.591598;-46.765038;100.0;2;2.0;HOME;2.3;2.7
Rua Jotacá;Freguesia do Ó;São Paulo;-23.491235;-46.709173;80.0;2;1.0;CONDOMINIUM;1.299;1.299
Rua Domingos Gonçalo;Campo Grande;São Paulo;-23.676836;-46.687412;280.0;4;4.0;CONDOMINIUM;5.0;5.07
Rua Lamartine dos Santos;Vila Maria Alta;São Paulo;-23.507978;-46.592435;45.0;2;1.0;HOME;1.5;1.62
Rua Cayowaá;Sumaré;São Paulo;-23.537805;-46.683028;80.0;2;1.0;CONDOMINIUM;1.5;2.424
Avenida do Rio Bonito;Socorro;São Paulo;-23.678156;-46.709637;90.0;2;1.0;CONDOMINIUM;2.2;2.65
Rua Búzios;Santana;São Paulo;-23.479765;-46.617798;230.0;2;2.0;CONDOMINIUM;2.5;2.5
Avenida Diogo Gomes Carneiro;Butantã;São Paulo;-23.59431;-46.774775;130.0;3;0.0;CONDOMINIUM;2.5;3.27
Avenida Nossa Senhora do Sabará;Jardim Sabará;São Paulo;-23.698886;-46.672516;60.0;2;1.0;CONDOMINIUM;1.8;1.9
Alameda dos Auetis;Planalto Paulista;São Paulo;-23.608591;-46.648574;189.0;3;1.0;CONDOMINIUM;3.5;3.5
Rua João Carlos Deynhausen;Vila Santos;São Paulo;-23.454558;-46.649623;100.0;3;2.0;CONDOMINIUM;3.0;3.375
Rua Itala;Parada Inglesa;São Paulo;-23.497354;-46.610093;47.0;2;0.0;HOME;1.7;1.83
Rua Marcelo Müller;Vila Independência;São Paulo;-23.58846;-46.561161;50.0;1;1.0;CONDOMINIUM;1.2;1.2
Rua dos Vinhedos;Jardim Petrópolis;São Paulo;-23.636987;-46.685134;620.0;4;6.0;HOME;15.0;17.5
Rua Andresa;Jaragua;São Paulo;-23.452849;-46.737529;35.0;1;1.0;CONDOMINIUM;600.0;600.0
Rua Vera Cruz;Penha;São Paulo;-23.53126;-46.546335;91.0;3;2.0;CONDOMINIUM;2.5;2.75
Rua Estevão Porto;Vila Dom Pedro I;São Paulo;-23.589354;-46.61424;90.0;2;1.0;CONDOMINIUM;2.2;2.2
Avenida Santo Amaro;Granja Julieta;São Paulo;-23.638974;-46.697533;87.0;2;1.0;CONDOMINIUM;4.0;4.0
Rua Gonçalo Coelho;Vila Formosa;São Paulo;-23.567498;-46.551597;70.0;2;2.0;CONDOMINIUM;1.699;1.699
Rua Timbaúba;Vila Arapuã;São Paulo;-23.633401;-46.586603;75.0;2;1.0;CONDOMINIUM;1.715;1.9
Rua Rodeio;Vila Aricanduva;São Paulo;-23.533999;-46.541386;35.0;1;0.0;CONDOMINIUM;1.3;1.442
Rua do Trabalho;Vila Matilde;São Paulo;-23.542292;-46.518945;130.0;3;3.0;CONDOMINIUM;2.5;2.6
Rua Mileto;Vila Santos;São Paulo;-23.451881;-46.641219;182.0;0;4.0;HOME;3.2;3.96
Rua Artur Sievers;Jardim Ibiratiba;São Paulo;-23.447252;-46.61859;450.0;4;5.0;CONDOMINIUM;6.0;6.48
Rua Francisca Maria de Souza;Tucuruvi;São Paulo;-23.483977;-46.598512;43.0;2;0.0;HOME;1.35;1.4
Rua Domingos de Morais;Vila Mariana;São Paulo;-23.592004;-46.636504;85.0;2;1.0;CONDOMINIUM;2.3;3.15
Rua Doutor Paulo Vieira;Perdizes;São Paulo;-23.541611;-46.68925;107.0;3;2.0;CONDOMINIUM;5.7;6.18
Rua Desembargador do Vale;Pompeia;São Paulo;-23.529377;-46.688686;120.0;3;1.0;CONDOMINIUM;3.4;3.4
Rua Conde D'Eu;Alto Da Boa Vista;São Paulo;-23.642144;-46.692106;360.0;3;5.0;CONDOMINIUM;8.0;9.75
Rua São Benedito;Alto Da Boa Vista;São Paulo;-23.642731;-46.697618;140.0;3;2.0;CONDOMINIUM;7.0;7.45
Avenida Nova Cantareira;Tucuruvi;São Paulo;-23.484004;-46.61438;55.0;2;0.0;CONDOMINIUM;1.4;1.4
Rua dos Beija-Flores;Jabaquara;São Paulo;-23.656237;-46.644135;113.0;3;2.0;HOME;3.0;3.85
Rua General Góis Monteiro;Vila Madalena;São Paulo;-23.540162;-46.692851;251.0;4;3.0;CONDOMINIUM;5.9;5.9
Rua Jovita;Santana;São Paulo;-23.503054;-46.621188;65.0;2;0.0;CONDOMINIUM;1.8;1.8
Avenida Francisco de Assis Dinis;Parque dos Príncipes;São Paulo;-23.573021;-46.769936;442.0;5;5.0;CONDOMINIUM;8.0;8.606
Avenida Raimundo Pereira de Magalhães;Jardim Íris;São Paulo;-23.497469;-46.72668;81.0;2;2.0;CONDOMINIUM;1.8;2.4
Rua Doutor Gabriel de Resende;Vila Invernada;São Paulo;-23.571204;-46.566173;50.0;1;0.0;CONDOMINIUM;800.0;800.0
Rua José Vicente;Tremembé;São Paulo;-23.460876;-46.622854;295.0;4;4.0;CONDOMINIUM;5.8;5.9
Rua Panônia;Vila Sônia;São Paulo;-23.603818;-46.730095;266.0;3;2.0;CONDOMINIUM;5.5;5.5
Rua Fernandes Moreira;Chácara Santo Antônio;São Paulo;-23.63174;-46.703319;66.0;3;1.0;CONDOMINIUM;2.3;3.149
Rua Pedreira;Vila Antonina;São Paulo;-23.555544;-46.550112;50.0;2;0.0;CONDOMINIUM;1.4;1.4
Rua Caparaó;Vila Formosa;São Paulo;-23.565409;-46.53923;90.0;2;1.0;CONDOMINIUM;1.2;1.2
Rua Dona Maria Mesquita de Motta e Silva;Morumbi;São Paulo;-23.622188;-46.71606;320.0;4;4.0;CONDOMINIUM;6.0;7.0
Rua Maestro Bortolucci;Tremembé;São Paulo;-23.449648;-46.615915;430.0;4;4.0;CONDOMINIUM;6.0;7.7
Rua Monsenhor Du Dreneuf;Sacomã;São Paulo;-23.61574;-46.605467;250.0;5;3.0;CONDOMINIUM;4.3;4.3
Rua André Domingues;Jardim Paraíso;São Paulo;-23.478737;-46.630263;50.0;1;0.0;HOME;950.0;950.0
Rua Laplace;Brooklin;São Paulo;-23.628145;-46.68105;350.0;5;4.0;CONDOMINIUM;14.9;17.7
Rua Maria Afonso;Chácara Mafalda;São Paulo;-23.570362;-46.559562;55.0;1;0.0;CONDOMINIUM;1.0;1.0
Rua Buenópolis;Vila Santa Clara;São Paulo;-23.57731;-46.564078;60.0;2;0.0;CONDOMINIUM;1.3;1.3
Rua Astarte;Vila Carrão;São Paulo;-23.550675;-46.525668;84.0;3;1.0;HOME;2.3;2.35
Rua Pio IX;Jardim Vitoria Regia;São Paulo;-23.622656;-46.716999;413.0;4;4.0;CONDOMINIUM;8.5;9.4
Rua Comendador Elias Zarzur;Santo Amaro;São Paulo;-23.647941;-46.699373;252.0;4;2.0;CONDOMINIUM;9.0;9.9
Rua Maria do Carmo;Vila Alpina;São Paulo;-23.598374;-46.562783;53.0;3;1.0;CONDOMINIUM;1.2;1.2
Rua Pitanga;Chácara São João;São Paulo;-23.576148;-46.845267;700.0;3;6.0;HOME;10.0;11.131
Rua Doutor Paulo Carvalho Ferreira;Jardim Sarah;São Paulo;-23.57336;-46.763428;80.0;2;2.0;HOME;1.7;2.33
Rua Ministro Américo Marco Antônio;Sumarezinho;São Paulo;-23.546539;-46.697589;250.0;3;3.0;CONDOMINIUM;7.5;7.5
Avenida Professor Rubens Gomes de Souza;Alto Da Boa Vista;São Paulo;-23.639562;-46.679956;460.0;4;0.0;CONDOMINIUM;30.0;30.0
Rua Artur Thiré;Bosque da Saúde;São Paulo;-23.61695;-46.626507;100.0;2;2.0;CONDOMINIUM;1.6;1.6
Rua Tomé de Souza;Alto da Lapa;São Paulo;-23.526595;-46.715979;380.0;3;2.0;CONDOMINIUM;13.0;13.0
Rua Serra de Santa Marta;Itaquera;São Paulo;-23.556544;-46.455586;65.0;2;1.0;CONDOMINIUM;1.2;1.32
Rua Comendador Elias Zarzur;Santo Amaro;São Paulo;-23.639072;-46.693374;354.0;4;5.0;CONDOMINIUM;10.0;11.1
Rua Pierre de Beranger;Campo Grande;São Paulo;-23.671293;-46.686292;31.0;1;1.0;CONDOMINIUM;1.404;1.584
Rua José Bueno;Vila Isolina Mazzei;São Paulo;-23.499804;-46.604695;80.0;3;1.0;CONDOMINIUM;1.8;1.8
Rua das Tuberosas;Vila Lucia;São Paulo;-23.594173;-46.567708;60.0;1;0.0;CONDOMINIUM;1.2;1.253
Rua Astarte;Vila Carrão;São Paulo;-23.55276;-46.526909;84.0;3;1.0;CONDOMINIUM;2.3;2.35
Rua Bartolomeu Rampini;Parelheiros;São Paulo;-23.771358;-46.718004;50.0;2;1.0;CONDOMINIUM;880.0;880.0
Rua Ligiana;Vila Santa Clara;São Paulo;-23.575724;-46.563234;42.0;1;1.0;CONDOMINIUM;1.0;1.1
Rua Cantagalo;Vila Gomes Cardim;São Paulo;-23.542618;-46.551473;65.0;2;1.0;CONDOMINIUM;1.6;2.25
Rua Diogo Pereira;Morumbi;São Paulo;-23.613016;-46.751495;400.0;4;4.0;CONDOMINIUM;16.0;17.2
Rua Olavo Bilac;Vila Sofia;São Paulo;-23.658333;-46.694632;120.0;2;2.0;CONDOMINIUM;4.5;5.5
Rua Doutor Jesuíno de Abreu;Jardim Morumbi;São Paulo;-23.610742;-46.721973;380.0;4;4.0;CONDOMINIUM;6.0;6.0
Rua Padre Meliton Vigueira Penillos;Vila Leopoldina;São Paulo;-23.528159;-46.731939;154.0;3;2.0;CONDOMINIUM;4.5;4.5
Rua Imuris;Jardim Santa Helena;São Paulo;-23.697297;-46.713094;364.0;4;4.0;CONDOMINIUM;8.5;9.9
Rua Pedro Campana;Chácara Klabin;São Paulo;-23.586595;-46.620768;277.0;3;4.0;HOME;7.0;9.585
Rua Tombadouro;Chácara Flora;São Paulo;-23.641676;-46.681481;900.0;5;14.0;CONDOMINIUM;35.0;36.1
Rua Pelotas;Vila Mariana;São Paulo;-23.581334;-46.644023;180.0;3;0.0;CONDOMINIUM;3.5;3.5
Rua Alberto Tanganelli Neto;Conjunto Residencial Butantã;São Paulo;-23.575242;-46.718125;40.0;1;0.0;HOME;1.1;1.1
Avenida Sargento Geraldo Sant'Ana;Jardim Taquaral;São Paulo;-23.663456;-46.68793;95.0;3;2.0;CONDOMINIUM;3.0;3.84
Rua Maria Rosa de Siqueira;Santana;São Paulo;-23.492168;-46.62851;180.0;3;4.0;CONDOMINIUM;4.5;4.5
Rua Odair Pimentel;Parque dos Príncipes;São Paulo;-23.571094;-46.768029;125.0;4;3.0;CONDOMINIUM;3.5;5.0
Avenida Boschetti;Vila Medeiros;São Paulo;-23.4884;-46.591647;38.0;1;0.0;CONDOMINIUM;1.2;1.27
Rua Soldado José Leite da Silva;Vila Maria;São Paulo;-23.505128;-46.566138;40.0;2;1.0;CONDOMINIUM;1.1;1.1
Rua Maria Antônia;Consolação;São Paulo;-23.547131;-46.650529;29.0;1;0.0;CONDOMINIUM;1.2;1.6
Rua Maria Antônia;Vila Buarque;São Paulo;-23.547131;-46.650529;29.0;1;0.0;CONDOMINIUM;1.2;1.6
Rua Doutor Theodoro Migliano;Parque dos Príncipes;São Paulo;-23.572538;-46.771269;180.0;4;4.0;CONDOMINIUM;5.0;6.15
Rua Ministro José G. R. Alckmin;Alto Da Boa Vista;São Paulo;-23.635254;-46.692067;396.0;4;3.0;CONDOMINIUM;10.0;11.9
Rua Diana;Perdizes;São Paulo;-23.534537;-46.682253;240.0;3;2.0;CONDOMINIUM;4.0;4.0
Rua Francisco Narcizo;Tremembé;São Paulo;-23.461837;-46.625146;250.0;4;3.0;CONDOMINIUM;3.85;5.24
Rua Doutor Alcides Prestes;Água Fria;São Paulo;-23.480699;-46.621141;72.0;3;1.0;CONDOMINIUM;2.7;2.85
Rua Professora Haidêe Silva Martins;Campo Grande;São Paulo;-23.676511;-46.687606;350.0;4;3.0;CONDOMINIUM;5.2;6.3
Rua Piauí;Higienópolis;São Paulo;-23.543433;-46.661521;74.0;3;2.0;CONDOMINIUM;6.0;6.0
Avenida Doutor Meireles Reis;Jardim Paraíso;São Paulo;-23.479591;-46.627688;90.0;2;0.0;CONDOMINIUM;1.4;1.4
Rua Pirandello;Brooklin;São Paulo;-23.633794;-46.676367;341.0;3;2.0;CONDOMINIUM;9.0;11.2
Rua Pedro Inácio de Araújo;Vila Sao Francisco;São Paulo;-23.564603;-46.757115;230.0;3;3.0;HOME;2.8;4.5
Rua David Nicolai;Jardim das Palmeiras;São Paulo;-23.749402;-46.755642;200.0;3;6.0;CONDOMINIUM;4.496;5.0
Rua Simpatia;Vila Madalena;São Paulo;-23.550868;-46.686356;220.0;4;2.0;CONDOMINIUM;10.0;11.8
Avenida Valdemar Ferreira;Butantã;São Paulo;-23.568375;-46.707058;280.0;4;3.0;CONDOMINIUM;8.0;8.0
Rua Balthazar da Veiga;Vila Nova Conceição;São Paulo;-23.594203;-46.671084;170.0;3;2.0;CONDOMINIUM;9.5;11.877
Rua Burgos;Parque Sevilha;São Paulo;-23.57792;-46.57187;60.0;1;0.0;CONDOMINIUM;850.0;850.0
Rua Março Antônio Dias Batista;Vila Sao Francisco;São Paulo;-23.563209;-46.759397;112.0;2;1.0;CONDOMINIUM;2.75;3.504
Rua Zacarias de Góis;Campo Belo;São Paulo;-23.629834;-46.677494;565.0;4;6.0;CONDOMINIUM;25.0;27.7
Rua Aimutong;Tucuruvi;São Paulo;-23.446978;-46.61625;60.0;1;0.0;CONDOMINIUM;1.0;1.0
Rua Conde D'Eu;Alto Da Boa Vista;São Paulo;-23.648063;-46.696471;450.0;4;4.0;CONDOMINIUM;20.0;20.001
Rua Professor Adelbar de Castro;Parque São Lucas;São Paulo;-23.593199;-46.552195;90.0;3;0.0;CONDOMINIUM;900.0;900.0
Rua Fradique Coutinho;Vila Madalena;São Paulo;-23.561103;-46.688361;250.0;1;2.0;CONDOMINIUM;16.0;16.0
Avenida Martin Luther King;Cidade São Francisco;São Paulo;-23.556156;-46.760799;217.0;4;4.0;CONDOMINIUM;6.0;8.205
Rua Estuário;Chácara Monte Alegre;São Paulo;-23.651864;-46.681165;580.0;3;8.0;CONDOMINIUM;25.0;27.2
Rua Porto Lucena;Vila Dalila;São Paulo;-23.548914;-46.523283;35.0;2;1.0;CONDOMINIUM;1.2;1.28
Rua Agudos Grandes;Vila Gustavo;São Paulo;-23.485699;-46.59432;170.0;3;5.0;CONDOMINIUM;4.0;4.0
Rua das Esterlinas;Sapopemba;São Paulo;-23.595236;-46.515414;50.0;2;1.0;CONDOMINIUM;1.2;1.2
Rua Industrial;Vila Bela;São Paulo;-23.602807;-46.569247;99.0;2;2.0;VILLAGE_HOUSE;1.6;1.92
Rua Doutor Ismael Dias;Penha;São Paulo;-23.531942;-46.551172;80.0;2;1.0;VILLAGE_HOUSE;1.7;1.7
Rua Carlo Koekler;São Lucas;São Paulo;-23.582968;-46.547653;100.0;2;3.0;VILLAGE_HOUSE;2.3;2.3
Rua Tamarataca;Móoca;São Paulo;-23.566022;-46.592751;141.0;3;3.0;VILLAGE_HOUSE;6.0;6.0
Rua Doutor Artur Orlando Silva;Alto Da Boa Vista;São Paulo;-23.652033;-46.691746;600.0;4;3.0;VILLAGE_HOUSE;25.0;25.53
Rua Eneida da Costa Morais;Mandaqui;São Paulo;-23.485401;-46.62297;95.0;2;2.0;VILLAGE_HOUSE;1.8;1.8
Rua Edson;Campo Belo;São Paulo;-23.623181;-46.674177;120.0;2;2.0;VILLAGE_HOUSE;5.8;5.8
Rua da Prata;Alto Da Boa Vista;São Paulo;-23.63059;-46.682144;140.0;2;1.0;VILLAGE_HOUSE;6.3;6.3
Rua Eduardo Luís Trindade;Vila Nova Cachoeirinha;São Paulo;-23.483652;-46.669784;60.0;2;0.0;HOME;1.0;1.0
Rua Embaixador João Neves da Fontoura;Santana;São Paulo;-23.500982;-46.633896;80.0;2;1.0;VILLAGE_HOUSE;1.9;1.9
Rua Outeiro da Cruz;Jardim São Paulo;São Paulo;-23.490287;-46.621668;100.0;3;0.0;VILLAGE_HOUSE;3.0;3.0
Avenida Gustavo Adolfo;Tucuruvi;São Paulo;-23.484167;-46.584428;120.0;2;2.0;VILLAGE_HOUSE;1.9;1.9
Rua Carumbe;Jardim América;São Paulo;-23.562945;-46.673956;400.0;3;2.0;VILLAGE_HOUSE;9.9;11.45
Rua Antônio Rolim Júnior;Brás;São Paulo;-23.544511;-46.609935;90.0;2;0.0;HOME;1.9;1.9
Rua João Gomes Xavier;Perdizes;São Paulo;-23.533479;-46.668679;250.0;4;3.0;VILLAGE_HOUSE;8.5;8.5
Rua das Rolinhas;Jabaquara;São Paulo;-23.656956;-46.643738;40.0;2;0.0;VILLAGE_HOUSE;1.19;1.19
Rua Mariano Procópio;Vila Monumento;São Paulo;-23.579166;-46.615753;47.0;1;0.0;HOME;600.0;600.0
Travessa Alfredo Le Pera;Alto Da Boa Vista;São Paulo;-23.643954;-46.690904;188.0;3;3.0;VILLAGE_HOUSE;6.5;6.827
Rua Muniz de Sousa;Aclimação;São Paulo;-23.565006;-46.624546;43.0;2;0.0;VILLAGE_HOUSE;1.8;1.8
Travessa Umberto Bignardi;Paraíso;São Paulo;-23.57476;-46.648786;130.0;2;2.0;HOME;3.9;3.9
Rua Marquês de Maricá;Sacomã;São Paulo;-23.611615;-46.598492;55.0;2;0.0;VILLAGE_HOUSE;1.4;1.5
Rua Alceu Antônio da Luz;Jardim Campo Grande;São Paulo;-23.680375;-46.689135;182.0;4;4.0;VILLAGE_HOUSE;6.0;6.07
Avenida Engenheiro Heitor Antônio Eiras Garcia;Jardim Esmeralda;São Paulo;-23.577151;-46.743073;40.0;1;0.0;VILLAGE_HOUSE;1.3;1.5
Rua Michigan;Brooklin;São Paulo;-23.617031;-46.682914;450.0;3;2.0;VILLAGE_HOUSE;9.5;9.5
Rua Rosa Anacleto Fernandes;Vila Olímpia;São Paulo;-23.592763;-46.683316;100.0;2;2.0;VILLAGE_HOUSE;9.0;9.0
Rua Giovanni Carnovali;Vila das Mercês;São Paulo;-23.643613;-46.604251;120.0;4;2.0;VILLAGE_HOUSE;2.2;2.7
Alameda Afonso Schmidt;Santana;São Paulo;-23.494149;-46.634488;250.0;2;2.0;VILLAGE_HOUSE;2.8;2.8
Avenida Mutinga;Pirituba;São Paulo;-23.494483;-46.75004;25.0;1;0.0;VILLAGE_HOUSE;650.0;675.0
Avenida Santa Mônica;Pirituba;São Paulo;-23.481805;-46.749078;40.0;1;0.0;VILLAGE_HOUSE;750.0;750.0
Rua Álvaro Rodrigues;Brooklin;São Paulo;-23.617082;-46.693899;130.0;1;1.0;HOME;4.5;4.5
Travessa Júlio Contier;Jardim Marajoara;São Paulo;-23.657252;-46.684869;420.0;4;3.0;VILLAGE_HOUSE;6.0;6.0
Rua João Vilhema;Planalto Paulista;São Paulo;-23.611005;-46.647434;170.0;3;2.0;VILLAGE_HOUSE;4.8;4.8
Rua Arcipreste Ezequias;Ipiranga;São Paulo;-23.587514;-46.616205;47.0;1;0.0;VILLAGE_HOUSE;1.8;2.13
Rua Heitor Ariente;Jardim das Vertentes;São Paulo;-23.586946;-46.741878;30.0;1;1.0;VILLAGE_HOUSE;1.8;1.8
Alameda Calicut;Granja Julieta;São Paulo;-23.636351;-46.709294;352.0;3;2.0;VILLAGE_HOUSE;12.0;12.78
Rua Michigan;Brooklin;São Paulo;-23.617617;-46.682221;450.0;4;4.0;VILLAGE_HOUSE;10.0;10.0
Rua Cananéia;Vila Prudente;São Paulo;-23.581192;-46.582407;20.0;1;0.0;VILLAGE_HOUSE;800.0;800.0
Rua Pedro da Costa Ribeiro;Vila Dalva;São Paulo;-23.566915;-46.762781;30.0;1;0.0;HOME;900.0;900.0
Rua Lord Cockrane;Ipiranga;São Paulo;-23.592434;-46.599238;120.0;2;1.0;VILLAGE_HOUSE;2.5;2.5
Rua Albertina Alves Jorge;Vila Cruzeiro;São Paulo;-23.639645;-46.710379;531.0;4;6.0;VILLAGE_HOUSE;15.0;15.0
Rua Albina Barbosa;Aclimação;São Paulo;-23.57059;-46.62695;250.0;3;2.0;VILLAGE_HOUSE;4.9;5.19
Rua Verinha Darcy;Brooklin;São Paulo;-23.638894;-46.676573;380.0;6;4.0;VILLAGE_HOUSE;12.0;12.0
Rua Marjorie Prado;Jardim Marajoara;São Paulo;-23.654207;-46.682324;470.0;4;4.0;VILLAGE_HOUSE;18.0;18.0
Rua Fernão Dias;Pinheiros;São Paulo;-23.562955;-46.695397;230.0;5;4.0;VILLAGE_HOUSE;6.9;6.9
Rua Backer;Cambuci;São Paulo;-23.566864;-46.620729;121.0;3;0.0;VILLAGE_HOUSE;2.3;2.3
Rua Conde D'Eu;Alto Da Boa Vista;São Paulo;-23.649129;-46.696852;150.0;3;4.0;VILLAGE_HOUSE;8.0;8.0
Rua Manoel Ferreira Barbosa;Pirituba;São Paulo;-23.490991;-46.746078;40.0;1;0.0;VILLAGE_HOUSE;1.1;1.1
Rua José Inácio;Jardim Campo Grande;São Paulo;-23.678444;-46.687677;195.0;3;2.0;VILLAGE_HOUSE;5.0;5.07
Rua Bernardino Machado;Granja Julieta;São Paulo;-23.63878;-46.704696;405.0;4;3.0;VILLAGE_HOUSE;12.0;12.0
Rua Piauí;Higienópolis;São Paulo;-23.54366;-46.661645;186.0;1;1.0;VILLAGE_HOUSE;11.0;11.0
Rua Carumbe;Jardim América;São Paulo;-23.562837;-46.67386;266.0;4;3.0;VILLAGE_HOUSE;25.0;26.5
Rua Alabarda;Jardim dos Estados;São Paulo;-23.639226;-46.687018;393.0;5;5.0;VILLAGE_HOUSE;15.0;15.0
Rua Acarituba;Santo Amaro;São Paulo;-23.63755;-46.68995;353.0;4;4.0;VILLAGE_HOUSE;9.0;10.2
Rua Marjorie Prado;Jardim Marajoara;São Paulo;-23.653866;-46.682248;470.0;4;4.0;VILLAGE_HOUSE;18.0;18.0
Rua Canumá;Alto Da Boa Vista;São Paulo;-23.638952;-46.687908;400.0;4;6.0;VILLAGE_HOUSE;22.0;22.0
Rua Manuel da Nóbrega;Paraíso;São Paulo;-23.574005;-46.653538;110.0;2;1.0;VILLAGE_HOUSE;10.4;10.4
Alameda Gabriel Monteiro da Silva;Jardim América;São Paulo;-23.572377;-46.682001;266.0;3;3.0;VILLAGE_HOUSE;20.0;20.2
Rua José Barbosa;Jardim das Vertentes;São Paulo;-23.591824;-46.744071;110.0;3;1.0;HOME;2.3;2.3
Rua Wagih Assad Abdalla;Morumbi;São Paulo;-23.596255;-46.719296;600.0;5;10.0;VILLAGE_HOUSE;15.0;15.5
Rua Rafael Ielo;Jardim Leonor;São Paulo;-23.596424;-46.715163;700.0;4;4.0;VILLAGE_HOUSE;19.0;19.0
Rua Zacarias de Góis;Brooklin;São Paulo;-23.630899;-46.678818;400.0;4;3.0;VILLAGE_HOUSE;15.0;16.35
Rua Báculo;Alto Da Boa Vista;São Paulo;-23.653098;-46.690615;420.0;4;4.0;VILLAGE_HOUSE;25.0;25.0
Rua Margarida Galvão;Paineiras do Morumbi;São Paulo;-23.604838;-46.708132;870.0;4;5.0;VILLAGE_HOUSE;30.0;33.0
Alameda das Quaresmeiras;Granja Julieta;São Paulo;-23.636034;-46.708804;392.0;4;4.0;VILLAGE_HOUSE;9.0;9.81
Rua Bernardino Machado;Granja Julieta;São Paulo;-23.640092;-46.705176;309.0;4;3.0;VILLAGE_HOUSE;9.0;9.0
Alameda Gabriel Monteiro da Silva;Jardim Europa;São Paulo;-23.572377;-46.682001;266.0;3;2.0;VILLAGE_HOUSE;25.0;25.0
Rua Doutor Artur Orlando Silva;Alto Da Boa Vista;São Paulo;-23.652045;-46.691744;430.0;4;5.0;VILLAGE_HOUSE;20.0;20.0
Rua Luiz Martins de Araújo;Jardim dos Estados;São Paulo;-23.634711;-46.687152;340.0;4;4.0;VILLAGE_HOUSE;12.0;12.001
Rua das Barcas;Jardim dos Estados;São Paulo;-23.636454;-46.686393;595.0;4;6.0;VILLAGE_HOUSE;18.0;18.0
Rua Ribeiro Lisboa;Morumbi;São Paulo;-23.615724;-46.715818;470.0;4;3.0;VILLAGE_HOUSE;25.0;26.88
Rua Reverendo Miguel Rizzo Junior;Jardim Morumbi;São Paulo;-23.610016;-46.714047;870.0;4;15.0;VILLAGE_HOUSE;65.0;65.0
Rua Lourenço Castanho;Vila Nova Conceição;São Paulo;-23.586669;-46.66714;450.0;3;4.0;VILLAGE_HOUSE;40.0;41.6
Rua Professor Horácio Berlinck;Butantã;São Paulo;-23.565542;-46.706187;471.0;3;0.0;VILLAGE_HOUSE;9.0;9.6
Rua Reverendo Miguel Rizzo Junior;Panamby;São Paulo;-23.610016;-46.714047;871.0;4;5.0;VILLAGE_HOUSE;65.0;65.0
Rua Simão Álvares;Pinheiros;São Paulo;-23.559675;-46.691896;56.0;3;2.0;VILLAGE_HOUSE;8.5;8.5
Rua Heitor Portugal;Morumbi;São Paulo;-23.619284;-46.711236;962.0;5;9.0;VILLAGE_HOUSE;40.0;42.8
Rua Maestro Bortolucci;Tremembé;São Paulo;-23.449647;-46.614307;320.0;2;4.0;HOME;1.7;1.7
Rua Astorga;Vila Guilhermina;São Paulo;-23.530171;-46.515705;250.0;4;2.0;HOME;2.16;2.16
Rua Araras;Vila Monumento;São Paulo;-23.572694;-46.617315;170.0;3;2.0;HOME;3.0;3.0
Rua da Caminhadeira;Vila Mazzei;São Paulo;-23.46287;-46.601225;180.0;3;2.0;HOME;2.5;2.5
Rua Trapicheiro;Vila Carrão;São Paulo;-23.547151;-46.535529;70.0;3;1.0;HOME;1.5;1.6
Rua Aguapeí;Tatuapé;São Paulo;-23.55085;-46.555293;100.0;2;2.0;HOME;1.7;1.7
Rua Manuel do Couto Reis;Jardim Ibitirama;São Paulo;-23.596663;-46.578179;110.0;3;2.0;HOME;2.6;2.6
Rua Pepiguari;Alto da Lapa;São Paulo;-23.535496;-46.710056;238.0;5;2.0;HOME;6.0;6.0
Rua Filipe Bandeira;Vila Maria;São Paulo;-23.505399;-46.592235;150.0;4;2.0;HOME;3.2;3.2
Rua José Rafaeli;Socorro;São Paulo;-23.667474;-46.72257;225.0;3;2.0;HOME;3.0;3.0
Rua Arthur Soter Lopes da Silva;Rio Pequeno;São Paulo;-23.571316;-46.754024;200.0;3;2.0;HOME;2.2;2.78
Avenida Miruna;Moema;São Paulo;-23.618276;-46.656951;105.0;2;4.0;HOME;2.9;2.9
Rua Carlos César;Parque São Lucas;São Paulo;-23.594714;-46.539699;70.0;1;0.0;HOME;600.0;600.0
Rua Fritz Lang;Vila Lageado;São Paulo;-23.55448;-46.750372;100.0;3;1.0;HOME;2.0;2.0
Rua Dario Costa Mattos;Ermelino Matarazzo;São Paulo;-23.504658;-46.482298;175.0;2;5.0;HOME;1.9;1.9
Rua Paulo Alves da Silva Telles;Vila Siqueira;São Paulo;-23.501977;-46.678205;80.0;2;2.0;HOME;1.8;1.8
Rua Francesco Melzi;Jardim Marília;São Paulo;-23.563527;-46.49573;120.0;3;2.0;HOME;1.4;1.4
Rua Carlito;Vila Formosa;São Paulo;-23.571384;-46.539296;150.0;3;2.0;HOME;2.16;2.22
Rua Carmo do Cajuru;Jardim Guedala;São Paulo;-23.584333;-46.713365;480.0;4;5.0;HOME;25.0;25.0
Rua Quariteré;Móoca;São Paulo;-23.577424;-46.590972;250.0;4;4.0;HOME;3.5;3.5
Rua São Daniel;Vila Brasílio Machado;São Paulo;-23.61154;-46.611095;76.0;3;2.0;HOME;2.599;2.599
Rua Litânias;Vila Mascote;São Paulo;-23.6495;-46.667792;118.0;3;1.0;HOME;2.625;2.625
Rua Giovanni Carnovali;Jardim Santa Emília;São Paulo;-23.643613;-46.604251;250.0;4;2.0;HOME;1.97;2.52
Rua Olímpio Nogueira;Butantã;São Paulo;-23.578795;-46.759336;80.0;2;1.0;HOME;1.55;1.55
Rua São Vitório;Vila Nhocune;São Paulo;-23.546382;-46.49568;100.0;2;3.0;HOME;1.6;1.6
Rua Edson;Campo Belo;São Paulo;-23.621868;-46.675858;110.0;3;2.0;HOME;3.5;3.5
Rua Josefina Chiapetta;Ermelino Matarazzo;São Paulo;-23.495553;-46.477449;90.0;2;2.0;HOME;1.45;1.45
Rua Xapuri;Cidade Patriarca;São Paulo;-23.538038;-46.499179;240.0;2;2.0;HOME;1.65;1.65
Rua Cuiabá;Móoca;São Paulo;-23.562664;-46.585536;70.0;1;0.0;HOME;1.0;1.0
Rua Coriolano;Vila Romana;São Paulo;-23.526025;-46.697819;80.0;3;1.0;HOME;1.8;1.8
Rua Doutor Alberto Seabra;Alto de Pinheiros;São Paulo;-23.543594;-46.707399;131.0;3;4.0;HOME;3.5;3.5
Rua Paulina;Jardim Anália Franco;São Paulo;-23.567067;-46.557203;98.0;3;2.0;HOME;2.1;2.51
Rua Ibicui-Mirim;Jabaquara;São Paulo;-23.648638;-46.634654;67.0;2;2.0;HOME;2.2;2.2
Rua Doutor Paulo Ribeiro Coelho;Jardim Ester Yolanda;São Paulo;-23.580227;-46.760727;140.0;3;2.0;HOME;1.85;1.85
Rua José Barreto dos Santos;Vila Mangalot;São Paulo;-23.505182;-46.744878;100.0;4;3.0;HOME;2.0;2.0
Rua Santa Rufina;Santo Amaro;São Paulo;-23.6517;-46.696145;390.0;4;4.0;HOME;9.0;9.0
Rua Frei Bernardino Coste;Sapopemba;São Paulo;-23.593694;-46.515593;70.0;1;0.0;HOME;600.0;600.0
Avenida Waldemar Carlos Pereira;Vila Talarico;São Paulo;-23.544016;-46.519119;100.0;4;1.0;HOME;1.6;1.6
Rua Helena do Sacramento;Mandaqui;São Paulo;-23.482721;-46.63558;203.0;3;4.0;HOME;2.1;2.1
Rua José Ferreira Keffer;Parque Continental;São Paulo;-23.544801;-46.75856;226.0;2;2.0;HOME;2.3;2.3
Rua Everton Resca;Sapopemba;São Paulo;-23.611875;-46.502814;144.0;3;2.0;HOME;2.0;2.0
Rua Engenheiro Artur Antunes Maciel;Cidade Domitila;São Paulo;-23.663262;-46.654339;70.0;1;1.0;HOME;1.2;1.2
Rua Albertina;Tremembé;São Paulo;-23.460321;-46.623846;75.0;3;1.0;HOME;2.2;2.2
Rua Maria Tavares;Vila Alpina;São Paulo;-23.595292;-46.558994;75.0;2;2.0;HOME;1.7;1.7
Rua Mangangá;Jardim Cidade Pirituba;São Paulo;-23.477106;-46.720053;120.0;2;2.0;HOME;1.6;1.6
Rua Irene de Mello;Móoca;São Paulo;-23.555826;-46.60269;70.0;2;1.0;HOME;1.7;1.7
Avenida Professor Fonseca Rodrigues;Alto de Pinheiros;São Paulo;-23.548639;-46.71399;995.0;4;15.0;HOME;50.0;50.0
Rua Maria José Barroso;Vila Maria Alta;São Paulo;-23.497916;-46.58379;111.0;3;2.0;HOME;2.2;2.2
Rua Caminha de Amorim;Vila Madalena;São Paulo;-23.543914;-46.704218;178.0;3;2.0;HOME;6.271;6.271
Rua Calíope;Jardim Guedala;São Paulo;-23.579438;-46.708623;572.0;4;7.0;HOME;13.0;13.0
Rua Grécia;Jardim Europa;São Paulo;-23.575053;-46.685508;160.0;2;1.0;HOME;10.0;10.0
Avenida Itaquera;Itaquera;São Paulo;-23.551286;-46.465337;100.0;1;2.0;HOME;2.001;2.001
Avenida dos Bandeirantes;Vila Olímpia;São Paulo;-23.612428;-46.672529;111.0;3;2.0;HOME;4.0;4.0
Rua Antônio Covello;Jabaquara;São Paulo;-23.659351;-46.660917;228.0;3;3.0;HOME;3.0;3.0
Rua Barcelona;Jaguaré;São Paulo;-23.545978;-46.750312;45.0;1;0.0;HOME;1.1;1.1
Rua Izar;Vila Mariana;São Paulo;-23.600447;-46.631148;210.0;3;4.0;HOME;6.0;6.0
Rua Raiz da Serra;Jabaquara;São Paulo;-23.640906;-46.648544;200.0;4;2.0;HOME;3.3;3.3
Rua Ministro Roberto Cardoso Alves;Alto Da Boa Vista;São Paulo;-23.644543;-46.695614;500.0;4;0.0;HOME;15.0;15.0
Rua do Trabalho;Vila Nova Savoia;São Paulo;-23.542296;-46.518146;127.0;3;3.0;HOME;2.5;2.5
Rua Antônio Madi;Jardim Oriental;São Paulo;-23.64093;-46.64698;60.0;1;1.0;HOME;1.9;1.9
Rua Inácio de Bulhões;Jardim Selma;São Paulo;-23.689763;-46.655947;110.0;2;2.0;HOME;2.0;2.0
Rua Cipriano Barata;Ipiranga;São Paulo;-23.587626;-46.605169;140.0;3;1.0;HOME;3.0;3.0
Rua Giovanni Bracelli;Jardim Santa Emília;São Paulo;-23.64586;-46.598956;67.0;2;1.0;HOME;1.2;1.47
Rua Jorge Antônio Benda;Cidade D Abril;São Paulo;-23.45152;-46.747563;90.0;2;0.0;HOME;1.1;1.1
Rua dos Povoadores;Tatuapé;São Paulo;-23.558113;-46.550407;200.0;2;2.0;HOME;2.0;2.0
Rua Marieta da Silva;Vila Guilherme;São Paulo;-23.509134;-46.600957;95.0;2;2.0;HOME;2.2;2.2
Rua Doutor Mário de Assis Moura Júnior;Tatuapé;São Paulo;-23.552444;-46.567991;205.0;3;5.0;HOME;5.0;5.0
Rua Quintana;Brooklin;São Paulo;-23.607196;-46.686326;240.0;4;2.0;HOME;5.5;5.5
Rua Curuçá;Vila Maria;São Paulo;-23.516008;-46.58599;90.0;2;0.0;HOME;1.6;1.6
Rua Renato Rinaldi;Vila Carrão;São Paulo;-23.550377;-46.541069;80.0;1;1.0;HOME;1.2;1.2
Rua Sebastião Martins;Jardim Bonfiglioli;São Paulo;-23.581433;-46.741734;180.0;3;4.0;HOME;3.5;3.5
Rua Teerã;Vila Leopoldina;São Paulo;-23.537503;-46.726936;145.0;2;2.0;HOME;3.9;3.9
Rua Francisca Maria de Souza;Parada Inglesa;São Paulo;-23.483494;-46.599393;260.0;3;4.0;HOME;3.0;3.0
Rua Bangu;Moema;São Paulo;-23.602703;-46.653773;290.0;4;4.0;HOME;18.0;21.619
Rua Xiririca;Vila Carrão;São Paulo;-23.553435;-46.539764;200.0;3;2.0;HOME;2.7;2.7
Rua José Mascarenhas;Vila Matilde;São Paulo;-23.538878;-46.531027;150.0;2;2.0;HOME;2.2;2.2
Alameda dos Guaramomis;Planalto Paulista;São Paulo;-23.613289;-46.659349;154.0;2;2.0;HOME;4.5;4.5
Rua Itatupa;Panamby;São Paulo;-23.630792;-46.732298;250.0;4;3.0;HOME;4.5;4.5
Rua Nova Friburgo;Cangaíba;São Paulo;-23.503909;-46.494425;70.0;2;1.0;HOME;1.3;1.4
Rua Carlos da Cunha Mattos;Pirituba;São Paulo;-23.491279;-46.724298;160.0;3;3.0;HOME;1.5;1.5
Rua Antônio Augusto Tavares Sebilla;Vila Pirituba;São Paulo;-23.48077;-46.740481;200.0;3;3.0;HOME;3.3;3.3
Rua Pedro Inácio de Araújo;Cidade São Francisco;São Paulo;-23.564078;-46.755819;232.0;3;2.0;HOME;2.79;3.604
Rua Oásis;Jardim Oriental;São Paulo;-23.642193;-46.646714;100.0;2;1.0;HOME;1.5;1.5
Rua Dom Estevão Pimentel;Vila Formosa;São Paulo;-23.574274;-46.54444;127.0;3;3.0;HOME;2.5;3.05
Rua Carlos Weber;Vila Leopoldina;São Paulo;-23.534431;-46.724514;113.0;2;2.0;HOME;3.5;3.5
Rua Estevão Baião;Campo Belo;São Paulo;-23.630122;-46.669673;90.0;2;2.0;HOME;2.34;2.34
Travessa Vera Lúcia;Tatuapé;São Paulo;-23.543987;-46.561716;120.0;3;2.0;HOME;2.7;2.7
Rua Coronel Irineu de Castro;Jardim Anália Franco;São Paulo;-23.556025;-46.567602;230.0;4;2.0;HOME;4.0;4.0
Rua Ministro Guimarães;Super Quadra;São Paulo;-23.617264;-46.750782;120.0;3;6.0;HOME;2.8;2.8
Rua Alcobaça;Morumbi;São Paulo;-23.594568;-46.722034;281.0;3;4.0;HOME;5.9;5.9
Rua Vianópolis;Vila Maria Alta;São Paulo;-23.505361;-46.584143;40.0;1;0.0;HOME;1.0;1.0
Rua Carlos da Cunha Mattos;Chácara Inglesa;São Paulo;-23.491279;-46.724298;160.0;3;3.0;HOME;1.8;1.8
Rua Kioto;Vila Maria Alta;São Paulo;-23.504124;-46.579457;40.0;1;0.0;HOME;1.15;1.15
Rua Ibaragui Nissui;Vila Mariana;São Paulo;-23.591406;-46.626202;125.0;3;4.0;HOME;4.5;4.5
Rua Araioses;Vila Madalena;São Paulo;-23.541943;-46.697701;185.0;3;2.0;HOME;3.9;3.9
Rua Hermínio Costa;Água Fria;São Paulo;-23.484187;-46.602884;65.0;2;0.0;HOME;1.65;1.65
Rua Geracina;Vila Monte Santo;São Paulo;-23.507822;-46.472987;50.0;2;1.0;HOME;1.5;1.5
Rua Galileu;Jardim Aeroporto;São Paulo;-23.632247;-46.664192;180.0;4;2.0;HOME;3.2;3.2
Rua Professor Sud Mennucci;Vila Mariana;São Paulo;-23.587301;-46.637433;150.0;3;1.0;HOME;3.5;3.5
Rua São Leotélio;Vila Medeiros;São Paulo;-23.494479;-46.586335;59.0;2;1.0;HOME;1.65;1.65
Rua Cornélio de Paula Júnior;Vila Mariana;São Paulo;-23.589987;-46.633936;120.0;3;2.0;HOME;4.6;4.6
Rua Padre Landell de Moura;Jardim Anália Franco;São Paulo;-23.554438;-46.565802;650.0;4;5.0;HOME;15.0;15.0
Rua Aurélio Arrobas Martins;Interlagos;São Paulo;-23.706152;-46.706493;300.0;4;6.0;HOME;9.0;9.0
Rua CaiubÍ;Perdizes;São Paulo;-23.537955;-46.675382;250.0;2;1.0;HOME;3.3;3.3
Rua Arcipreste Ezequias;Vila Sao Jose Ipiranga;São Paulo;-23.591678;-46.619723;95.0;1;1.0;HOME;2.55;2.55
Avenida José Muniz Ribeiro;Ermelino Matarazzo;São Paulo;-23.49774;-46.476761;530.0;3;5.0;HOME;3.0;3.0
Rua Kobe;Jardim Japão;São Paulo;-23.501853;-46.571705;50.0;1;1.0;HOME;1.1;1.1
Rua Andaraí;Vila Maria;São Paulo;-23.522269;-46.590382;110.0;1;1.0;HOME;1.5;1.5
Rua Capitão José Inocêncio Taques Alvim;Santo Amaro;São Paulo;-23.653897;-46.715759;200.0;3;2.0;HOME;3.8;3.8
Rua Coronel Melo de Oliveira;Pompeia;São Paulo;-23.531487;-46.688252;184.0;3;2.0;HOME;6.5;6.5
Rua Jorge Felippe Sabra;Alto da Lapa;São Paulo;-23.537812;-46.717044;225.0;3;2.0;HOME;6.5;6.5
Rua Arauto;Vila Leopoldina;São Paulo;-23.532963;-46.723292;150.0;3;2.0;HOME;3.75;3.75
Rua Morais Navarro;Freguesia do Ó;São Paulo;-23.495319;-46.69572;48.0;1;0.0;HOME;1.0;1.05
Rua Arantes Nogueira;Jabaquara;São Paulo;-23.634997;-46.63475;73.0;2;1.0;HOME;2.04;2.04
Avenida Barão da Vitória;Casa Verde;São Paulo;-23.500927;-46.663919;70.0;2;1.0;HOME;1.635;1.635
Rua Damião da Silva;Morumbi;São Paulo;-23.606952;-46.737433;150.0;3;3.0;HOME;3.9;3.9
Rua Doutor Armando da Silva Prado;Jardim Bélgica;São Paulo;-23.661701;-46.698753;300.0;4;4.0;HOME;6.0;6.0
Rua Leonel Rabelo;Limão;São Paulo;-23.501044;-46.677013;120.0;3;2.0;HOME;2.6;2.6
Rua Francisco de Paula Brito;Planalto Paulista;São Paulo;-23.626319;-46.651534;180.0;3;2.0;HOME;4.1;4.1
Rua Padre Vicente Heckel;Jabaquara;São Paulo;-23.635413;-46.656296;305.0;4;2.0;HOME;3.5;3.5
Rua Thomaz Antônio Villani;Vila Santa Maria;São Paulo;-23.488148;-46.675104;90.0;2;1.0;HOME;1.5;1.5
Rua Arandu;Brooklin;São Paulo;-23.605718;-46.689366;150.0;3;2.0;HOME;3.5;3.5
Avenida Vila Ema;Vila Prudente;São Paulo;-23.578961;-46.573336;10.0;3;2.0;HOME;2.2;2.2
Rua José Mascarenhas;Vila Matilde;São Paulo;-23.538694;-46.530347;60.0;2;1.0;HOME;1.7;1.75
Rua Aburá;Sítio do Mandaqui;São Paulo;-23.483504;-46.655124;95.0;2;2.0;HOME;2.2;2.38
Rua Reims;Casa Verde;São Paulo;-23.508226;-46.663732;250.0;3;3.0;HOME;5.0;5.0
Rua Marechal Deodoro;Alto Da Boa Vista;São Paulo;-23.641273;-46.69558;400.0;4;6.0;HOME;9.3;9.3
Rua Engenheiro Giuseppe Miglioretti;City America;São Paulo;-23.50461;-46.731466;420.0;4;6.0;HOME;5.57;5.57
Rua Amborés;Jabaquara;São Paulo;-23.648147;-46.633128;170.0;4;3.0;HOME;3.3;3.3
Rua Taciba;Jabaquara;São Paulo;-23.643784;-46.653973;102.0;2;3.0;HOME;2.5;2.5
Rua Moacir Trancoso;Água Branca;São Paulo;-23.519117;-46.688308;50.0;1;1.0;HOME;1.2;1.2
Rua Dias Penteado;Jardim Maringa;São Paulo;-23.547598;-46.513589;130.0;3;2.0;HOME;2.5;2.5
Rua Luís Saia;Butantã;São Paulo;-23.593085;-46.790249;141.0;3;3.0;HOME;2.0;2.0
Rua Eugênio de Almeida;Cangaíba;São Paulo;-23.508726;-46.503089;57.0;2;1.0;HOME;1.46;1.486
Rua Cândido Borges Monteiro;Cangaíba;São Paulo;-23.50899;-46.503791;57.0;2;1.0;HOME;1.43;1.456
Rua dos Cambuís;Jabaquara;São Paulo;-23.638974;-46.644594;210.0;2;5.0;HOME;5.0;5.0
Rua Barão de Morenos;Vila Ida;São Paulo;-23.542466;-46.7088;240.0;3;2.0;HOME;6.2;6.2
Rua Comendador Sousa;Perdizes;São Paulo;-23.518383;-46.687733;80.0;2;1.0;HOME;2.2;2.2
Rua Custódio Sampaio Pereira;Jaguaré;São Paulo;-23.543443;-46.755597;180.0;5;2.0;HOME;3.43;3.43
Rua José Baltazar da Costa;Vila Prudente;São Paulo;-23.575847;-46.5918;127.0;3;2.0;HOME;2.9;2.9
Rua Serra de Santa Marta;Itaquera;São Paulo;-23.554179;-46.454069;60.0;2;1.0;HOME;1.22;1.25
Rua São Vitório;Vila Nhocune;São Paulo;-23.544182;-46.495261;80.0;2;1.0;HOME;1.3;1.3
Travessa Jorge Luís Borges;Vila Maria;São Paulo;-23.511593;-46.592078;230.0;3;2.0;HOME;2.58;2.6
Rua Menelau Campos;Mandaqui;São Paulo;-23.471417;-46.63214;95.0;1;2.0;HOME;1.4;1.4
Rua Arnaldo Simões Pinto;Vila Bonilha;São Paulo;-23.499394;-46.711956;70.0;2;1.0;HOME;1.3;1.3
Rua Jacatirão;Chácara Monte Alegre;São Paulo;-23.64931;-46.678772;394.0;4;4.0;HOME;11.0;11.0
Rua João Lopes de Amorim;Vila Nova Cachoeirinha;São Paulo;-23.473944;-46.660297;100.0;2;0.0;HOME;1.1;1.1
Rua Dias Leme;Móoca;São Paulo;-23.563484;-46.591731;98.0;1;1.0;HOME;1.5;1.5
Rua Sizenando Antônio dos Santos;Jabaquara;São Paulo;-23.650025;-46.65046;50.0;1;1.0;HOME;1.662;1.662
Rua Jeremias Junior;Bosque da Saúde;São Paulo;-23.608535;-46.61046;40.0;1;1.0;HOME;1.3;1.3
Rua Coronel Sílvio Marino;Vila Guilherme;São Paulo;-23.507414;-46.596997;246.0;4;6.0;HOME;3.1;3.1
Rua Leonardo Nunes;Vila Clementino;São Paulo;-23.598499;-46.639156;283.0;3;8.0;HOME;10.0;10.0
Rua Doutor Armando Brandão;Vila Matilde;São Paulo;-23.533933;-46.523765;120.0;3;2.0;HOME;2.13;2.13
Rua Antônio de Almeida Viana;Jardim Guarani;São Paulo;-23.465046;-46.6855;120.0;4;1.0;HOME;1.5;1.5
Rua Bárbara Heliodora;Vila Romana;São Paulo;-23.534628;-46.695687;295.0;4;2.0;HOME;5.8;5.8
Rua das Grumixamas;Jabaquara;São Paulo;-23.650135;-46.648603;80.0;2;1.0;HOME;1.6;1.6
Rua Almirante Alexandrino;Vila Invernada;São Paulo;-23.566742;-46.56922;70.0;1;0.0;HOME;1.1;1.1
Rua Galileu Gaia;Jardim Andaraí;São Paulo;-23.519257;-46.580032;65.0;1;0.0;HOME;1.15;1.15
Rua Rifaina;Vila Anglo Brasileira;São Paulo;-23.542665;-46.694092;117.0;3;2.0;HOME;3.3;3.3
Rua Crisólita;Jardim da Glória;São Paulo;-23.583149;-46.618966;245.0;3;6.0;HOME;4.5;4.5
Rua Caetano Teixeira;Jardim Virgínia Bianca;São Paulo;-23.453495;-46.610131;185.0;3;4.0;HOME;3.0;3.0
Rua Jamari;Freguesia do Ó;São Paulo;-23.630372;-46.734364;30.0;1;0.0;HOME;900.0;900.0
Rua Poxoréu;Vila Matilde;São Paulo;-23.528575;-46.510206;150.0;3;2.0;HOME;2.0;2.0
Rua Paula Ney;Vila Mariana;São Paulo;-23.581475;-46.63321;100.0;2;1.0;HOME;3.0;3.0
Rua Motanguá;Vila Isolina Mazzei;São Paulo;-23.495839;-46.59919;125.0;4;2.0;HOME;2.58;2.58
Avenida Dezenove de Janeiro;Vila Carrão;São Paulo;-23.556195;-46.525598;70.0;3;1.0;HOME;1.7;1.7
Rua Itapeti;Tatuapé;São Paulo;-23.551701;-46.569421;210.0;3;2.0;HOME;3.2;3.2
Rua Henri Dunant;Chácara Santo Antônio;São Paulo;-23.627125;-46.699902;150.0;3;3.0;HOME;6.5;6.5
Rua José Francisco Parra;Vila Romero;São Paulo;-23.484332;-46.644934;150.0;3;2.0;HOME;3.25;3.25
Rua Frederico Guarinon;Jardim Ampliação;São Paulo;-23.624036;-46.730946;140.0;3;2.0;HOME;4.4;4.4
Rua Taitinga;Penha;São Paulo;-23.517995;-46.536327;140.0;3;4.0;HOME;2.5;2.5
Rua Urbano Duarte;Casa Verde;São Paulo;-23.508928;-46.654907;104.0;2;1.0;HOME;1.603;1.603
Avenida Itacira;Planalto Paulista;São Paulo;-23.62426;-46.644518;150.0;2;2.0;HOME;2.7;2.7
Rua Clementino;Mandaqui;São Paulo;-23.480708;-46.628096;200.0;2;2.0;HOME;2.8;2.8
Rua Capitão Francisco Lipi;Tucuruvi;São Paulo;-23.473904;-46.610817;80.0;2;1.0;HOME;1.9;1.9
Rua César Cantu;Vila Prudente;São Paulo;-23.575749;-46.58232;120.0;2;2.0;HOME;1.8;1.8
Rua Pimenta Bueno;Tatuapé;São Paulo;-23.5373;-46.58796;70.0;2;1.0;HOME;1.7;1.75
Rua Yokoama;Vila Maria;São Paulo;-23.501631;-46.573571;60.0;1;1.0;HOME;1.25;1.25
Rua Alonso Calhamares;Jardim Anália Franco;São Paulo;-23.552912;-46.566924;170.0;3;3.0;HOME;3.0;3.0
Rua Augusto de Macedo Costa;Freguesia do Ó;São Paulo;-23.488247;-46.696173;136.0;3;2.0;HOME;2.6;2.6
Rua Renato Rinaldi;Vila Carrão;São Paulo;-23.554473;-46.532053;165.0;3;3.0;HOME;2.8;2.8
Rua Vespasiano;Vila Romana;São Paulo;-23.52966;-46.695467;60.0;2;1.0;HOME;1.7;1.7
Rua Clodomiro Carneiro;Vila Nhocune;São Paulo;-23.546551;-46.49828;100.0;2;2.0;HOME;2.3;2.3
Rua Vicente Mazetti;Jaragua;São Paulo;-23.442446;-46.750118;50.0;1;0.0;HOME;680.0;680.0
Rua Barão de Sergi;Vila Leopoldina;São Paulo;-23.536421;-46.726867;180.0;3;2.0;HOME;3.3;3.3
Travessa São Kitts e Nevis;Água Fria;São Paulo;-23.486301;-46.610102;70.0;2;0.0;HOME;1.6;1.6
Rua Jorge Valim;Casa Verde;São Paulo;-23.494459;-46.650325;230.0;4;3.0;HOME;4.0;4.0
Rua Agostinho Rodrigues Filho;Vila Mariana;São Paulo;-23.600203;-46.647986;80.0;2;3.0;HOME;2.5;2.5
Rua Félix Della Rosa;Pompeia;São Paulo;-23.537918;-46.692979;147.0;2;2.0;HOME;2.65;3.177
Rua Alberto Nascimento Júnior;Jardim Bonfiglioli;São Paulo;-23.578539;-46.743023;120.0;2;2.0;HOME;2.1;2.1
Rua Bartholomeu Paes;Vila Anastácio;São Paulo;-23.513949;-46.72031;184.0;2;2.0;HOME;2.55;2.55
Rua Abaíra;Ermelino Matarazzo;São Paulo;-23.492909;-46.491303;80.0;1;0.0;HOME;714.0;714.0
Rua Sousa Rocha;Chácara Belenzinho;São Paulo;-23.577768;-46.544816;60.0;1;1.0;HOME;1.0;1.0
Rua Pascoal da Ribeira;Jardim Consórcio;São Paulo;-23.673537;-46.675613;120.0;3;2.0;HOME;2.5;2.5
Rua Amândio Monteiro;Vila Guilherme;São Paulo;-23.503283;-46.599188;171.0;4;2.0;HOME;2.5;2.5
Rua Otacílio de Albuquerque;Vila Maria Alta;São Paulo;-23.509936;-46.58638;45.0;1;0.0;HOME;750.0;750.0
Rua Edvard Carmilo;Butantã;São Paulo;-23.596544;-46.748841;120.0;2;2.0;HOME;2.8;2.8
Rua do Chaco;Sacomã;São Paulo;-23.615003;-46.6002;215.0;3;4.0;HOME;3.2;3.2
Rua Dardanelos;Alto da Lapa;São Paulo;-23.537695;-46.715716;89.0;2;1.0;HOME;3.5;3.5
Rua Janguruçu;Móoca;São Paulo;-23.576762;-46.589931;550.0;4;4.0;HOME;5.2;5.2
Travessa Alto das Perdizes;Perdizes;São Paulo;-23.542297;-46.673161;130.0;3;3.0;HOME;4.35;4.35
Rua Carolina Soares;Casa Verde;São Paulo;-23.496757;-46.666808;47.0;2;1.0;HOME;1.25;1.25
Rua Arlinda Ramos Roleira;Jardim São Rafael;São Paulo;-23.760388;-46.716888;40.0;2;0.0;HOME;1.0;1.0
Rua João Teizen Sobrinho;Jardim Santa Helena;São Paulo;-23.69593;-46.709591;460.0;4;1.0;HOME;4.19;4.19
Rua Araré;Chácara Inglesa;São Paulo;-23.609289;-46.635412;100.0;2;1.0;HOME;1.8;1.8
Rua Luso Brasileiro;Santana;São Paulo;-23.494859;-46.628911;75.0;2;1.0;HOME;1.8;1.8
Rua Doutor Gabriel Covelli;Casa Verde;São Paulo;-23.498319;-46.653913;300.0;2;3.0;HOME;2.06;2.06
Rua Wanderley;Perdizes;São Paulo;-23.536902;-46.674317;130.0;2;1.0;HOME;3.0;3.0
Rua das Tílias;Vila Nova Mazzei;São Paulo;-23.464038;-46.593769;96.0;3;2.0;HOME;2.2;2.2
Rua Maria Vidal;Sumaré;São Paulo;-23.543525;-46.679412;272.0;4;3.0;HOME;7.0;7.0
Rua Amambaí;Vila Maria;São Paulo;-23.515099;-46.583008;45.0;1;0.0;HOME;600.0;600.0
Viela Antônio Mariz;Lapa;São Paulo;-23.52588;-46.706418;120.0;4;1.0;HOME;2.8;2.8
Rua Edson;Moema;São Paulo;-23.621885;-46.675875;120.0;3;2.0;HOME;3.5;3.5
Rua Ângelo Ricchiutti;Mandaqui;São Paulo;-23.475308;-46.628896;130.0;2;2.0;HOME;2.8;2.8
Rua Conceição Pereira;Penha De Franca;São Paulo;-23.526899;-46.539036;250.0;3;2.0;HOME;4.0;4.0
Rua Pergentino de Freitas;Brooklin;São Paulo;-23.641454;-46.674397;230.0;4;2.0;HOME;5.0;5.0
Rua Afonso Pena;Bom Retiro;São Paulo;-23.53142;-46.634722;90.0;2;0.0;HOME;2.7;2.9
Rua Luís Asson;Ponte Rasa;São Paulo;-23.514465;-46.51318;70.0;1;1.0;HOME;1.0;1.0
Rua Lindório;Penha De Franca;São Paulo;-23.513954;-46.50969;120.0;2;2.0;HOME;1.644;1.644
Rua Serrana;Cidade Líder;São Paulo;-23.550938;-46.471253;65.0;2;1.0;HOME;1.0;1.0
Rua Jerônimo Queiroz;Sítio do Mandaqui;São Paulo;-23.487836;-46.654937;60.0;2;1.0;HOME;1.59;1.59
Rua Hermann Teles Ribeiro;Vila Invernada;São Paulo;-23.567501;-46.560404;100.0;2;2.0;HOME;2.2;2.25
Rua dos Jasmins;Mirandópolis;São Paulo;-23.605194;-46.644031;50.0;1;1.0;HOME;1.7;1.7
Rua Reverendo Erodice Pontes de Queiroz;Vila Bancaria Munhoz;São Paulo;-23.485324;-46.681895;100.0;1;0.0;HOME;850.0;850.0
Rua Manaiás;Vila Prudente;São Paulo;-23.590274;-46.576414;60.0;2;2.0;HOME;1.5;1.5
Rua Monteiro de Melo;Lapa;São Paulo;-23.527268;-46.703252;140.0;3;0.0;HOME;3.0;3.0
Rua Rosa Pinto Ferreira;Cangaíba;São Paulo;-23.505776;-46.502239;125.0;3;1.0;HOME;1.75;1.75
Rua Antônio Luís Tigre;Vila Formosa;São Paulo;-23.576454;-46.537652;70.0;2;2.0;HOME;1.8;1.8
Rua Vladimir Jorge;Belém;São Paulo;-23.55506;-46.586448;268.0;3;6.0;HOME;5.0;5.0
Rua Mota Pais;Vila Ipojuca;São Paulo;-23.537116;-46.703743;40.0;1;0.0;HOME;1.5;1.5
Rua Conselheiro Cândido de Oliveira;Vila Anastácio;São Paulo;-23.515265;-46.720175;140.0;2;1.0;HOME;2.6;2.6
Rua Flávio Farnese da Paixão;Jardim Joamar;São Paulo;-23.449577;-46.595219;45.0;2;1.0;HOME;1.8;1.88
Rua Osiris Magalhães de Almeida;Jardim Monte Kemel;São Paulo;-23.603396;-46.742173;80.0;2;0.0;HOME;1.5;1.5
Rua Emílio de Cavalieri;Butantã;São Paulo;-23.563322;-46.763961;125.0;3;3.0;HOME;4.5;4.5
Avenida Marechal Argolo Ferrão;Vila Sabrina;São Paulo;-23.496869;-46.571973;130.0;3;3.0;HOME;2.5;2.5
Rua Marcondes de Andrade;Vila Sao Jose Ipiranga;São Paulo;-23.586704;-46.613354;165.0;3;1.0;HOME;2.2;2.2
Avenida Aratãs;Planalto Paulista;São Paulo;-23.613291;-46.658099;260.0;2;1.0;HOME;3.0;3.0
Rua Oliveira Barbosa;Vila Barbosa;São Paulo;-23.49967;-46.673277;90.0;2;1.0;HOME;1.2;1.2
Rua Firminópolis;Jardim Vista Alegre;São Paulo;-23.451553;-46.689767;150.0;4;1.0;HOME;1.3;1.3
Rua Professor Alfredo Aschar;Morumbi;São Paulo;-23.598813;-46.721709;375.0;3;6.0;HOME;6.5;6.5
Rua Mandiçununga;Vila Inah;São Paulo;-23.59396;-46.727039;152.0;2;2.0;HOME;2.7;2.7
Rua Atucuri;Chácara Santo Antônio Zona Leste;São Paulo;-23.54934;-46.547682;64.0;2;1.0;HOME;2.0;2.09
Rua Pedro Bonilha;Piqueri;São Paulo;-23.502812;-46.710942;180.0;2;1.0;HOME;1.9;1.9
Rua Padre Agostinho Mendicute;Sumaré;São Paulo;-23.544189;-46.689987;200.0;3;2.0;HOME;5.0;5.0
Rua Elvira;Vila Gustavo;São Paulo;-23.48923;-46.596634;160.0;3;0.0;HOME;1.79;1.79
Rua Pascal;Campo Belo;São Paulo;-23.624087;-46.667507;170.0;3;2.0;HOME;3.5;3.5
Rua Salvador Rosa;Vila das Mercês;São Paulo;-23.623872;-46.614827;180.0;3;2.0;HOME;2.75;2.75
Rua Coelho de Carvalho;Alto da Lapa;São Paulo;-23.537245;-46.714777;150.0;4;1.0;HOME;3.8;3.8
Avenida Albert Bartholome;Jardim das Vertentes;São Paulo;-23.588461;-46.742971;180.0;3;6.0;HOME;4.0;4.0
Rua Frei Fidélis Mota;Vila Jacuí;São Paulo;-23.493069;-46.462882;100.0;3;1.0;HOME;1.5;1.5
Rua Juno;Vila Carrão;São Paulo;-23.547544;-46.529196;250.0;3;4.0;HOME;2.8;2.8
Rua Doutor Argemiro Couto de Barros;Vila Mariana;São Paulo;-23.495122;-46.729158;160.0;3;2.0;HOME;2.8;2.8
Rua Padre Raposo;Móoca;São Paulo;-23.560122;-46.597183;60.0;1;0.0;HOME;1.0;1.0
Rua Fernão Marques;Vila Ema;São Paulo;-23.580536;-46.564687;65.0;2;1.0;HOME;1.19;1.245
Rua Henrique Nicola Vinet;Jardim Palmares;São Paulo;-23.68794;-46.675121;120.0;3;2.0;HOME;2.8;2.8
Rua Dante Pellacani;Tatuapé;São Paulo;-23.552845;-46.575631;175.0;3;2.0;HOME;3.0;3.0
Rua Doutor Virgílio Machado;Cangaíba;São Paulo;-23.511378;-46.52883;110.0;3;2.0;HOME;2.0;2.0
Rua Bertioga;Saúde;São Paulo;-23.613516;-46.633051;65.0;2;0.0;HOME;2.5;2.5
Rua Pixurim;Vila Marieta;São Paulo;-23.518191;-46.52642;60.0;2;1.0;HOME;1.7;1.7
Rua Alinare;Vila Regente Feijó;São Paulo;-23.561352;-46.571559;200.0;3;2.0;HOME;3.7;3.7
Rua Doutor Jesuíno Maciel;Campo Belo;São Paulo;-23.620134;-46.67083;161.0;3;2.0;HOME;4.5;4.5
Rua Simão Lopes;Vila das Mercês;São Paulo;-23.631396;-46.607034;180.0;4;2.0;HOME;2.9;2.9
Rua Ulpiano dos Santos;Vila Ema;São Paulo;-23.586982;-46.534965;105.0;3;2.0;HOME;2.0;2.0
Rua Jaboticabal;Vila Bertioga;São Paulo;-23.560303;-46.582652;110.0;2;1.0;HOME;2.5;2.5
Rua Antônio Macedo;Tatuapé;São Paulo;-23.52979;-46.564024;140.0;3;2.0;HOME;3.0;3.0
Rua dos Beija Flôres;Jabaquara;São Paulo;-23.656628;-46.644024;200.0;3;2.0;HOME;3.5;3.5
Rua Tapendi;Vila Bonilha;São Paulo;-23.49347;-46.71464;200.0;3;2.0;HOME;2.5;2.5
Rua Moacir Miguel da Silva;Jardim Bonfiglioli;São Paulo;-23.583561;-46.744631;175.0;3;4.0;HOME;3.5;3.5
Rua Alexandre Dumas;Chácara Santo Antônio;São Paulo;-23.634937;-46.699604;220.0;3;2.0;HOME;7.0;7.0
Rua Bergamota;Alto da Lapa;São Paulo;-23.538399;-46.717489;125.0;2;1.0;HOME;2.6;2.6
Rua Martins Júnior;Freguesia do Ó;São Paulo;-23.48531;-46.701494;40.0;2;1.0;HOME;1.351;1.351
Rua Itamirindiba;Pinheiros;São Paulo;-23.562696;-46.698556;134.0;3;2.0;HOME;7.0;7.0
Rua Toriba;Vila Canero;São Paulo;-23.567477;-46.570657;50.0;1;1.0;HOME;1.3;1.3
Avenida Professor José Maria Alkmin;Jardim Ester;São Paulo;-23.579089;-46.755368;100.0;3;5.0;HOME;3.0;3.0
Rua Jataituba;Brooklin;São Paulo;-23.623767;-46.688681;130.0;2;2.0;HOME;3.7;3.7
Avenida Moaci;Indianópolis;São Paulo;-23.620097;-46.652942;250.0;2;2.0;HOME;3.5;3.5
Rua Jaime Ribeiro Passos;Móoca;São Paulo;-23.569875;-46.578114;50.0;1;1.0;HOME;1.3;1.3
Rua Barão de Jaceguai;Campo Belo;São Paulo;-23.614609;-46.669346;180.0;4;1.0;HOME;3.5;3.5
Alameda Jaú;Jardim Paulista;São Paulo;-23.55894;-46.663321;150.0;3;2.0;HOME;6.5;6.501
Rua Alberto Nascimento Júnior;Jardim Bonfiglioli;São Paulo;-23.578463;-46.742934;80.0;2;1.0;HOME;2.4;2.4
Rua da União;Vila Mariana;São Paulo;-23.581289;-46.631299;200.0;2;2.0;HOME;2.5;2.5
Rua Desembargador do Vale;Perdizes;São Paulo;-23.53243;-46.684148;120.0;3;2.0;HOME;5.5;5.5
Rua Embuaçu;Vila Mariana;São Paulo;-23.59602;-46.626443;50.0;1;1.0;HOME;1.8;1.9
Rua Durval Pedroso da Silva;Vila Castelo;São Paulo;-23.675035;-46.668726;43.0;1;1.0;HOME;1.25;1.25
Rua Caparaó;Vila Formosa;São Paulo;-23.565346;-46.539118;80.0;2;1.0;HOME;1.5;1.5
Rua Estado de Rondônia;Jardim Cidade Pirituba;São Paulo;-23.482563;-46.728526;100.0;3;2.0;HOME;2.25;2.25
Rua Maria das Dores;Penha De Franca;São Paulo;-23.52336;-46.537937;140.0;3;1.0;HOME;2.15;2.15
Rua Nonoai;Cangaíba;São Paulo;-23.502255;-46.495639;80.0;2;1.0;HOME;1.3;1.3
Rua Capão do Rego;Bosque da Saúde;São Paulo;-23.604132;-46.607226;62.0;2;2.0;HOME;2.8;2.8
Rua José Ferreira da Rocha Filho;Vila Sônia;São Paulo;-23.600733;-46.738452;110.0;2;3.0;HOME;2.5;2.5
Rua Pedro Voss;Vila Carrão;São Paulo;-23.560146;-46.53017;200.0;2;4.0;HOME;2.7;2.7
Rua Conceição de Monte Alegre;Brooklin;São Paulo;-23.602473;-46.683597;147.0;3;2.0;HOME;3.8;3.8
Rua Jurupité;Butantã;São Paulo;-23.588733;-46.729123;170.0;3;4.0;HOME;3.35;3.35
Rua Jotacá;Vila Picinin;São Paulo;-23.490842;-46.709543;430.0;5;4.0;HOME;4.0;4.0
Rua Cotoxó;Perdizes;São Paulo;-23.533592;-46.685684;200.0;3;2.0;HOME;5.5;5.5
Rua Concepcion Arenal;Vila Santa Catarina;São Paulo;-23.654339;-46.651686;121.0;3;2.0;HOME;1.8;1.8
Rua Jaguapitã;Vila Natalia;São Paulo;-23.624719;-46.597801;90.0;2;2.0;HOME;2.2;2.2
Rua Ligiana;Vila Santa Clara;São Paulo;-23.575148;-46.563133;70.0;2;1.0;HOME;1.5;1.735
Rua Porto do Sapé;Jardim Petrópolis;São Paulo;-23.629819;-46.685345;121.0;2;1.0;HOME;5.0;5.0
Rua Santiago Ferrer;Parque Ipê;São Paulo;-23.599748;-46.798353;120.0;3;2.0;HOME;2.2;2.2
Rua Ugo Taddei;Jabaquara;São Paulo;-23.636975;-46.657058;290.0;4;4.0;HOME;3.5;3.5
Rua Caçaquera;Tatuapé;São Paulo;-23.555551;-46.551665;200.0;3;2.0;HOME;3.0;3.0
Rua Messina;Parque Palmas do Tremembé;São Paulo;-23.460087;-46.609169;360.0;3;6.0;HOME;3.5;3.5
Rua Brás Sangiovanni;Saúde;São Paulo;-23.625685;-46.63199;175.0;2;1.0;HOME;2.1;2.1
Rua Almeida Lisboa;Ipiranga;São Paulo;-23.600484;-46.618596;50.0;1;0.0;HOME;1.3;1.3
Rua Tenente Azevedo;Cambuci;São Paulo;-23.566167;-46.627257;90.0;2;1.0;HOME;1.9;1.9
Rua Nélio Batista Guimarães;Ermelino Matarazzo;São Paulo;-23.504152;-46.485454;70.0;2;1.0;HOME;1.3;1.47
Rua Rio do Sul;Vila Santa Clara;São Paulo;-23.578057;-46.557749;60.0;2;1.0;HOME;1.2;1.2
Rua Catarina Braida;Móoca;São Paulo;-23.551778;-46.596267;60.0;2;0.0;HOME;1.9;1.9
Rua Jurubim;Pirituba;São Paulo;-23.484905;-46.750022;60.0;1;0.0;HOME;750.0;750.0
Rua Budapeste;Sacomã;São Paulo;-23.618685;-46.60019;196.0;3;5.0;HOME;3.3;3.3
Rua Francisco Dias Velho;Brooklin;São Paulo;-23.620106;-46.6856;435.0;5;8.0;HOME;10.0;10.0
Rua Heitor de Gusmão Uchoa;Butantã;São Paulo;-23.57977;-46.74828;279.0;3;2.0;HOME;3.0;3.0
Rua Engenheiro Elias Machado de Almeida;Caxingui;São Paulo;-23.582027;-46.722354;330.0;4;5.0;HOME;6.0;6.0
Rua Doutor Virgílio Machado;Vila Pierina;São Paulo;-23.509767;-46.528696;82.0;3;1.0;HOME;1.95;2.442
Rua da Esperança;Vila Gustavo;São Paulo;-23.48255;-46.593914;60.0;2;0.0;HOME;1.1;1.1
Rua Padre Luiz da Grã;Vila das Mercês;São Paulo;-23.61788;-46.608062;80.0;2;1.0;HOME;1.47;1.47
Rua Peres Júnior;Mandaqui;São Paulo;-23.480272;-46.623237;200.0;3;2.0;HOME;3.5;3.5
Rua Jaboticabal;Móoca;São Paulo;-23.566529;-46.575902;85.0;3;1.0;HOME;1.65;1.65
Rua Magarinos Torres;Vila Maria;São Paulo;-23.518069;-46.585689;80.0;2;0.0;HOME;1.6;1.6
Rua Camatei;Vila Gustavo;São Paulo;-23.484289;-46.592969;45.0;2;0.0;HOME;2.001;2.001
Rua João Neder;Jardim Nazareth;São Paulo;-23.518006;-46.409747;60.0;2;1.0;HOME;750.0;750.0
Rua Tapuitinga;Vila Carrão;São Paulo;-23.557609;-46.548245;150.0;4;4.0;HOME;4.5;4.5
Avenida Engenheiro Pinto Martins;Vila Rica;São Paulo;-23.58082;-46.519493;250.0;3;3.0;HOME;2.8;2.8
Rua Francisco Perroti;Butantã;São Paulo;-23.580274;-46.72571;280.0;3;0.0;HOME;5.0;5.0
Rua Bento Sabino dos Reis;Vila Ema;São Paulo;-23.581613;-46.544606;90.0;3;2.0;HOME;2.8;2.8
Rua José Francisco Lopes;Vila Nhocune;São Paulo;-23.545747;-46.496414;80.0;2;0.0;HOME;1.2;1.2
Rua Dom Lúcio de Sousa;Bosque da Saúde;São Paulo;-23.604005;-46.62327;80.0;2;0.0;HOME;2.5;2.5
Rua José Andreotti;Guarapiranga;São Paulo;-23.670483;-46.728609;345.0;6;5.0;HOME;5.0;5.0
Travessa Caldeira Filho;Vila Gustavo;São Paulo;-23.479818;-46.592626;100.0;2;0.0;HOME;1.4;1.4
Rua Aleixo Leme dos Reis;Jardim Consórcio;São Paulo;-23.674143;-46.672872;130.0;3;2.0;HOME;2.3;2.3
Rua Tocandira;Vila Regente Feijó;São Paulo;-23.571205;-46.57002;132.0;3;2.0;HOME;2.4;2.4
Rua Terebé;Tatuapé;São Paulo;-23.552572;-46.562479;120.0;2;1.0;HOME;2.2;2.2
Rua Norma Calegari Galetto;Parque Savoy City;São Paulo;-23.565632;-46.485164;70.0;2;1.0;HOME;1.25;1.25
Rua Bacabás;Parque São Lucas;São Paulo;-23.599208;-46.545361;125.0;2;0.0;HOME;1.8;1.8
Rua Viaza;Jardim Aeroporto;São Paulo;-23.63503;-46.662443;130.0;3;2.0;HOME;1.85;1.85
Rua do Oratório;Alto da Mooca;São Paulo;-23.555909;-46.599885;87.0;2;1.0;HOME;1.5;1.5
Rua Eugênia de Guerin;Sapopemba;São Paulo;-23.60615;-46.495744;120.0;2;1.0;HOME;1.2;1.2
Rua Guaxupé;Tatuapé;São Paulo;-23.556298;-46.552884;45.0;2;1.0;HOME;2.2;2.2
Rua Coronel Quartim;Tatuapé;São Paulo;-23.5332;-46.581005;70.0;2;2.0;HOME;2.35;2.35
Rua Cambaquara;Jardim São Paulo;São Paulo;-23.491294;-46.620659;215.0;3;6.0;HOME;5.0;5.0
Rua Iborepi;Artur Alvim;São Paulo;-23.534365;-46.481826;60.0;2;0.0;HOME;800.0;800.0
Avenida Pedro Bueno;Jabaquara;São Paulo;-23.633352;-46.647153;220.0;3;4.0;HOME;3.5;3.5
Praça Levi Carneiro;Vila Celeste;São Paulo;-23.577555;-46.566238;50.0;1;1.0;HOME;1.2;1.2
Avenida São Miguel;Ponte Rasa;São Paulo;-23.512887;-46.515316;50.0;1;1.0;HOME;1.0;1.0
Rua Baronesa de Porto Carreiro;Barra Funda;São Paulo;-23.519578;-46.655059;105.0;3;0.0;HOME;3.3;3.3
Rua Félix Della Rosa;Vila Anglo Brasileira;São Paulo;-23.537837;-46.692842;90.0;2;2.0;HOME;2.65;3.177
Rua César Augusto;Vila Romana;São Paulo;-23.527602;-46.69501;90.0;3;2.0;HOME;3.5;3.5
Rua Conceição da Brejauba;Ponte Rasa;São Paulo;-23.519079;-46.502875;50.0;2;0.0;HOME;850.0;850.0
Rua Nossa Senhora dos Anjos;Vila Santa Clara;São Paulo;-23.572943;-46.558867;90.0;3;2.0;HOME;2.2;2.35
Rua Canhoneira Mearim;Vila Maria Alta;São Paulo;-23.503897;-46.580487;50.0;2;0.0;HOME;1.2;1.2
Rua Odete Gomes Barreto;Vila Carrão;São Paulo;-23.544798;-46.540441;280.0;3;2.0;HOME;2.7;2.7
Rua Aída Lang Bortolato;Jaguaré;São Paulo;-23.541507;-46.758263;300.0;3;2.0;HOME;5.0;5.0
Avenida Ceci;Planalto Paulista;São Paulo;-23.619559;-46.650324;160.0;3;2.0;HOME;3.9;3.9
Rua Desembargador Artur Whitaker;Morumbi;São Paulo;-23.614768;-46.750174;280.0;4;4.0;HOME;5.0;5.0
Rua da Independência;Cambuci;São Paulo;-23.565205;-46.6191;70.0;2;1.0;HOME;1.5;1.5
Rua Doutor Luís Augusto de Queirós Aranha;Alto de Pinheiros;São Paulo;-23.542017;-46.706893;300.0;3;0.0;HOME;4.28;4.28
Rua Maestro Eduardo de Guarnieri;Interlagos;São Paulo;-23.700979;-46.7122;380.0;4;5.0;HOME;6.0;6.0
Rua Azem Abdala Azem;Jardim Bonfiglioli;São Paulo;-23.582975;-46.734608;100.0;2;2.0;HOME;2.8;2.8
Rua Doutor Oscavo de Paula e Silva;Campo Belo;São Paulo;-23.616697;-46.66915;170.0;3;3.0;HOME;4.5;4.5
Rua Frei Bernardino Coste;Vila Ema;São Paulo;-23.593694;-46.515593;60.0;1;0.0;HOME;600.0;600.0
Rua Mota Pais;Vila Romana;São Paulo;-23.52919;-46.697924;220.0;3;2.0;HOME;7.0;7.0
Rua Domingos Muniz;Jardim Virgínia Bianca;São Paulo;-23.455972;-46.6117;335.0;4;6.0;HOME;6.5;6.5
Rua Engenheiro Francisco de Godói;Santo Amaro;São Paulo;-23.645789;-46.706685;130.0;4;3.0;HOME;5.5;5.5
Rua José de Almeida;Vila Ede;São Paulo;-23.490883;-46.595008;60.0;2;0.0;HOME;1.0;1.0
Rua Colônia da Glória;Vila Mariana;São Paulo;-23.585652;-46.626979;34.0;1;0.0;HOME;1.0;1.0
Travessa Luís Asioli;Vila Prudente;São Paulo;-23.580726;-46.572445;148.0;3;2.0;HOME;2.2;2.2
Rua Corumbaiba;Móoca;São Paulo;-23.569325;-46.576705;45.0;1;0.0;HOME;850.0;850.0
Rua Cuevas;Lapa;São Paulo;-23.523227;-46.711725;180.0;2;5.0;HOME;4.2;4.2
Rua Doutor Luís Augusto de Queirós Aranha;Pinheiros;São Paulo;-23.542017;-46.706893;300.0;2;2.0;HOME;4.0;4.0
Rua Karl Czernick;Santo Amaro;São Paulo;-23.653462;-46.715405;150.0;3;2.0;HOME;3.75;3.75
Rua Tanquinho;Tatuapé;São Paulo;-23.53377;-46.576828;250.0;4;4.0;HOME;5.5;5.5
Rua Ibitirama;Vila Prudente;São Paulo;-23.590032;-46.58245;89.0;2;0.0;HOME;1.65;1.65
Rua Doutor Ricardo Batista;Bela Vista;São Paulo;-23.551927;-46.643784;220.0;3;1.0;HOME;3.4;3.4
Rua Osaka;Jardim Japão;São Paulo;-23.505479;-46.573474;40.0;1;0.0;HOME;700.0;700.0
Alameda dos Tupiniquins;Planalto Paulista;São Paulo;-23.614927;-46.662414;108.0;3;2.0;HOME;5.5;5.5
Avenida Renata;Vila Formosa;São Paulo;-23.575669;-46.541612;50.0;1;0.0;HOME;950.0;950.0
Travessa Maria Martins da Silva;Parque Edu Chaves;São Paulo;-23.473235;-46.570816;70.0;2;0.0;HOME;1.2;1.2
Rua dos Pinheiros;Pinheiros;São Paulo;-23.564442;-46.679501;300.0;1;0.0;HOME;10.8;10.8
Rua Ibiapaba;Vila Sônia;São Paulo;-23.591582;-46.729892;88.0;2;1.0;HOME;2.5;2.5
Rua Teodoro Horst;Tucuruvi;São Paulo;-23.471579;-46.609893;70.0;2;0.0;HOME;1.554;1.554
Rua Baluarte;Vila Olímpia;São Paulo;-23.59975;-46.674944;144.0;3;1.0;HOME;5.0;5.0
Avenida Conceição;Vila Maria;São Paulo;-23.496352;-46.576391;51.0;2;0.0;HOME;1.18;1.18
Avenida das Cerejeiras;Jardim Japão;São Paulo;-23.506917;-46.577766;175.0;3;3.0;HOME;3.3;3.3
Rua Vicente Leporace;Campo Belo;São Paulo;-23.629841;-46.674862;144.0;3;2.0;HOME;4.8;4.8
Rua Marquês do Lavradio;Vila Formosa;São Paulo;-23.568302;-46.524162;190.0;5;8.0;HOME;4.9;4.9
Rua Cinco de Maio;Vila Esperança;São Paulo;-23.527418;-46.520199;120.0;2;2.0;HOME;2.2;2.25
Rua Gassipós;Vila Mariana;São Paulo;-23.589996;-46.645367;160.0;3;3.0;HOME;5.0;5.0
Avenida General Penha Brasil;Vila Dionísia;São Paulo;-23.469511;-46.666652;48.0;2;0.0;HOME;1.05;1.15
Rua Manuel Bolto;Vila Hamburguesa;São Paulo;-23.534541;-46.725517;223.0;3;4.0;HOME;6.8;6.8
Rua Assupá;Vila Prudente;São Paulo;-23.580334;-46.576248;120.0;2;1.0;HOME;2.48;2.48
Rua Campo Largo;Móoca;São Paulo;-23.566313;-46.577603;120.0;3;1.0;HOME;2.1;2.1
Rua Jaguariaiva;Vila Guilhermina;São Paulo;-23.532169;-46.511755;116.0;3;3.0;HOME;2.98;2.98
Rua Ribeirão das Almas;Casa Verde;São Paulo;-23.492915;-46.68688;75.0;1;0.0;HOME;1.2;1.2
Rua do Radium;Jardim Petrópolis;São Paulo;-23.632206;-46.680788;120.0;2;2.0;HOME;2.3;2.3
Rua Ziembinski;Lapa;São Paulo;-23.5264;-46.727781;215.0;3;3.0;HOME;5.0;5.0
Rua Teodósio Nobre;Vila Marari;São Paulo;-23.668434;-46.665539;350.0;5;4.0;HOME;4.311;4.311
Rua Imembuí;Chácara Califórnia;São Paulo;-23.539005;-46.547406;80.0;2;0.0;HOME;1.2;1.2
Avenida Doutor Benedito Estevam dos Santos;Vila Maria;São Paulo;-23.499913;-46.58504;210.0;2;0.0;HOME;3.3;3.3
Rua Francisco Dias;Bosque da Saúde;São Paulo;-23.614329;-46.619597;373.0;5;4.0;HOME;3.5;3.5
Rua Aimberê;Perdizes;São Paulo;-23.535543;-46.68018;237.0;4;2.0;HOME;7.1;7.1
Avenida Manuel Antônio Gonçalves;Vila Maria;São Paulo;-23.497226;-46.57242;261.0;2;5.0;HOME;3.2;3.2
Rua Visconde de Sucena;Vila Mazzei;São Paulo;-23.462349;-46.59392;38.0;2;0.0;HOME;849.0;849.0
Rua Hidrolina;Pirituba;São Paulo;-23.465167;-46.721262;180.0;3;2.0;HOME;3.0;3.0
Rua Rafael Arnoni;Vila Irmãos Arnoni;São Paulo;-23.455047;-46.625513;280.0;4;5.0;HOME;6.7;6.7
Rua Nova Cidade;Vila Olímpia;São Paulo;-23.599387;-46.680975;218.0;2;1.0;HOME;4.5;4.5
Rua Joaquim Lage;Sapopemba;São Paulo;-23.5984;-46.535623;280.0;3;2.0;HOME;3.94;3.94
Rua Michigan;Brooklin;São Paulo;-23.615334;-46.68548;35.0;1;1.0;HOME;1.8;1.8
Rua Erva Imperial;Jardim Guairaca;São Paulo;-23.600721;-46.54112;80.0;2;2.0;HOME;1.75;1.75
Rua Mariquita Artacho;Cangaíba;São Paulo;-23.505236;-46.534768;10.0;4;1.0;HOME;2.25;2.25
Rua Elvira de Bortole;Parada Inglesa;São Paulo;-23.489807;-46.601531;133.0;3;7.0;HOME;3.3;3.3
Rua Paraguassu;Perdizes;São Paulo;-23.536791;-46.663731;220.0;3;1.0;HOME;5.0;5.0
Rua Oliveira Alves;Ipiranga;São Paulo;-23.585607;-46.606327;136.0;2;2.0;HOME;4.0;4.0
Rua Anjos do Mar;Freguesia do Ó;São Paulo;-23.502193;-46.697593;135.0;3;2.0;HOME;3.0;3.0
Rua Batista Caetano;Aclimação;São Paulo;-23.577134;-46.627898;300.0;3;2.0;HOME;3.5;3.5
Rua Mira;Jardim Fernandes;São Paulo;-23.552271;-46.500956;250.0;3;6.0;HOME;4.15;4.15
Rua Guarapuã;Tucuruvi;São Paulo;-23.478978;-46.612353;600.0;4;5.0;HOME;5.2;5.2
Rua João Roberto Thut;Limão;São Paulo;-23.490433;-46.68047;140.0;3;2.0;HOME;2.2;2.2
Rua Doutor Fábio Sá Barreto;Vila Virginia;São Paulo;-23.594327;-46.528899;80.0;2;0.0;HOME;1.15;1.15
Rua Capimirim;Brooklin;São Paulo;-23.601431;-46.686996;140.0;3;3.0;HOME;4.8;4.8
Avenida Bosque da Saúde;Chácara Inglesa;São Paulo;-23.611471;-46.632341;90.0;2;0.0;HOME;2.8;2.8
Rua Piatá;Vila Isolina Mazzei;São Paulo;-23.497769;-46.603678;95.0;3;1.0;HOME;1.8;1.8
Rua Chapecó;Mirandópolis;São Paulo;-23.608574;-46.645853;209.0;3;3.0;HOME;4.0;4.0
Avenida Trumain;Vila Formosa;São Paulo;-23.563744;-46.535304;55.0;1;0.0;HOME;1.0;1.0
Rua Tijuco Preto;Tatuapé;São Paulo;-23.544626;-46.574367;150.0;1;0.0;HOME;3.2;3.2
Rua Calídice;Vila Jacuí;São Paulo;-23.497605;-46.466883;320.0;3;4.0;HOME;4.0;4.0
Rua Prado;Jabaquara;São Paulo;-23.633184;-46.632688;55.0;1;0.0;HOME;1.1;1.1
Rua Miguel de Freitas Paiva;Vila Carbone;São Paulo;-23.492021;-46.680564;10.0;1;0.0;HOME;850.0;850.0
Rua José Filipe da Silva;Jardim Ester Yolanda;São Paulo;-23.581779;-46.759394;125.0;3;2.0;HOME;3.0;3.0
Rua Dom Estevão Pimentel;Vila Formosa;São Paulo;-23.572718;-46.54405;135.0;3;2.0;HOME;2.6;2.6
Rua Belchior de Ordas;Vila Leonor;São Paulo;-23.500219;-46.593545;40.0;1;1.0;HOME;850.0;850.0
Rua Siqueira Silva;Penha De Franca;São Paulo;-23.522731;-46.539377;90.0;2;0.0;HOME;1.0;1.0
Rua Ribeiro do Vale;Brooklin;São Paulo;-23.60629;-46.681908;205.0;3;4.0;HOME;6.5;6.5
Rua Rabino Zalman Zingerevitz;Santana;São Paulo;-23.485188;-46.64708;350.0;3;4.0;HOME;4.0;4.0
Rua Francisco Bayardo;Perdizes;São Paulo;-23.53822;-46.688342;150.0;3;4.0;HOME;6.0;6.0
Rua Ângelo Calandrino;Tucuruvi;São Paulo;-23.473241;-46.584764;120.0;3;2.0;HOME;3.0;3.0
Rua Álvaro Rodrigues;Brooklin;São Paulo;-23.619962;-46.68982;200.0;3;1.0;HOME;5.5;5.5
Praça Carlos Koseritz;Vila Sabrina;São Paulo;-23.486315;-46.568146;100.0;2;1.0;HOME;1.25;1.25
Rua dos Ciclames;Vila Prudente;São Paulo;-23.593733;-46.574453;86.0;2;0.0;HOME;1.3;1.3
Rua Afonso José de Carvalho;Vila Madalena;São Paulo;-23.544266;-46.702288;100.0;2;2.0;HOME;3.8;3.8
Rua Joaquim de Almeida;Mirandópolis;São Paulo;-23.606251;-46.644966;144.0;3;2.0;HOME;4.5;4.5
Rua Lourenço Castanho;Vila Nova Conceição;São Paulo;-23.588422;-46.664643;540.0;3;2.0;HOME;10.5;10.5
Rua Rafael de Oliveira;Mandaqui;São Paulo;-23.484768;-46.624097;70.0;3;0.0;HOME;1.75;1.75
Rua Duarte da Costa;Alto da Lapa;São Paulo;-23.528441;-46.71247;210.0;2;1.0;HOME;5.5;5.5
Rua Monte Serrat;Tatuapé;São Paulo;-23.542182;-46.561812;65.0;2;0.0;HOME;2.5;2.5
Rua Ismael Neri;Água Fria;São Paulo;-23.481302;-46.615122;222.0;5;4.0;HOME;6.0;6.0
Rua Professora Haidêe Silva Martins;Jardim Campo Grande;São Paulo;-23.676511;-46.687606;300.0;4;4.0;HOME;6.5;6.84
Rua São Bernardo;Tatuapé;São Paulo;-23.545189;-46.577833;113.0;3;2.0;HOME;2.49;2.49
Avenida Comendador Alberto Bonfiglioli;Jardim Bonfiglioli;São Paulo;-23.58168;-46.734077;290.0;3;2.0;HOME;4.6;4.6
Rua Vasconcelos Drumond;Vila Monumento;São Paulo;-23.580818;-46.615495;40.0;1;0.0;HOME;1.0;1.0
Rua Aspicuelta;Vila Madalena;São Paulo;-23.558262;-46.690597;235.0;3;3.0;HOME;5.5;5.5
Rua Traituba;Saúde;São Paulo;-23.613115;-46.632597;38.0;1;0.0;HOME;1.55;1.69
Avenida Piassanguaba;Planalto Paulista;São Paulo;-23.615643;-46.647013;300.0;4;3.0;HOME;4.23;4.23
Rua Guiratinga;Bosque da Saúde;São Paulo;-23.609323;-46.629439;136.0;4;4.0;HOME;4.5;4.5
Rua Izar;Saúde;São Paulo;-23.600447;-46.631148;200.0;3;4.0;HOME;5.0;5.0
Rua Carbonífera;Sapopemba;São Paulo;-23.59555;-46.521874;208.0;4;0.0;HOME;2.45;2.45
Rua Piacatu;Vila Santa Teresinha;São Paulo;-23.536844;-46.434353;40.0;1;1.0;HOME;800.0;800.0
Rua Aristides Pileggi;Vila Prudente;São Paulo;-23.580502;-46.573572;98.0;2;2.0;HOME;2.4;2.4
Rua Professor Antônio Filgueiras de Lima;Rio Pequeno;São Paulo;-23.567515;-46.748711;30.0;1;1.0;HOME;1.1;1.1
Avenida Professor Xavier de Lima;Jardim Hercilia;São Paulo;-23.541639;-46.505618;30.0;1;0.0;HOME;500.0;500.0
Rua Leandro Dupré;Vila Clementino;São Paulo;-23.605081;-46.647044;162.0;3;2.0;HOME;5.5;5.5
Rua Mário la Torre;Santana;São Paulo;-23.502592;-46.642436;250.0;3;2.0;HOME;6.0;6.0
Rua Coronel Silvério Antônio de Morais;Saúde;São Paulo;-23.628711;-46.621411;162.0;3;1.0;HOME;2.5;2.5
Rua Marcelo Müller;Vila Prudente;São Paulo;-23.588413;-46.560938;100.0;2;1.0;HOME;2.0;2.0
Rua Barão de Juparanã;Vila Zelina;São Paulo;-23.591912;-46.575956;80.0;2;0.0;HOME;1.8;1.8
Rua Manuel Onha;Alto da Mooca;São Paulo;-23.571005;-46.578275;55.0;1;0.0;HOME;1.0;1.0
Rua Monsenhor Ariovaldo de Oliveira;Vila Olímpia;São Paulo;-23.591195;-46.679103;100.0;3;2.0;HOME;4.0;4.0
Rua Dona Layr Costa Rego;Butantã;São Paulo;-23.586696;-46.736187;250.0;4;2.0;HOME;6.5;6.5
Rua Camila Potenza Forte;Bom Retiro;São Paulo;-23.523774;-46.638818;90.0;2;0.0;HOME;2.1;2.1
Rua Ana Benvinda de Andrade;Santana;São Paulo;-23.493202;-46.626718;150.0;3;0.0;HOME;2.99;2.99
Rua Oscar Schade;Vila Inglesa;São Paulo;-23.664848;-46.674703;60.0;3;1.0;HOME;1.7;1.7
Rua Mauro;Saúde;São Paulo;-23.620306;-46.641598;141.0;2;1.0;HOME;2.8;2.8
Rua Balbina Hares;Cangaíba;São Paulo;-23.50605;-46.535728;10.0;2;2.0;HOME;900.0;900.0
Rua Tindo;Sapopemba;São Paulo;-23.599616;-46.527651;73.0;1;0.0;HOME;900.0;900.0
Rua Roque Petrella;Brooklin;São Paulo;-23.618514;-46.690252;162.0;3;2.0;HOME;5.5;5.5
Rua Joaquim Nabuco;Brooklin;São Paulo;-23.632528;-46.67302;300.0;3;3.0;HOME;8.5;8.5
Avenida Ireré;Planalto Paulista;São Paulo;-23.618759;-46.649561;111.0;3;6.0;HOME;3.6;3.6
Rua Umberto Boccioni;Lauzane Paulista;São Paulo;-23.470472;-46.640901;264.0;4;4.0;HOME;5.5;5.5
Rua Marechal Aristóteles Dantas;Vila Maria;São Paulo;-23.484371;-46.589311;170.0;3;4.0;HOME;5.0;5.0
Avenida Bosque da Saúde;Saúde;São Paulo;-23.61315;-46.620304;200.0;2;1.0;HOME;2.803;2.803
Rua Comendador Orlando Stevaux;Campo Belo;São Paulo;-23.62651;-46.672353;125.0;2;2.0;HOME;4.0;4.0
Rua Cuevas;Butantã;São Paulo;-23.524079;-46.714231;90.0;2;2.0;HOME;3.5;3.5
Rua Guaraciaba;Tatuapé;São Paulo;-23.538342;-46.552584;70.0;1;0.0;HOME;1.88;1.88
Rua Bactória;Vila Formosa;São Paulo;-23.575114;-46.521821;50.0;1;0.0;HOME;850.0;850.0
Rua Valença;Sumaré;São Paulo;-23.545181;-46.679864;360.0;3;3.0;HOME;8.8;8.8
Rua Doutor Joviano Telles;Brooklin;São Paulo;-23.64086;-46.675353;110.0;3;2.0;HOME;3.5;3.5
Avenida Alziro Zarur;Parque Savoy City;São Paulo;-23.562312;-46.482797;60.0;1;0.0;HOME;800.0;800.0
Rua Bururi;Cangaíba;São Paulo;-23.512437;-46.523191;10.0;3;1.0;HOME;1.5;1.5
Rua dos Três Irmãos;Morumbi;São Paulo;-23.590828;-46.71476;254.0;5;4.0;HOME;5.5;5.5
Avenida Manuel Antônio Gonçalves;Jardim Guança;São Paulo;-23.495283;-46.571638;150.0;3;2.0;HOME;2.2;2.2
Rua Quixadá;Vila Invernada;São Paulo;-23.56929;-46.568129;90.0;2;1.0;HOME;2.25;2.25
Rua Kiev;Pirituba;São Paulo;-23.471747;-46.714457;40.0;1;0.0;HOME;650.0;650.0
Rua Columbus;Vila Leopoldina;São Paulo;-23.525013;-46.733582;90.0;2;1.0;HOME;3.49;3.49
Rua Precilia Rodrigues;Piqueri;São Paulo;-23.502519;-46.709078;50.0;1;0.0;HOME;700.0;700.0
Rua Joaquim Távora;Vila Mariana;São Paulo;-23.583604;-46.635926;128.0;3;1.0;HOME;5.0;5.0
Rua Mirassol;Vila Clementino;São Paulo;-23.600549;-46.640477;198.0;4;3.0;HOME;5.2;5.2
Rua das Gamboas;Vila Mazzei;São Paulo;-23.466741;-46.60231;70.0;1;0.0;HOME;1.15;1.15
Rua Doutor Sanareli;Vila Prudente;São Paulo;-23.582204;-46.574325;108.0;3;1.0;HOME;2.8;2.8
Rua Augusto Colim;Cangaíba;São Paulo;-23.503118;-46.503873;60.0;2;0.0;HOME;900.0;900.0
Rua General Góis Monteiro;Vila Madalena;São Paulo;-23.543839;-46.693242;130.0;3;3.0;HOME;5.0;5.0
Rua Henning Boilesen;Vila Lageado;São Paulo;-23.552175;-46.75442;120.0;3;1.0;HOME;1.8;1.8
Rua Leiria;Jardim Luzitânia;São Paulo;-23.593964;-46.66135;690.0;4;2.0;HOME;60.0;60.0
Rua Caxambu;Chácara Santo Antônio Zona Leste;São Paulo;-23.549507;-46.549621;125.0;3;2.0;HOME;3.0;3.0
Rua Queluzita;Butantã;São Paulo;-23.574955;-46.7144;455.0;4;4.0;HOME;7.5;8.044
Rua Carmelo Adam;Vila Libanesa;São Paulo;-23.575804;-46.576951;40.0;1;0.0;HOME;750.0;750.0
Rua Ipaobi;Jabaquara;São Paulo;-23.643169;-46.656625;45.0;1;0.0;HOME;900.0;900.0
Rua Jaguariaiva;Vila Guilhermina;São Paulo;-23.532072;-46.511684;210.0;3;0.0;HOME;2.8;2.8
Rua Maria Teresa Assunção;Penha De Franca;São Paulo;-23.516664;-46.542709;50.0;1;0.0;HOME;1.0;1.05
Rua Santo Egídio;Santa Terezinha;São Paulo;-23.492179;-46.636143;220.0;3;4.0;HOME;4.5;4.5
Rua dos Ciclames;Vila Alpina;São Paulo;-23.595923;-46.572081;170.0;3;0.0;HOME;2.5;2.5
Rua Ivaí;Tatuapé;São Paulo;-23.531917;-46.57946;45.0;1;0.0;HOME;1.0;1.0
Rua Domingos Fasolari;Casa Verde;São Paulo;-23.510701;-46.655655;300.0;2;5.0;HOME;3.5;3.5
Rua Ulisses Cruz;Tatuapé;São Paulo;-23.528196;-46.576613;48.0;1;0.0;HOME;970.0;970.0
Rua Perequê;Penha De Franca;São Paulo;-23.52201;-46.544615;70.0;2;0.0;HOME;900.0;900.0
Avenida Doutor Francisco Mesquita;Vila Prudente;São Paulo;-23.60189;-46.572882;156.0;2;1.0;HOME;2.2;2.605
Rua Manuel Álvares da Costa;Jardim Ester;São Paulo;-23.580525;-46.761219;140.0;3;2.0;HOME;2.8;2.8
Avenida Carlos Liviero;Vila Liviero;São Paulo;-23.645754;-46.59397;65.0;3;1.0;HOME;2.2;2.2
Rua Vitoriana;Jabaquara;São Paulo;-23.644021;-46.654726;200.0;3;0.0;HOME;2.6;2.6
Rua São Valentim;Vila Carrão;São Paulo;-23.549196;-46.529234;63.0;2;2.0;HOME;2.0;2.0
Rua Padre Manuel Luís de Vergueiro;Vila Antonieta;São Paulo;-23.575807;-46.517975;120.0;2;1.0;HOME;2.2;2.2
Rua Domingos Souto Maior;Pirituba;São Paulo;-23.472734;-46.722222;30.0;1;1.0;HOME;580.0;580.0
Rua Valdomiro Fleuri;Jardim Previdência;São Paulo;-23.581663;-46.713116;140.0;3;3.0;HOME;4.5;4.5
Rua Barbalha;Alto da Lapa;São Paulo;-23.53292;-46.719402;200.0;2;1.0;HOME;2.5;2.5
Rua Marcelina;Vila Romana;São Paulo;-23.530345;-46.696348;90.0;2;0.0;HOME;2.2;2.2
Rua Nazaré da Mata;Vila Guilherme;São Paulo;-23.509162;-46.594662;80.0;2;2.0;HOME;1.9;1.9
Avenida Antônio Munhoz Bonilha;Limão;São Paulo;-23.496532;-46.683367;54.0;2;0.0;HOME;1.2;1.2
Rua Guia Lopes;Móoca;São Paulo;-23.559993;-46.600578;268.0;4;2.0;HOME;3.5;3.5
Rua Gonçalo Afonso;Vila Madalena;São Paulo;-23.556642;-46.686378;40.0;1;3.0;HOME;3.0;3.0
Rua Teodoro de Beaurepaire;Vila Dom Pedro I;São Paulo;-23.599736;-46.605826;70.0;2;1.0;HOME;1.9;1.9
Rua Herbert Arruda Pereira;Pirituba;São Paulo;-23.478412;-46.727095;300.0;3;3.0;HOME;3.5;3.5
Rua Lessing;Chácara Belenzinho;São Paulo;-23.581292;-46.550116;60.0;2;1.0;HOME;2.0;2.0
Travessa Armando Rivir;Móoca;São Paulo;-23.573232;-46.586167;150.0;4;2.0;HOME;3.3;3.3
Rua da Imprensa;Vila Sao Jose Ipiranga;São Paulo;-23.589808;-46.615007;200.0;3;4.0;HOME;3.5;3.5
Rua Doutor Malta Cardoso;Vila Gumercindo;São Paulo;-23.609853;-46.616418;90.0;2;0.0;HOME;1.6;1.6
Rua Doutor Diogo de Faria;Vila Clementino;São Paulo;-23.596095;-46.637603;135.0;3;2.0;HOME;4.5;4.5
Rua Gáspar Rodrigues;Vila Formosa;São Paulo;-23.568897;-46.554559;57.0;3;1.0;HOME;1.43;1.43
Rua Amoipira;Vila Isa;São Paulo;-23.669574;-46.692331;90.0;3;8.0;HOME;2.5;2.5
Rua Ubá;Cambuci;São Paulo;-23.567305;-46.624592;50.0;1;0.0;HOME;2.0;2.0
Alameda Afonso Schmidt;Santana;São Paulo;-23.495087;-46.634915;72.0;2;0.0;HOME;2.0;2.0
Rua Guia Lopes;Móoca;São Paulo;-23.55966;-46.600713;250.0;3;8.0;HOME;6.0;6.0
Rua Rafael da Silva;Jardim Virgínia Bianca;São Paulo;-23.45424;-46.610454;35.0;1;1.0;HOME;1.15;1.15
Rua Comendador Elias Zarzur;Alto Da Boa Vista;São Paulo;-23.639567;-46.693844;240.0;3;2.0;HOME;6.0;6.0
Rua João Gomes Júnior;Jardim Bonfiglioli;São Paulo;-23.580943;-46.732748;84.0;2;1.0;HOME;2.3;2.3
Rua Stefan Zweig;Jardim Aeroporto;São Paulo;-23.633509;-46.656967;132.0;3;2.0;HOME;3.8;3.8
Rua Cabral de Menezes;Vila Gomes;São Paulo;-23.577302;-46.734696;60.0;2;0.0;HOME;1.2;1.2
Rua Auriverde;Vila Independência;São Paulo;-23.596007;-46.591489;40.0;1;1.0;HOME;1.3;1.3
Alameda dos Tupiniquins;Moema;São Paulo;-23.614838;-46.662311;150.0;2;2.0;HOME;3.5;3.5
Rua Paraupava;Belém;São Paulo;-23.548138;-46.591506;60.0;1;0.0;HOME;1.35;1.35
Rua Brazópolis;Cangaíba;São Paulo;-23.511998;-46.540624;10.0;1;0.0;HOME;600.0;600.0
Rua Adalberto Kurt;Jardim Libano;São Paulo;-23.485581;-46.730677;70.0;1;0.0;HOME;1.028;1.028
Rua Campo Largo;Vila Bertioga;São Paulo;-23.566313;-46.577603;120.0;3;1.0;HOME;2.1;2.1
Travessa Alto das Perdizes;Perdizes;São Paulo;-23.542406;-46.672977;250.0;4;4.0;HOME;6.5;6.5
Avenida dos Latinos;Jardim Santa Terezinha;São Paulo;-23.573078;-46.497853;280.0;2;0.0;HOME;2.8;2.8
Rua Doutor Afonso Vergueiro;Vila Maria;São Paulo;-23.520544;-46.585885;40.0;1;0.0;HOME;1.0;1.0
Rua Corain Machado;Vila Brasilina;São Paulo;-23.630893;-46.612179;140.0;3;2.0;HOME;2.2;2.2
Rua Vale de Amoreira;Jardim Miriam;São Paulo;-23.681773;-46.637265;450.0;4;0.0;HOME;6.0;6.0
Rua Conde D'Eu;Alto Da Boa Vista;São Paulo;-23.649398;-46.697414;280.0;4;3.0;HOME;12.0;12.0
Rua Chaberá;Vila Formosa;São Paulo;-23.567205;-46.53701;50.0;1;0.0;HOME;956.0;956.0
Rua Sara Bernhard;Móoca;São Paulo;-23.558681;-46.588817;200.0;3;2.0;HOME;3.5;3.5
Avenida General Mac Arthur;Jaguaré;São Paulo;-23.553814;-46.754461;170.0;3;0.0;HOME;2.8;2.8
Rua Doutor Luís Augusto de Queirós Aranha;Vila Madalena;São Paulo;-23.542017;-46.706893;300.0;3;1.0;HOME;4.0;4.0
Rua Catequese;Butantã;São Paulo;-23.563487;-46.72101;100.0;2;1.0;HOME;4.0;4.0
Rua Mestre João;Jardim Vila Formosa;São Paulo;-23.569476;-46.526353;163.0;3;3.0;HOME;3.4;3.4
Avenida Ireré;Planalto Paulista;São Paulo;-23.619248;-46.649069;120.0;2;2.0;HOME;3.1;3.1
Rua Coari;Pompeia;São Paulo;-23.537013;-46.690561;148.0;1;1.0;HOME;6.0;6.0
Rua Luís Góis;Vila Mariana;São Paulo;-23.603901;-46.628459;120.0;3;2.0;HOME;5.5;5.5
Rua Rosário do Sul;Jardim Maringa;São Paulo;-23.547322;-46.514783;45.0;1;0.0;HOME;900.0;900.0
Rua Odon de Cluny;Parque Ipê;São Paulo;-23.596458;-46.796864;132.0;4;2.0;HOME;4.5;4.5
Rua Paulistânia;Vila Madalena;São Paulo;-23.545899;-46.692587;182.0;3;2.0;HOME;6.0;6.0
Rua Comendador Elias Jafet;Morumbi;São Paulo;-23.60391;-46.716466;469.0;4;5.0;HOME;15.0;16.0
Rua Ipojuca;Cidade Mae Do Ceu;São Paulo;-23.544559;-46.577327;234.0;3;2.0;HOME;4.5;4.5
Rua Estuário;Chácara Monte Alegre;São Paulo;-23.651892;-46.681017;493.0;5;6.0;HOME;10.0;10.0
Avenida Professor Frederico Herman Júnior;Alto de Pinheiros;São Paulo;-23.56072;-46.701646;492.0;4;4.0;HOME;20.0;20.0
Alameda dos Uapês;Saúde;São Paulo;-23.616666;-46.654775;223.0;3;2.0;HOME;6.0;6.0
Rua Luís de França Júnior;Jardim Prudência;São Paulo;-23.650925;-46.674753;200.0;3;2.0;HOME;4.0;4.0
Rua Caetano Juliano;Interlagos;São Paulo;-23.70555;-46.709008;500.0;3;3.0;HOME;7.2;7.2
Rua Manuel Bolto;Vila Leopoldina;São Paulo;-23.534541;-46.725517;130.0;3;4.0;HOME;6.8;6.8
Rua Juréia;Chácara Inglesa;São Paulo;-23.605002;-46.630279;120.0;3;0.0;HOME;1.8;1.8
Rua Augusto de Mendonça;Vila Dalila;São Paulo;-23.546013;-46.516256;40.0;1;0.0;HOME;700.0;700.0
Rua Irma;Vila Ré;São Paulo;-23.526833;-46.508921;330.0;4;8.0;HOME;4.49;4.49
Rua Visconde de Inhomerim;Móoca;São Paulo;-23.561445;-46.594516;80.0;3;1.0;HOME;2.3;2.3
Rua Coronel Gonzaga de Carvalho;Jardim Primavera;São Paulo;-23.48753;-46.678032;40.0;1;0.0;HOME;800.0;800.0
Rua Fradique Coutinho;Pinheiros;São Paulo;-23.550198;-46.694324;235.0;2;3.0;HOME;7.0;7.0
Rua Cangambá;Itaquera;São Paulo;-23.535957;-46.472977;36.0;1;0.0;HOME;605.0;605.0
Rua Marcondes de Andrade;Ipiranga;São Paulo;-23.586712;-46.612642;208.0;4;4.0;HOME;5.15;5.15
Rua Benedito Guedes de Oliveira;Vila Palmeiras;São Paulo;-23.49681;-46.68564;40.0;1;0.0;HOME;780.0;780.0
Rua Araritaguaba;Vila Maria;São Paulo;-23.509467;-46.591022;50.0;1;0.0;HOME;1.11;1.11
Rua Heitor Ariente;Butantã;São Paulo;-23.587585;-46.741766;200.0;3;2.0;HOME;4.0;4.0
Rua Maria Pais de Barros;Vila Marari;São Paulo;-23.668368;-46.663751;180.0;3;3.0;HOME;3.3;3.3
Avenida Luca;Água Rasa;São Paulo;-23.569702;-46.559484;196.0;3;5.0;HOME;3.5;3.5
Rua Ipomeias;Vila Prudente;São Paulo;-23.598649;-46.573079;32.0;2;1.0;HOME;1.1;1.21
Avenida Onze de Junho;Vila Clementino;São Paulo;-23.601455;-46.644382;268.0;3;6.0;HOME;9.0;9.0
Rua Lateral;Vila Antonieta;São Paulo;-23.578143;-46.510963;120.0;3;0.0;HOME;1.9;1.9
Rua Leme da Silva;Móoca;São Paulo;-23.560446;-46.591796;280.0;4;3.0;HOME;7.5;7.5
Rua Campo Alto;Jardim França;São Paulo;-23.480035;-46.616843;160.0;4;4.0;HOME;5.6;5.6
Rua Maysa Figueira Monjardim;Vila Clementino;São Paulo;-23.603541;-46.647925;180.0;3;3.0;HOME;4.45;4.45
Rua Teixeira Dormundo;Limão;São Paulo;-23.497683;-46.675088;50.0;1;0.0;HOME;1.1;1.1
Avenida Darcy Reis;Parque dos Príncipes;São Paulo;-23.576151;-46.769122;450.0;4;6.0;HOME;6.0;6.0
Rua Cabo João Monteiro da Rocha;Jardim Japão;São Paulo;-23.508245;-46.577501;40.0;1;0.0;HOME;1.0;1.0
Travessa Umberto Bignardi;Paraíso;São Paulo;-23.574674;-46.646786;130.0;2;2.0;HOME;3.914;3.914
Rua Jaboticabal;Móoca;São Paulo;-23.561638;-46.577705;180.0;2;1.0;HOME;2.2;2.2
Rua Santa Bibiana;Vila Sônia;São Paulo;-23.595879;-46.732886;80.0;2;1.0;HOME;1.5;1.5
Rua Fernando Cortez;Parque Boturussu;São Paulo;-23.502831;-46.490482;142.0;3;2.0;HOME;2.5;2.5
Rua Euclides Pacheco;Vila Gomes Cardim;São Paulo;-23.548087;-46.567309;80.0;2;1.0;HOME;3.2;3.2
Avenida Nova Cantareira;Tucuruvi;São Paulo;-23.45667;-46.614534;170.0;3;2.0;HOME;3.3;4.2
Avenida Sapopemba;Jardim Planalto;São Paulo;-23.596167;-46.523947;100.0;1;1.0;HOME;1.2;1.2
Rua Anália Franco;Jardim Anália Franco;São Paulo;-23.559728;-46.573771;180.0;3;2.0;HOME;2.905;2.905
Rua Antônio Bento;Jardim Paulista;São Paulo;-23.579861;-46.665094;375.0;4;4.0;HOME;8.0;8.0
Rua Francisco Ferreira;Vila Dionísia;São Paulo;-23.464205;-46.662296;50.0;1;0.0;HOME;650.0;650.0
Rua Marcelo Müller;Jardim  Independencia;São Paulo;-23.588421;-46.561111;50.0;1;0.0;HOME;1.2;1.2
Rua Schilling;Vila Leopoldina;São Paulo;-23.528633;-46.725674;186.0;3;2.0;HOME;4.5;4.5
Rua do Oratório;Móoca;São Paulo;-23.561081;-46.593096;120.0;2;0.0;HOME;2.0;2.0
Rua Antônio Abrantes;Vila Cordeiro;São Paulo;-23.615819;-46.690814;170.0;3;2.0;HOME;4.1;4.1
Rua Antonio Aggio;Panamby;São Paulo;-23.629127;-46.730199;204.0;4;2.0;HOME;3.0;4.15
Rua Barão do Serro Largo;Móoca;São Paulo;-23.554195;-46.570768;248.0;3;4.0;HOME;3.5;3.5
Rua Lagoa Azul;Vila Barbosa;São Paulo;-23.499581;-46.668789;50.0;1;0.0;HOME;750.0;750.0
Rua Laura Vicuna;Alto da Lapa;São Paulo;-23.538916;-46.711027;900.0;3;8.0;HOME;12.43;12.43
Rua Arumim;Ermelino Matarazzo;São Paulo;-23.508038;-46.475647;40.0;1;1.0;HOME;730.0;730.0
Rua Doutor Erasmo Teixeira de Assunção;Jardim Leonor;São Paulo;-23.602525;-46.721149;380.0;5;4.0;HOME;5.8;5.8
Rua Senador Nilo Coelho;Pirituba;São Paulo;-23.608175;-46.495173;60.0;2;1.0;HOME;1.1;1.1
Avenida Buenos Aires;Vila Buenos Aires;São Paulo;-23.512394;-46.517351;10.0;1;0.0;HOME;750.0;750.0
Rua General Álcio Souto;Móoca;São Paulo;-23.574896;-46.575893;112.0;2;1.0;HOME;2.2;2.2
Rua Artur Thiré;Saúde;São Paulo;-23.615828;-46.623998;70.0;2;1.0;HOME;2.4;2.4
Rua dos Sorocabanos;Ipiranga;São Paulo;-23.579983;-46.606619;180.0;3;0.0;HOME;3.0;3.0
Avenida Campanella;Itaquera;São Paulo;-23.536593;-46.472731;50.0;2;0.0;HOME;850.0;850.0
Alameda Afonso Schmidt;Santa Teresinha;São Paulo;-23.494427;-46.634753;110.0;2;1.0;HOME;1.8;1.8
Avenida Professor Rubens Gomes de Souza;Brooklin;São Paulo;-23.638426;-46.674637;140.0;2;5.0;HOME;4.5;4.5
Rua Doutor Franco da Rocha;Perdizes;São Paulo;-23.533447;-46.670553;200.0;3;3.0;HOME;5.0;5.0
Rua Francisco Cioffi;Móoca;São Paulo;-23.566321;-46.577062;117.0;3;1.0;HOME;2.205;2.205
Rua Pedro Taques Pires;Parque Novo Mundo;São Paulo;-23.51113;-46.562998;45.0;1;0.0;HOME;1.0;1.0
Rua Professora Haidêe Silva Martins;Jardim Campo Grande;São Paulo;-23.675969;-46.686866;300.0;4;4.0;HOME;4.5;4.5
Rua Albino Arilla;Vila Oratório;São Paulo;-23.569299;-46.574338;131.0;2;2.0;HOME;2.32;2.32
Avenida Jurubatuba;Brooklin;São Paulo;-23.617609;-46.695735;120.0;2;2.0;HOME;2.8;2.8
Rua Magarinos Torres;Vila Maria;São Paulo;-23.51921;-46.584033;30.0;1;0.0;HOME;850.0;850.0
Rua Jaguarete;Casa Verde;São Paulo;-23.510765;-46.657096;260.0;2;2.0;HOME;3.0;3.0
Rua Rio São Francisco do Mogiano;Vila Progresso;São Paulo;-23.520314;-46.442845;53.0;2;1.0;HOME;1.2;1.2
Rua Coronel Paulo Souza Barros;Butantã;São Paulo;-23.583319;-46.748602;90.0;2;2.0;HOME;2.5;2.5
Rua Santa Lucrécia;Sacomã;São Paulo;-23.616016;-46.599656;150.0;1;0.0;HOME;2.3;2.301
Rua Mário de Azevedo;Interlagos;São Paulo;-23.710387;-46.693871;300.0;3;4.0;HOME;6.0;6.0
Rua Doutor Virgílio de Carvalho Pinto;Pinheiros;São Paulo;-23.564556;-46.682963;200.0;3;1.0;HOME;4.2;4.2
Rua Giovanni Pannini;Americanópolis;São Paulo;-23.668898;-46.641689;50.0;2;0.0;HOME;900.0;900.0
Rua Afonso José de Carvalho;Vila Madalena;São Paulo;-23.544252;-46.702542;150.0;2;2.0;HOME;7.5;7.5
Rua Catuquina;Vila Formosa;São Paulo;-23.559712;-46.547766;185.0;3;2.0;HOME;3.68;3.68
Avenida Antônio Munhoz Bonilha;Vila Palmeiras;São Paulo;-23.497583;-46.683267;60.0;1;0.0;HOME;1.1;1.1
Rua Belini;Alto de Pinheiros;São Paulo;-23.545061;-46.712374;383.0;4;8.0;HOME;14.0;14.0
Rua Flaviano;Jardim Têxtil;São Paulo;-23.559848;-46.545113;160.0;3;4.0;HOME;4.0;4.0
Rua Felicio Tarabai;Tucuruvi;São Paulo;-23.470177;-46.610004;253.0;3;3.0;HOME;5.0;5.0
Rua Corain Machado;Vila das Mercês;São Paulo;-23.630893;-46.612179;450.0;3;1.0;HOME;2.3;2.3
Rua Conchilia;Tremembé;São Paulo;-23.457518;-46.61596;120.0;3;2.0;HOME;2.3;2.3
Rua Urumbeba;Vila Jacuí;São Paulo;-23.499532;-46.463144;50.0;1;0.0;HOME;750.0;750.0
Avenida Alfredo Zunkeller;Parque Mandaqui;São Paulo;-23.474484;-46.637029;145.0;3;2.0;HOME;3.7;3.7
Avenida Antônio de Souza Noschese;Parque Continental;São Paulo;-23.532623;-46.759179;350.0;3;2.0;HOME;6.5;6.5
Rua Pedro Voss;Vila Carrão;São Paulo;-23.560492;-46.530438;180.0;2;2.0;HOME;2.6;2.6
Avenida Caraurana;Vila Nova Mazzei;São Paulo;-23.461026;-46.599363;37.0;1;0.0;HOME;900.0;900.0
Rua Ana Camacho;Jardim Anália Franco;São Paulo;-23.556021;-46.570143;52.0;1;0.0;HOME;1.15;1.15
Rua das Camélias;Mirandópolis;São Paulo;-23.605104;-46.640695;280.0;4;8.0;HOME;6.0;6.0
Rua Adelfa de Figueiredo;Mandaqui;São Paulo;-23.477183;-46.630303;300.0;3;4.0;HOME;4.2;4.2
Rua Salvador Caruso;Vila Romana;São Paulo;-23.535514;-46.704494;186.0;3;4.0;HOME;5.0;5.0
Avenida Trumain;Vila Formosa;São Paulo;-23.564561;-46.535926;100.0;2;0.0;HOME;1.2;1.2
Rua Vítor Dubugras;Vila Mariana;São Paulo;-23.585014;-46.626187;60.0;2;0.0;HOME;1.901;1.901
Rua Cassiterita;Cidade Patriarca;São Paulo;-23.531027;-46.508768;70.0;2;0.0;HOME;1.2;1.2
Rua das Glicínias;Mirandópolis;São Paulo;-23.605733;-46.64271;120.0;4;1.0;HOME;3.0;3.0
Rua Marcelino de Camargo;Limão;São Paulo;-23.497686;-46.681837;60.0;1;0.0;HOME;800.0;800.0
Rua Templários;Vila Formosa;São Paulo;-23.565004;-46.557299;140.0;2;3.0;HOME;3.3;3.3
Rua Cecília Meireles;Jardim Japão;São Paulo;-23.512267;-46.579645;30.0;1;0.0;HOME;700.0;700.0
Rua José Gonçalves Galeão;Vila Prudente;São Paulo;-23.583772;-46.570491;250.0;4;3.0;HOME;5.0;5.0
Travessa Cachoeira do Remédio;Conjunto Promorar Raposo Tavares;São Paulo;-23.585875;-46.802573;50.0;1;1.0;HOME;1.0;1.0
Rua Martinho de Sousa;Ermelino Matarazzo;São Paulo;-23.499487;-46.476129;30.0;1;1.0;HOME;600.0;600.0
Rua Giovanni Carnovali;Vila Caraguatá;São Paulo;-23.643524;-46.603878;123.0;4;2.0;HOME;2.65;3.11
Rua Outeiro da Cruz;Água Fria;São Paulo;-23.489859;-46.622595;120.0;2;5.0;HOME;2.0;2.0
Rua Raulino Galdino da Silva;Morro Grande;São Paulo;-23.469111;-46.699105;40.0;1;0.0;HOME;900.0;900.0
Rua Doutor Jesuíno Maciel;Campo Belo;São Paulo;-23.622667;-46.667559;161.0;3;2.0;HOME;4.5;4.5
Rua Santo Irineu;Vila Mariana;São Paulo;-23.60035;-46.626603;55.0;2;0.0;HOME;1.957;1.957
Rua Oliveira Alves;Ipiranga;São Paulo;-23.585209;-46.601631;186.0;4;1.0;HOME;4.0;4.0
Rua Morais de Barros;Campo Belo;São Paulo;-23.615846;-46.672859;150.0;3;3.0;HOME;5.5;5.5
Rua Tancredo Neves;Morro Doce;São Paulo;-23.43737;-46.803619;40.0;1;0.0;HOME;600.0;600.0
Rua Sérgio Zagria;Parque dos Príncipes;São Paulo;-23.570698;-46.773097;520.0;4;6.0;HOME;5.0;5.0
Rua Santo Irineu;Vila Mariana;São Paulo;-23.603864;-46.627485;120.0;3;2.0;HOME;3.778;3.778
Rua Caparaó;Vila Formosa;São Paulo;-23.565386;-46.539193;80.0;2;1.0;HOME;1.2;1.2
Rua Dois Corregos;Móoca;São Paulo;-23.559036;-46.58387;315.0;3;4.0;HOME;4.2;4.2
Rua Lopes de Oliveira;Barra Funda;São Paulo;-23.53148;-46.655444;38.0;1;0.0;HOME;1.0;1.0
Rua Santa Gertrudes;Tatuapé;São Paulo;-23.547958;-46.550218;70.0;2;0.0;HOME;1.6;1.6
Rua Batista da Costa;Jardim Anália Franco;São Paulo;-23.555546;-46.570697;60.0;1;0.0;HOME;900.0;900.0
Rua Ilansa;Móoca;São Paulo;-23.580162;-46.588556;180.0;2;2.0;HOME;2.4;2.4
Rua Santa Helena;Vila Ema;São Paulo;-23.579409;-46.569093;40.0;1;1.0;HOME;1.1;1.1
Travessa Barão de Japurá;Jabaquara;São Paulo;-23.637753;-46.640345;230.0;2;2.0;HOME;4.5;4.5
Rua Baltazar Vidal;Jardim Nossa Senhora do Carmo;São Paulo;-23.577504;-46.484089;60.0;2;0.0;HOME;1.0;1.0
Avenida Bandeirantes do Sul;Vila Maria;São Paulo;-23.50819;-46.572593;30.0;1;2.0;HOME;950.0;950.0
Avenida Conceição;Vila Paiva;São Paulo;-23.496615;-46.576033;80.0;3;0.0;HOME;1.7;1.7
Rua Edgard Pereira;Vila Guarani;São Paulo;-23.633964;-46.63208;50.0;2;0.0;HOME;1.5;1.5
Rua Silveira da Mota;Cambuci;São Paulo;-23.560122;-46.621153;60.0;2;0.0;HOME;1.4;1.4
Rua Guararapes;Alto da Lapa;São Paulo;-23.521718;-46.71467;300.0;4;4.0;HOME;6.0;6.0
Rua Menelau Campos;Mandaqui;São Paulo;-23.471448;-46.632846;50.0;1;0.0;HOME;700.0;700.0
Rua Doutor Gabriel Piza;Santana;São Paulo;-23.502035;-46.619785;170.0;3;3.0;HOME;2.5;2.5
Avenida Mazzei;Vila Mazzei;São Paulo;-23.466761;-46.597319;60.0;2;0.0;HOME;980.0;980.0
Rua Nagasaki;Vila Maria Alta;São Paulo;-23.503089;-46.581481;220.0;3;3.0;HOME;3.9;3.9
Rua Japacuá;Vila Granada;São Paulo;-23.517818;-46.504387;125.0;3;2.0;HOME;2.7;2.7
Rua Ituverava;Vila Prudente;São Paulo;-23.586725;-46.584949;50.0;1;0.0;HOME;1.25;1.25
Rua Manoel Coelho da Silva;Bosque da Saúde;São Paulo;-23.610829;-46.620708;155.0;3;2.0;HOME;3.2;3.2
Rua Coronel Artur de Paula Ferreira;Vila Nova Conceição;São Paulo;-23.596642;-46.66987;250.0;3;2.0;HOME;6.5;6.5
Rua Francisco Artassio;Casa Verde;São Paulo;-23.505722;-46.662213;39.0;1;0.0;HOME;1.1;1.1
Rua Ferdinando Frantz;Jardim Consórcio;São Paulo;-23.675549;-46.671143;120.0;2;3.0;HOME;2.2;2.2
Rua Doutor José Áureo Bustamante;Santo Amaro;São Paulo;-23.628055;-46.695721;200.0;3;5.0;HOME;6.35;6.35
Rua do Alto;Tucuruvi;São Paulo;-23.474056;-46.609758;119.0;2;1.0;HOME;2.9;2.9
Rua Pedra Bela;Vila Palmeiras;São Paulo;-23.499874;-46.684807;70.0;2;0.0;HOME;1.6;1.6
Rua Cambaí;Jardim do Lago;São Paulo;-23.579749;-46.776828;70.0;2;3.0;HOME;1.5;1.5
Rua São Carlos Borromeu;Vila Alpina;São Paulo;-23.600737;-46.55405;109.0;2;2.0;HOME;1.4;1.4
Rua Henrique Castanho;Casa Verde;São Paulo;-23.489227;-46.671053;45.0;1;1.0;HOME;1.2;1.2
Avenida Diógenes Ribeiro de Lima;Alto de Pinheiros;São Paulo;-23.548379;-46.711083;439.0;3;6.0;HOME;10.0;10.0
Rua Santo Irineu;Bosque da Saúde;São Paulo;-23.60035;-46.626603;60.0;2;0.0;HOME;1.5;1.5
Rua Guaiana;Jardim Santa Emília;São Paulo;-23.638198;-46.60265;50.0;2;0.0;HOME;900.0;900.0
Rua Mirandinha;Penha De Franca;São Paulo;-23.528653;-46.536192;80.0;2;0.0;HOME;1.29;1.29
Rua República do Iraque;Campo Belo;São Paulo;-23.622166;-46.669075;239.0;3;4.0;HOME;6.0;6.0
Rua Vilar do Monte;Imirim;São Paulo;-23.48323;-46.647746;89.0;2;1.0;HOME;2.6;2.6
Rua da Saudade;Tatuapé;São Paulo;-23.551655;-46.570703;147.0;2;1.0;HOME;2.7;2.7
Rua do Oratório;Móoca;São Paulo;-23.563002;-46.591363;60.0;1;0.0;HOME;1.0;1.0
Rua Serra de Bragança;Tatuapé;São Paulo;-23.543364;-46.560683;80.0;2;1.0;HOME;2.5;2.5
Rua Aimberê;Perdizes;São Paulo;-23.536525;-46.681009;90.0;2;2.0;HOME;4.0;4.0
Rua Sapucaia;Alto da Mooca;São Paulo;-23.552987;-46.590807;80.0;2;0.0;HOME;2.0;2.0
Rua Machado Correia;Jaragua;São Paulo;-23.435472;-46.753068;70.0;2;1.0;HOME;950.0;950.0
Rua Arandu;Brooklin;São Paulo;-23.605731;-46.689734;150.0;3;1.0;HOME;3.8;3.8
Rua Joinville;Ibirapuera;São Paulo;-23.581121;-46.651312;60.0;2;0.0;HOME;2.2;2.2
Rua Jaborandi;Vila Ré;São Paulo;-23.520495;-46.540982;50.0;2;0.0;HOME;1.3;1.34
Rua João da Cruz Melão;Morumbi;São Paulo;-23.598744;-46.721215;162.0;3;3.0;HOME;3.5;3.5
Rua Rodolfo Teófilo;Vila Carolina;São Paulo;-23.497588;-46.683046;120.0;2;0.0;HOME;2.6;2.6
Rua Atílio Pioli;Vila Vera;São Paulo;-23.620889;-46.609484;70.0;3;0.0;HOME;1.7;1.7
Rua Aimberê;Perdizes;São Paulo;-23.545191;-46.687267;237.0;4;2.0;HOME;7.0;7.0
Rua Engenheiro Eurico Arnaldo Guedes de Araújo;Tatuapé;São Paulo;-23.548618;-46.574455;217.0;4;2.0;HOME;4.0;4.0
Rua Doutor Luiz Ferreira de Lemos;Parque Boturussu;São Paulo;-23.496404;-46.486945;57.0;2;1.0;HOME;1.1;1.1
Rua Professor Henrique Neves Lefevre;Brooklin;São Paulo;-23.632502;-46.679728;427.0;4;6.0;HOME;5.0;5.0
Rua Engenheiro Guilherme Cristiano Frender;Vila Antonieta;São Paulo;-23.566172;-46.513594;250.0;3;2.0;HOME;2.2;2.2
Rua Carmelo Adam;Móoca;São Paulo;-23.575892;-46.577009;550.0;3;8.0;HOME;4.6;4.6
Rua Alberto Afonso Martins;Vila Mariana;São Paulo;-23.592437;-46.634436;200.0;5;2.0;HOME;6.0;6.35
Rua Artur Mota;Belém;São Paulo;-23.543234;-46.59373;140.0;3;1.0;HOME;2.7;2.7
Rua Antônio Leão;Ermelino Matarazzo;São Paulo;-23.55052;-46.633309;50.0;1;1.0;HOME;900.0;900.0
Rua Cumai;Vila Matilde;São Paulo;-23.529737;-46.525524;87.0;3;2.0;HOME;2.1;2.1
Travessa Engenheiro Kingo Kitahara;Cambuci;São Paulo;-23.564473;-46.621113;70.0;2;1.0;HOME;2.5;2.5
Rua Luís Delfino;Vila Mariana;São Paulo;-23.582984;-46.625502;175.0;4;2.0;HOME;5.5;5.5
Rua Barra do Ariranha;Tatuapé;São Paulo;-23.548907;-46.552051;180.0;3;3.0;HOME;3.0;3.0
Rua Açaré;Alto de Pinheiros;São Paulo;-23.556534;-46.711491;348.0;3;4.0;HOME;10.5;10.5
Rua Calixto Garcia;Jardim Ester;São Paulo;-23.581998;-46.755518;58.0;2;1.0;HOME;1.3;1.3
Rua Ibaiti;Vila Formosa;São Paulo;-23.562019;-46.547722;115.0;3;1.0;HOME;2.0;2.0
Rua General Lecor;Ipiranga;São Paulo;-23.591678;-46.603003;196.0;2;1.0;HOME;3.3;3.3
Rua Tenente Paulo Alves;Vila das Mercês;São Paulo;-23.620983;-46.606354;85.0;3;0.0;HOME;2.2;2.2
Rua Francisco Narcizo;Tremembé;São Paulo;-23.461034;-46.625401;352.0;4;4.0;HOME;10.0;10.0
Rua Jandiro Joaquim Pereira;Jardim Leonor;São Paulo;-23.603302;-46.72254;450.0;4;3.0;HOME;6.5;6.5
Rua Imoroti;Sacomã;São Paulo;-23.619868;-46.595067;90.0;2;1.0;HOME;1.44;1.44
Rua Dona Martinha;Santana;São Paulo;-23.487814;-46.641982;170.0;3;4.0;HOME;3.5;3.5
Rua Pinheiro de Ulhoa Cintra;Jardim Popular;São Paulo;-23.516151;-46.507557;131.0;3;2.0;HOME;2.7;2.7
Rua do Fico;Ipiranga;São Paulo;-23.57604;-46.606657;180.0;4;2.0;HOME;3.45;3.45
Rua Imaruí;Vila Nova Cachoeirinha;São Paulo;-23.483331;-46.675841;45.0;1;1.0;HOME;1.1;1.1
Rua Ielmo Marinho;Parque São Lucas;São Paulo;-23.597647;-46.549545;40.0;1;1.0;HOME;700.0;700.0
Rua Doutor Eduardo Gonçalves;Móoca;São Paulo;-23.562407;-46.602803;178.0;3;3.0;HOME;3.2;3.201
Rua Doutor Abelardo Vergueiro César;Vila Mascote;São Paulo;-23.639142;-46.671628;110.0;3;2.0;HOME;3.5;3.5
Avenida Darcy Reis;Parque dos Príncipes;São Paulo;-23.575382;-46.766175;498.0;4;4.0;HOME;4.5;4.5
Rua Carapocaia;Vila Ede;São Paulo;-23.494914;-46.595679;60.0;2;0.0;HOME;1.25;1.25
Rua Maria Simões;Imirim;São Paulo;-23.495325;-46.642404;254.0;4;3.0;HOME;3.9;3.9
Rua Chafic Maluf;Chácara Santo Antônio;São Paulo;-23.626814;-46.69902;100.0;2;2.0;HOME;6.0;6.0
Rua Constantino Fraga;Vila Leopoldina;São Paulo;-23.535573;-46.727461;50.0;2;1.0;HOME;1.5;1.5
Rua Coronel João de Oliveira Melo;Vila Antonieta;São Paulo;-23.572581;-46.516086;60.0;1;1.0;HOME;1.0;1.0
Praça Belisário Távora;Pacaembu;São Paulo;-23.550772;-46.671101;301.0;4;5.0;HOME;18.0;18.0
Rua Itapacurai;Panamby;São Paulo;-23.625489;-46.722883;600.0;4;3.0;HOME;12.0;12.12
Rua Engenheiro Luiz Antônio Tambasco;Brooklin;São Paulo;-23.629498;-46.683189;700.0;4;6.0;HOME;20.0;20.0
Rua Duarte Leite;Chácara Santo Antônio;São Paulo;-23.635641;-46.706213;444.0;4;4.0;HOME;10.0;10.0
Rua André Casado;Sumaré;São Paulo;-23.539221;-46.688134;300.0;3;4.0;HOME;12.0;12.0
Rua Carlos Steinen;Paraíso;São Paulo;-23.578111;-46.647163;400.0;3;3.0;HOME;12.0;12.0
Avenida Albert Einstein;Morumbi;São Paulo;-23.595242;-46.716803;600.0;4;6.0;HOME;35.0;35.0
Rua Itaquera;Pacaembu;São Paulo;-23.549973;-46.662298;720.0;4;10.0;HOME;15.0;15.0
Rua Roque Petrella;Vila Cordeiro;São Paulo;-23.617287;-46.691965;271.0;3;4.0;HOME;15.0;15.0
Avenida Pedroso de Morais;Pinheiros;São Paulo;-23.556346;-46.704364;450.0;6;8.0;HOME;13.8;13.8
Rua Uruana;Vila Mariana;São Paulo;-23.589937;-46.643479;530.0;4;8.0;HOME;15.0;15.0
Rua Robertson;Cambuci;São Paulo;-23.573545;-46.623504;110.0;3;0.0;HOME;2.5;2.5
Rua Rodrigues Batista;Jardim da Glória;São Paulo;-23.579068;-46.620354;40.0;1;0.0;HOME;950.0;950.0
Rua Tomé Portes;Brooklin;São Paulo;-23.637687;-46.67383;650.0;4;4.0;HOME;8.5;8.5
Rua Coronel Gonzaga de Carvalho;Jardim Primavera;São Paulo;-23.487472;-46.67802;40.0;1;0.0;HOME;800.0;800.0
Alameda dos Uapês;Planalto Paulista;São Paulo;-23.616666;-46.654775;223.0;3;2.0;HOME;7.0;7.0
Rua Paulo Bregaro;Ipiranga;São Paulo;-23.586355;-46.612103;251.0;4;6.0;HOME;4.7;4.7
Rua Doutor Procópio Ribeiro dos Santos;Jardim Marajoara;São Paulo;-23.654189;-46.684578;400.0;4;4.0;HOME;8.5;8.5
Rua Dona Eponina Afonseca;Granja Julieta;São Paulo;-23.636047;-46.702527;264.0;3;3.0;HOME;7.0;7.0
Rua Duarte Monis Barreto;Jardim dos Estados;São Paulo;-23.641499;-46.685343;430.0;5;6.0;HOME;18.0;18.0
Rua Lourenço Castanho;Vila Nova Conceição;São Paulo;-23.587347;-46.666048;297.0;6;8.0;HOME;20.0;20.0
Rua da União;Vila Mariana;São Paulo;-23.581018;-46.629543;260.0;3;3.0;HOME;6.5;6.5
Rua Parnamirim;Jaguaré;São Paulo;-23.54437;-46.749389;35.0;1;0.0;HOME;1.1;1.1
Avenida João Peixoto Viegas;Jardim Consórcio;São Paulo;-23.674219;-46.673733;185.0;4;4.0;HOME;3.5;3.5
Rua Antônio João Fiore;Tatuapé;São Paulo;-23.544005;-46.554664;100.0;3;2.0;HOME;2.5;2.5
Rua Artur de Azevedo;Pinheiros;São Paulo;-23.566757;-46.688432;465.0;4;3.0;HOME;15.0;15.0
Rua João Comino Lopes;Vila Cláudia;São Paulo;-23.556088;-46.583344;267.0;3;5.0;HOME;8.0;8.0
Rua Mossoró;Vila Nova;São Paulo;-23.592532;-46.531811;65.0;1;1.0;HOME;1.3;1.3
Rua Dona Layr Costa Rego;Jardim Peri-Peri;São Paulo;-23.586696;-46.736187;250.0;4;2.0;HOME;6.5;6.5
Travessa Canto das Duas Flores;Vila Santa Clara;São Paulo;-23.578316;-46.566428;100.0;3;2.0;HOME;3.3;3.3
Rua Aimberê;Perdizes;São Paulo;-23.534641;-46.679314;150.0;3;2.0;HOME;5.0;5.0
Rua Azevedo Soares;Vila Gomes Cardim;São Paulo;-23.547959;-46.562141;80.0;1;0.0;HOME;1.5;1.5
Rua Álvaro Nunes;Campo Belo;São Paulo;-23.623061;-46.66485;230.0;3;4.0;HOME;5.0;5.0
Rua Gama Lobo;Ipiranga;São Paulo;-23.597423;-46.612091;150.0;3;0.0;HOME;2.5;2.5
Rua Capitão Fernando Machado;Vila Espanhola;São Paulo;-23.48218;-46.670395;30.0;1;0.0;HOME;600.0;600.0
Rua Turiassu;Perdizes;São Paulo;-23.53274;-46.671081;90.0;2;0.0;HOME;3.0;3.0
Rua Leandro Dupré;Vila Clementino;São Paulo;-23.597385;-46.64648;150.0;3;1.0;HOME;9.0;9.0
Rua Alagoas;Higienópolis;São Paulo;-23.544726;-46.661764;183.0;1;0.0;HOME;15.0;15.0
Avenida Diógenes Ribeiro de Lima;Alto de Pinheiros;São Paulo;-23.545359;-46.714061;190.0;3;5.0;HOME;10.0;10.0
Avenida Antônio Munhoz Bonilha;Limão;São Paulo;-23.496243;-46.683264;54.0;1;0.0;HOME;1.3;1.3
Rua Manguatá;Cidade Monções;São Paulo;-23.613496;-46.689316;300.0;3;2.0;HOME;12.5;12.5
Avenida Carlos Liviero;Vila Liviero;São Paulo;-23.645268;-46.593352;120.0;2;0.0;HOME;1.95;1.95
Rua Ministro José G. R. Alckmin;Santo Amaro;São Paulo;-23.653663;-46.706693;65.0;1;1.0;HOME;3.3;3.3
Rua Mário Gonçalves de Oliveira;Morumbi;São Paulo;-23.61354;-46.714853;500.0;5;6.0;HOME;22.0;22.0
Rua Demétrio Ribeiro;Cidade Mae Do Ceu;São Paulo;-23.552162;-46.571921;160.0;3;1.0;HOME;4.0;4.0
Rua Bahia;Higienópolis;São Paulo;-23.550252;-46.660792;650.0;6;4.0;HOME;70.0;70.0
Rua Cotinguiba;Planalto Paulista;São Paulo;-23.618115;-46.645387;268.0;4;2.0;HOME;4.8;4.8
Avenida Mercedes;Lapa;São Paulo;-23.527163;-46.71293;708.0;5;5.0;HOME;10.0;10.0
Rua Epaminondas Melo do Amaral;Sítio do Mandaqui;São Paulo;-23.493386;-46.660002;60.0;2;0.0;HOME;1.6;1.6
Rua Sampaio Vidal;Jardim Paulistano;São Paulo;-23.567832;-46.682314;191.0;2;2.0;HOME;28.8;28.8
Rua Araporé;Jardim Guedala;São Paulo;-23.583371;-46.704947;490.0;3;4.0;HOME;10.0;10.0
Rua Camilo Peçanha;Vila Dionísia;São Paulo;-23.464755;-46.663697;50.0;1;0.0;HOME;900.0;900.0
Rua Ribeiro do Vale;Brooklin;São Paulo;-23.608885;-46.684383;380.0;4;8.0;HOME;8.0;8.0
Avenida Júlio Buono;Vila Gustavo;São Paulo;-23.485453;-46.592125;250.0;3;2.0;HOME;2.5;2.5
Rua Visconde de Indaiatuba;Alto da Lapa;São Paulo;-23.531121;-46.713554;533.0;4;8.0;HOME;15.0;15.0
Rua Alberto Hodge;Alto Da Boa Vista;São Paulo;-23.637488;-46.689236;432.0;3;8.0;HOME;7.0;7.0
Rua Chabad;Jardim América;São Paulo;-23.561563;-46.672789;340.0;3;6.0;HOME;14.0;14.001
Rua Miranda Guerra;Alto Da Boa Vista;São Paulo;-23.636336;-46.677953;650.0;4;5.0;HOME;10.0;10.0
Rua Doutor Numa Pereira do Vale;Vila Mariana;São Paulo;-23.579727;-46.6297;285.0;3;2.0;HOME;12.0;12.0
Rua das Giestas;Vila Prudente;São Paulo;-23.595783;-46.576072;580.0;3;10.0;HOME;9.0;9.0
Avenida Quarto Centenário;Jardim Luzitânia;São Paulo;-23.591296;-46.652543;330.0;3;5.0;HOME;23.0;23.0
Rua Joaquim Nabuco;Brooklin;São Paulo;-23.634316;-46.670699;700.0;5;6.0;HOME;15.0;15.0
Rua Mesquita;Aclimação;São Paulo;-23.581307;-46.621544;150.0;3;1.0;HOME;4.1;4.1
Rua Cardeal Cagliori;Vila Ida;São Paulo;-23.542491;-46.71248;399.0;3;6.0;HOME;12.0;12.0
Rua Marquês de Praia Grande;Vila Prudente;São Paulo;-23.578069;-46.582925;60.0;2;0.0;HOME;1.3;1.3
Rua Dom Silvério Pimenta;Vila Gumercindo;São Paulo;-23.601511;-46.622466;400.0;4;4.0;HOME;6.0;6.0
Rua Pongada;Cidade Jardim;São Paulo;-23.600329;-46.702422;410.0;4;4.0;HOME;15.0;15.0
Praça Horácio Sabino;Pinheiros;São Paulo;-23.550167;-46.683357;187.0;3;3.0;HOME;9.5;9.5
Rua César Pena Ramos;Limão;São Paulo;-23.491532;-46.673146;100.0;3;2.0;HOME;4.0;4.0
Avenida Gaspar Vaz da Cunha;Limão;São Paulo;-23.492838;-46.677781;30.0;1;0.0;HOME;750.0;750.0
Rua Dona Elisa Moraes Mendes;Vila Madalena;São Paulo;-23.54733;-46.706225;392.0;4;4.0;HOME;10.0;10.0
Rua Teixeira de Freitas;Santo Amaro;São Paulo;-23.651462;-46.690613;800.0;6;8.0;HOME;45.0;45.001
Alameda Gabriel Monteiro da Silva;Jardim América;São Paulo;-23.564275;-46.675639;300.0;3;6.0;HOME;28.0;28.0
Rua Santa Cristina;Jardim Paulistano;São Paulo;-23.567433;-46.680212;200.0;3;3.0;HOME;18.0;18.0
Rua Doutor Cristiano de Sousa;Jardim Leonor;São Paulo;-23.605684;-46.723293;385.0;4;4.0;HOME;13.0;16.85
Rua Graúna;Moema;São Paulo;-23.601065;-46.671788;139.0;2;1.0;HOME;7.0;7.0
Rua Careaçu;Jardim França;São Paulo;-23.477475;-46.617957;500.0;4;8.0;HOME;7.0;7.0
Rua Nespereira;Jardim Santa Maria;São Paulo;-23.557254;-46.508928;50.0;1;1.0;HOME;800.0;800.0
Rua Bastos Pereira;Vila Nova Conceição;São Paulo;-23.587804;-46.669074;700.0;4;10.0;HOME;15.0;15.0
Rua César Guimarães;Jardim da Glória;São Paulo;-23.580056;-46.61757;240.0;3;3.0;HOME;3.3;3.3
Rua Professor Brasil Machado de Campos;Jardim da Glória;São Paulo;-23.581598;-46.619851;103.0;3;1.0;HOME;3.5;3.5
Rua Doutor Paulo Carvalho Ferreira;Jardim Sarah;São Paulo;-23.573724;-46.762648;63.0;2;2.0;HOME;1.7;2.31
Rua Pensilvânia;Brooklin;São Paulo;-23.615555;-46.680514;430.0;4;6.0;PENTHOUSE;35.0;38.157
Rua Barão de Castro Lima;Real Parque;São Paulo;-23.606822;-46.703918;240.0;4;4.0;APARTMENT;3.2;5.227
Rua Lauro Müller;Vila Leopoldina;São Paulo;-23.529073;-46.725793;237.0;3;3.0;PENTHOUSE;6.0;7.2
Rua Itacema;Itaim Bibi;São Paulo;-23.579198;-46.671914;285.0;3;3.0;PENTHOUSE;23.0;27.18
Rua Atílio Piffer;Casa Verde;São Paulo;-23.5084;-46.659651;170.0;3;4.0;PENTHOUSE;4.5;5.515
Avenida Engenheiro Armando de Arruda Pereira;Jabaquara;São Paulo;-23.655714;-46.63633;100.0;1;1.0;PENTHOUSE;1.5;2.109
Rua José Debieux;Santana;São Paulo;-23.493324;-46.625533;135.0;3;2.0;PENTHOUSE;1.5;2.421
Avenida Rouxinol;Moema;São Paulo;-23.605297;-46.668535;96.0;1;2.0;PENTHOUSE;4.4;5.67
Rua General Góis Monteiro;Vila Madalena;São Paulo;-23.538622;-46.692625;109.0;2;2.0;APARTMENT;5.0;6.15
Rua Demóstenes;Campo Belo;São Paulo;-23.616528;-46.673744;72.0;1;1.0;PENTHOUSE;6.0;6.9
Rua Itapimirum;Vila Andrade;São Paulo;-23.631868;-46.732653;259.0;3;5.0;PENTHOUSE;15.5;18.2
Rua Doutor Renato Paes de Barros;Itaim Bibi;São Paulo;-23.586517;-46.67244;335.0;4;5.0;PENTHOUSE;37.0;40.7
Largo Conselheiro Moreira de Barros;Santana;São Paulo;-23.496727;-46.628558;344.0;3;0.0;PENTHOUSE;4.0;5.531
Avenida Iraí;Moema;São Paulo;-23.612779;-46.660605;160.0;3;3.0;PENTHOUSE;5.34;5.34
Rua Santo Amaro;Bela Vista;São Paulo;-23.55078;-46.639046;65.0;2;1.0;PENTHOUSE;4.0;4.61
Rua Salvador do Sul;Itaquera;São Paulo;-23.522012;-46.440901;90.0;2;1.0;PENTHOUSE;2.001;2.291
Rua Itaiteva;Jardim Ampliação;São Paulo;-23.624527;-46.732489;92.0;2;1.0;PENTHOUSE;2.0;2.83
Rua Matias Roxo;Vila Leopoldina;São Paulo;-23.519876;-46.727792;189.0;3;3.0;PENTHOUSE;8.5;9.7
Rua Muniz de Sousa;Aclimação;São Paulo;-23.57033;-46.627572;147.0;2;0.0;PENTHOUSE;3.9;4.5
Avenida Rebouças;Pinheiros;São Paulo;-23.56246;-46.675683;90.0;3;0.0;APARTMENT;3.5;4.25
Rua Canuto do Val;Santa Cecília;São Paulo;-23.540593;-46.651185;50.0;1;0.0;PENTHOUSE;1.5;1.98
Rua Duílio;Água Branca;São Paulo;-23.525441;-46.693355;94.0;2;2.0;PENTHOUSE;4.5;5.48
Rua Cônego Ladeira;Vila Mazzei;São Paulo;-23.477311;-46.604363;120.0;2;1.0;PENTHOUSE;2.95;3.88
Rua Padre Antônio Tomás;Perdizes;São Paulo;-23.52803;-46.676775;57.0;1;0.0;PENTHOUSE;2.4;2.89
Avenida José Galante;Vila Andrade;São Paulo;-23.617688;-46.732645;100.0;2;2.0;PENTHOUSE;2.8;3.674
Rua Alfredo Pujol;Santana;São Paulo;-23.501019;-46.638654;135.0;3;2.0;PENTHOUSE;3.0;3.95
Avenida Raimundo Pereira de Magalhães;Pirituba;São Paulo;-23.503679;-46.716569;120.0;3;2.0;PENTHOUSE;4.0;4.0
Rua Joaquim Felício;Jardim Aricanduva;São Paulo;-23.583982;-46.499906;50.0;2;2.0;APARTMENT;800.0;1.42
Rua dos Bororós;Bela Vista;São Paulo;-23.558203;-46.640225;70.0;1;0.0;PENTHOUSE;1.8;2.3
Avenida Álvaro Machado Pedrosa;Água Fria;São Paulo;-23.482607;-46.60532;105.0;2;2.0;PENTHOUSE;3.5;4.735
Avenida Interlagos;Jardim Marajoara;São Paulo;-23.667307;-46.677523;180.0;3;1.0;PENTHOUSE;3.27;4.145
Rua Martiniano de Carvalho;Bela Vista;São Paulo;-23.564635;-46.642174;65.0;2;1.0;PENTHOUSE;2.85;3.7
Avenida Imperatriz Leopoldina;Vila Leopoldina;São Paulo;-23.531627;-46.730502;105.0;2;2.0;PENTHOUSE;3.5;4.7
Avenida José Galante;Morumbi;São Paulo;-23.617688;-46.732645;100.0;2;2.0;PENTHOUSE;2.8;3.674
Rua Furnas;Brooklin;São Paulo;-23.605044;-46.692078;75.0;1;1.0;PENTHOUSE;3.0;3.983
Rua Canário;Moema;São Paulo;-23.605103;-46.670695;94.0;1;1.0;PENTHOUSE;4.5;5.695
Avenida Nova Cantareira;Água Fria;São Paulo;-23.480985;-46.611805;60.0;1;0.0;PENTHOUSE;1.2;1.55
Avenida Padre Lebret;Jardim Leonor;São Paulo;-23.601407;-46.717567;126.0;2;2.0;PENTHOUSE;5.0;5.75
Rua Taguatinga;Vila Carrão;São Paulo;-23.545871;-46.536135;100.0;1;0.0;PENTHOUSE;800.0;800.0
Rua David Eid;Campo Grande;São Paulo;-23.676932;-46.670404;148.0;4;3.0;PENTHOUSE;3.5;4.37
Rua João Anes;Alto da Lapa;São Paulo;-23.526254;-46.70678;164.0;3;3.0;PENTHOUSE;8.0;9.5
Alameda Fernão Cardim;Jardim Paulista;São Paulo;-23.569127;-46.653106;105.0;2;1.0;PENTHOUSE;5.0;5.855
Rua Mandu;Vila Granada;São Paulo;-23.520648;-46.520479;52.0;2;1.0;APARTMENT;850.0;1.507
Rua Voluntários da Pátria;Santana;São Paulo;-23.486306;-46.627436;100.0;3;2.0;APARTMENT;1.5;2.28
Rua Ibitirama;Vila Prudente;São Paulo;-23.584961;-46.584274;160.0;3;2.0;PENTHOUSE;1.9;3.07
Avenida Vereador José Diniz;Campo Belo;São Paulo;-23.619966;-46.677315;43.0;1;1.0;PENTHOUSE;4.95;5.6
Rua Mateus Grou;Pinheiros;São Paulo;-23.561925;-46.685717;124.0;1;1.0;PENTHOUSE;5.071;6.371
Avenida Cipriano Rodrigues;Vila Formosa;São Paulo;-23.576435;-46.526528;56.0;2;1.0;PENTHOUSE;1.88;2.22
Rua José de Cristo Moreira;Real Parque;São Paulo;-23.613978;-46.706466;246.0;3;3.0;PENTHOUSE;6.0;7.61
Rua Correggio;Vila Suzana;São Paulo;-23.609956;-46.732218;188.0;3;3.0;PENTHOUSE;3.2;4.65
Avenida Interlagos;Interlagos;São Paulo;-23.686936;-46.692415;160.0;3;3.0;PENTHOUSE;8.0;8.0
Rua Doutor Tomás Carvalhal;Paraíso;São Paulo;-23.577545;-46.648285;100.0;1;1.0;PENTHOUSE;3.8;4.9
Avenida Moema;Moema;São Paulo;-23.604105;-46.658718;90.0;2;1.0;PENTHOUSE;5.5;5.5
Rua Padre Lebret;Jardim Leonor;São Paulo;-23.601462;-46.716131;120.0;2;2.0;PENTHOUSE;5.0;6.2
Rua Aracuípe;Vila Mascote;São Paulo;-23.652146;-46.6711;116.0;1;2.0;PENTHOUSE;3.7;4.8
Rua Faustolo;Vila Romana;São Paulo;-23.524031;-46.691799;144.0;2;2.0;PENTHOUSE;4.3;5.764
Rua Doutor Oscar Monteiro de Barros;Vila Suzana;São Paulo;-23.619636;-46.736706;125.0;3;4.0;PENTHOUSE;2.017;3.482
Praça Japuba;Alto de Pinheiros;São Paulo;-23.540833;-46.706647;140.0;2;1.0;PENTHOUSE;2.3;3.421
Rua José Pereira de Carvalho;Jaguaré;São Paulo;-23.554041;-46.748404;155.0;3;2.0;PENTHOUSE;4.5;5.7
Rua Augusta;Consolação;São Paulo;-23.554042;-46.655952;80.0;1;0.0;PENTHOUSE;2.3;3.044
Rua Doutor Hélio Fidélis;Cidade São Francisco;São Paulo;-23.562337;-46.756699;220.0;2;2.0;PENTHOUSE;4.3;5.64
Rua Arnaldo Cintra;Tatuapé;São Paulo;-23.525464;-46.562212;50.0;2;1.0;PENTHOUSE;1.43;1.78
Rua Marc Chagall;Água Branca;São Paulo;-23.521056;-46.681286;138.0;3;0.0;PENTHOUSE;5.5;6.65
Rua Paulo Bender;Vila Ema;São Paulo;-23.587444;-46.539348;75.0;2;1.0;PENTHOUSE;1.961;1.961
Rua Trajano Reis;Jardim das Vertentes;São Paulo;-23.588632;-46.740863;205.0;3;3.0;PENTHOUSE;6.8;8.4
Rua Samambaia;Bosque da Saúde;São Paulo;-23.608022;-46.624815;50.0;1;0.0;PENTHOUSE;1.56;1.792
Avenida Escola Politécnica;Butantã;São Paulo;-23.561245;-46.748308;65.0;2;2.0;PENTHOUSE;2.2;2.77
Rodovia Raposo Tavares;Butantã;São Paulo;-23.601482;-46.785342;190.0;4;3.0;APARTMENT;4.2;5.5
Rua da Bica;Freguesia do Ó;São Paulo;-23.501354;-46.701684;83.0;3;1.0;PENTHOUSE;1.55;2.252
Rua Vichy;Casa Verde;São Paulo;-23.507769;-46.661928;390.0;4;5.0;PENTHOUSE;5.0;7.748
Rua Paim;Consolação;São Paulo;-23.554122;-46.650655;116.0;1;1.0;PENTHOUSE;8.0;8.84
Rua Dois de Julho;Ipiranga;São Paulo;-23.595977;-46.59887;45.0;1;1.0;PENTHOUSE;2.0;2.49
Avenida dos Eucaliptos;Moema;São Paulo;-23.605387;-46.674375;180.0;3;4.0;PENTHOUSE;6.9;9.28
Rua Professor Artur Ramos;Pinheiros;São Paulo;-23.58123;-46.685846;180.0;2;2.0;PENTHOUSE;7.5;8.63
Avenida Santo Amaro;Vila Nova Conceição;São Paulo;-23.591445;-46.672494;90.0;1;0.0;PENTHOUSE;4.144;4.661
Rua Fradique Coutinho;Pinheiros;São Paulo;-23.565483;-46.684462;180.0;2;2.0;PENTHOUSE;15.0;16.7
Rua Frei Duarte Jorge de Mendonça;Vila Andrade;São Paulo;-23.626206;-46.736101;34.0;1;1.0;PENTHOUSE;1.8;2.267
Rua Cardoso de Almeida;Perdizes;São Paulo;-23.536651;-46.667092;57.0;1;0.0;PENTHOUSE;2.19;2.55
Alameda Nothmann;Bom Retiro;São Paulo;-23.535088;-46.650372;50.0;2;0.0;PENTHOUSE;1.54;2.09
Rua Conselheiro Moreira de Barros;Lauzane Paulista;São Paulo;-23.483726;-46.643687;328.0;3;4.0;PENTHOUSE;7.0;8.382
Rua Tupi;Higienópolis;São Paulo;-23.535462;-46.66156;74.0;1;1.0;PENTHOUSE;3.5;4.54
Rua Conselheiro Brotero;Santa Cecília;São Paulo;-23.534176;-46.660388;160.0;2;2.0;PENTHOUSE;6.5;7.74
Rua Dankmar Adler;Morumbi;São Paulo;-23.619483;-46.738216;172.0;3;3.0;PENTHOUSE;5.0;5.965
Rua Desembargador Euclides da Silveira;Santana;São Paulo;-23.510068;-46.652245;94.0;2;1.0;PENTHOUSE;3.7;4.53
Rua Pedro Avancine;Real Parque;São Paulo;-23.604923;-46.70226;250.0;2;3.0;PENTHOUSE;9.9;12.4
Rua Tito;Vila Romana;São Paulo;-23.527908;-46.696082;255.0;3;3.0;PENTHOUSE;9.0;10.877
Rua da Paz;Chácara Santo Antônio;São Paulo;-23.62621;-46.707257;236.0;3;4.0;PENTHOUSE;13.0;14.6
Rua Professor Pedreira de Freitas;Tatuapé;São Paulo;-23.551112;-46.558248;242.0;3;4.0;PENTHOUSE;3.2;5.13
Rua Casa do Ator;Vila Olímpia;São Paulo;-23.600172;-46.676032;100.0;2;2.0;PENTHOUSE;5.16;6.0
Rua Alessandro Allori;Jardim Primavera;São Paulo;-23.488894;-46.6772;50.0;2;0.0;APARTMENT;850.0;850.0
Rua Alvorada;Vila Olímpia;São Paulo;-23.597611;-46.682742;189.0;3;2.0;PENTHOUSE;5.0;6.603
Rua Coronel Luís Barroso;Santo Amaro;São Paulo;-23.647021;-46.704471;58.0;1;1.0;PENTHOUSE;3.0;3.85
Rua Lourenço Prado;Butantã;São Paulo;-23.582137;-46.747133;104.0;2;1.0;PENTHOUSE;2.0;2.63
Rua Almaden;Vila Andrade;São Paulo;-23.636609;-46.735339;364.0;4;4.0;PENTHOUSE;9.13;11.83
Rua Padre Lebret;Jardim Leonor;São Paulo;-23.600988;-46.717371;124.0;2;2.0;PENTHOUSE;6.0;7.1
Avenida Guarapiranga;Socorro;São Paulo;-23.67489;-46.735038;65.0;3;1.0;PENTHOUSE;2.2;2.7
Rua Visconde de Nacar;Real Parque;São Paulo;-23.607187;-46.707908;300.0;3;3.0;APARTMENT;4.9;8.5
Avenida Professor Francisco Morato;Butantã;São Paulo;-23.596481;-46.740256;134.0;3;1.0;PENTHOUSE;2.9;3.72
Rua Rino Pieralini;Vila Mariana;São Paulo;-23.588294;-46.636665;156.0;2;2.0;PENTHOUSE;8.5;9.8
Rua Suzano;Jardim Paulista;São Paulo;-23.578678;-46.670419;90.0;1;0.0;PENTHOUSE;8.0;9.234
Rua Arthur Mazzetti;Mandaqui;São Paulo;-23.481033;-46.63439;161.0;3;3.0;PENTHOUSE;2.5;4.0
Rua Pedro Gomes Cardim;Morumbi;São Paulo;-23.590607;-46.721353;150.0;2;1.0;PENTHOUSE;2.825;4.302
Rua Doutor José de Andrade Figueira;Morumbi;São Paulo;-23.618274;-46.742233;330.0;3;4.0;PENTHOUSE;5.0;5.002
Rua Rodesia;Vila Madalena;São Paulo;-23.552125;-46.692236;107.0;2;2.0;PENTHOUSE;6.34;7.24
Avenida Martin Luther King;Vila Sao Francisco;São Paulo;-23.557447;-46.762305;240.0;4;3.0;PENTHOUSE;9.0;10.3
Rua Apinajés;Perdizes;São Paulo;-23.533525;-46.677645;274.0;3;5.0;PENTHOUSE;11.522;14.846
Avenida Engenheiro Armando de Arruda Pereira;Vila do Encontro;São Paulo;-23.655714;-46.63633;146.0;2;1.0;PENTHOUSE;1.4;2.009
Rua Doutor Oscar Monteiro de Barros;Morumbi;São Paulo;-23.619636;-46.736706;125.0;3;4.0;PENTHOUSE;2.017;3.482
Avenida Nove de Julho;Bela Vista;São Paulo;-23.553226;-46.647627;56.0;2;1.0;PENTHOUSE;1.75;2.57
Avenida Angélica;Santa Cecília;São Paulo;-23.540546;-46.655413;50.0;1;0.0;PENTHOUSE;1.3;2.0
Rua Voluntários da Pátria;Santana;São Paulo;-23.483528;-46.630602;300.0;4;3.0;PENTHOUSE;6.2;7.4
Rua Doutor Renato Paes de Barros;Itaim Bibi;São Paulo;-23.583509;-46.673899;180.0;3;1.0;PENTHOUSE;12.5;14.5
Rua Alves Guimarães;Pinheiros;São Paulo;-23.556914;-46.677647;70.0;1;1.0;PENTHOUSE;3.8;5.01
Rua Manuel Cherem;Vila Mascote;São Paulo;-23.640694;-46.663312;125.0;2;2.0;PENTHOUSE;4.499;5.398
Avenida Portugal;Brooklin;São Paulo;-23.612064;-46.678777;254.0;3;3.0;PENTHOUSE;8.5;10.3
Rua Passo da Pátria;Vila Leopoldina;São Paulo;-23.525233;-46.729976;185.0;3;2.0;PENTHOUSE;5.5;6.77
Rua Doutor Luiz Migliano;Morumbi;São Paulo;-23.620609;-46.742202;141.0;3;3.0;PENTHOUSE;4.6;5.85
Avenida General Olímpio da Silveira;Santa Cecília;São Paulo;-23.531702;-46.660549;230.0;3;3.0;PENTHOUSE;6.5;8.4
Avenida Professor Alceu Maynard Araújo;Granja Julieta;São Paulo;-23.634358;-46.709227;235.0;2;3.0;PENTHOUSE;7.1;8.859
Rua Joaquim Antunes;Pinheiros;São Paulo;-23.564158;-46.681714;450.0;3;2.0;PENTHOUSE;19.8;19.8
Rua Calógero Calía;Jardim da Saude;São Paulo;-23.625643;-46.622733;166.0;3;3.0;PENTHOUSE;2.5;4.0
Rua Flórida;Brooklin;São Paulo;-23.607043;-46.696097;143.0;3;2.0;PENTHOUSE;12.0;12.0
Rua Doutor Manoel de Paiva Ramos;Vila Sao Francisco;São Paulo;-23.559642;-46.755224;156.0;3;2.0;APARTMENT;2.8;4.29
Rua José Jannarelli;Jardim Guedala;São Paulo;-23.58682;-46.718376;160.0;3;2.0;PENTHOUSE;4.0;5.25
Rua Pedro de Sousa Campos Filho;Vila Madalena;São Paulo;-23.541528;-46.702178;262.0;4;2.0;PENTHOUSE;10.0;11.38
Rua Iubatinga;Morumbi;São Paulo;-23.626988;-46.734518;260.0;5;4.0;PENTHOUSE;7.35;9.03
Rua Pascoal Vita;Vila Madalena;São Paulo;-23.55163;-46.698362;140.0;2;2.0;PENTHOUSE;6.0;8.02
Alameda Casa Branca;Jardim Paulista;São Paulo;-23.566968;-46.661188;215.0;4;2.0;PENTHOUSE;8.0;10.46
Rua Professor Hilário Veiga de Carvalho;Morumbi;São Paulo;-23.617771;-46.738056;138.0;2;2.0;PENTHOUSE;2.75;4.282
Rua Padre José Antônio Romano;Campo Limpo;São Paulo;-23.620107;-46.761466;160.0;2;2.0;PENTHOUSE;1.5;2.4
Rua Padre Lebret;Jardim Leonor;São Paulo;-23.601578;-46.717785;98.0;1;2.0;PENTHOUSE;3.3;4.2
Rua Doutor Jesuíno Maciel;Campo Belo;São Paulo;-23.614806;-46.677741;210.0;2;3.0;PENTHOUSE;11.0;12.75
Rua Ouro Branco;Jardim Paulista;São Paulo;-23.570787;-46.661897;113.0;2;1.0;PENTHOUSE;6.0;7.025
Rua Maratona;Vila Mascote;São Paulo;-23.643052;-46.671087;243.0;4;4.0;PENTHOUSE;10.0;10.0
Rua Cancioneiro Popular;Chácara Santo Antônio;São Paulo;-23.629929;-46.693942;181.0;3;4.0;PENTHOUSE;9.98;11.105
Rua Antônio de Macedo Soares;Campo Belo;São Paulo;-23.621262;-46.674125;215.0;4;4.0;PENTHOUSE;9.0;10.3
Rua Apiacás;Perdizes;São Paulo;-23.537862;-46.679483;88.0;2;2.0;PENTHOUSE;2.916;4.416
Rua Tupi;Higienópolis;São Paulo;-23.537588;-46.662556;196.0;3;3.0;PENTHOUSE;7.0;9.4
Rua Bacaetava;Brooklin;São Paulo;-23.622232;-46.695614;201.0;3;4.0;PENTHOUSE;12.5;14.3
Rua Joaquim Murtinho;Bom Retiro;São Paulo;-23.52716;-46.6365;108.0;3;2.0;PENTHOUSE;5.35;5.85
Rua Mateus Grou;Pinheiros;São Paulo;-23.56327;-46.684706;204.0;3;2.0;PENTHOUSE;9.0;9.0
Rua Marquês de Paranaguá;Consolação;São Paulo;-23.549307;-46.650562;98.0;1;2.0;PENTHOUSE;2.2;3.594
Rua Edson;Campo Belo;São Paulo;-23.624896;-46.672177;275.0;3;2.0;PENTHOUSE;12.0;14.017
Rua da Consolação;Consolação;São Paulo;-23.547531;-46.645134;70.0;1;0.0;PENTHOUSE;2.6;3.1
Rua Domingos Fasolari;Casa Verde;São Paulo;-23.512132;-46.655074;154.0;3;3.0;PENTHOUSE;6.5;7.33
Rua Doutor Fadlo Haidar;Vila Olímpia;São Paulo;-23.595639;-46.674915;162.0;2;2.0;PENTHOUSE;7.602;9.269
Rua Conselheiro Brotero;Santa Cecília;São Paulo;-23.533198;-46.658853;96.0;3;1.0;PENTHOUSE;2.53;3.447
Rua Bela Cintra;Cerqueira César;São Paulo;-23.551841;-46.654451;96.0;1;1.0;PENTHOUSE;4.5;5.683
Rua Bandeira Paulista;Itaim Bibi;São Paulo;-23.586468;-46.67534;190.0;2;0.0;APARTMENT;4.5;6.3
Rua José da Silva Ribeiro;Vila Andrade;São Paulo;-23.623821;-46.740149;223.0;2;5.0;PENTHOUSE;9.5;11.2
Rua José da Silva Ribeiro;Morumbi;São Paulo;-23.623724;-46.740135;263.0;3;3.0;PENTHOUSE;9.0;10.7
Rua Astorga;Vila Guilhermina;São Paulo;-23.529908;-46.514875;40.0;2;1.0;PENTHOUSE;1.8;1.8
Rua Croata;Alto Da Boa Vista;São Paulo;-23.535338;-46.705869;150.0;2;0.0;PENTHOUSE;4.8;6.2
Rua Doutor Luiz Migliano;Jardim Caboré;São Paulo;-23.620904;-46.742058;197.0;4;3.0;PENTHOUSE;7.5;8.4
Rua José Pereira de Carvalho;Jaguaré;São Paulo;-23.551905;-46.749714;155.0;3;2.0;PENTHOUSE;5.0;6.5
Rua Praia do Castelo;Vila Mascote;São Paulo;-23.647221;-46.669135;160.0;2;2.0;PENTHOUSE;3.7;5.212
Rua Barão de Campos Gerais;Real Parque;São Paulo;-23.606751;-46.705039;150.0;3;3.0;PENTHOUSE;9.0;11.4
Rua Aimberê;Perdizes;São Paulo;-23.53802;-46.682315;170.0;3;3.0;PENTHOUSE;10.5;11.58
Avenida Itaboraí;Chácara Inglesa;São Paulo;-23.611196;-46.629696;54.0;2;1.0;PENTHOUSE;1.7;2.484
Rua Coronel Joaquim Ferreira Lobo;Vila Olímpia;São Paulo;-23.593657;-46.682495;90.0;1;1.0;PENTHOUSE;8.0;9.24
Avenida Nossa Senhora da Assunção;Vila Universitária;São Paulo;-23.570724;-46.744774;130.0;3;1.0;PENTHOUSE;2.0;2.828
Avenida General Olímpio da Silveira;Barra Funda;São Paulo;-23.531805;-46.660344;330.0;3;3.0;PENTHOUSE;4.6;6.5
Rua das Grumixamas;Jabaquara;São Paulo;-23.648249;-46.643434;127.0;3;3.0;PENTHOUSE;1.85;3.54
Rua Desembargador do Vale;Pompeia;São Paulo;-23.532043;-46.684303;260.0;4;3.0;PENTHOUSE;12.0;14.2
Rua Desembargador do Vale;Perdizes;São Paulo;-23.532043;-46.684303;245.0;3;3.0;PENTHOUSE;12.0;14.2
Avenida Doutor Mário Vilas Boas Rodrigues;Jardim Dom Bosco;São Paulo;-23.651863;-46.720181;111.0;2;2.0;PENTHOUSE;6.0;7.08
Rua Carlos Comenale;Bela Vista;São Paulo;-23.561368;-46.65475;110.0;2;1.0;PENTHOUSE;10.0;11.1
Rua Alcindo Guanabara;Jardim da Glória;São Paulo;-23.581233;-46.624877;146.0;2;2.0;PENTHOUSE;7.0;8.0
Rua Apinajés;Perdizes;São Paulo;-23.537963;-46.680249;132.0;3;2.0;PENTHOUSE;11.0;12.63
Rua Indiana;Brooklin;São Paulo;-23.614525;-46.679975;87.0;2;1.0;PENTHOUSE;3.0;4.2
Rua Corinto;Vila Indiana;São Paulo;-23.569896;-46.728477;80.0;2;2.0;PENTHOUSE;2.5;3.92
Avenida Engenheiro Eusébio Stevaux;Jurubatuba;São Paulo;-23.670177;-46.701006;272.0;3;3.0;PENTHOUSE;15.0;16.99
Rua Tupi;Higienópolis;São Paulo;-23.535743;-46.661797;197.0;3;3.0;PENTHOUSE;9.0;11.4
Rua Herculano de Freitas;Bela Vista;São Paulo;-23.555098;-46.651937;84.0;2;20.0;PENTHOUSE;4.0;4.971
Rua Escobar Ortiz;Vila Nova Conceição;São Paulo;-23.589748;-46.665042;450.0;4;4.0;PENTHOUSE;25.0;29.747
Rua Apinajés;Pompeia;São Paulo;-23.537963;-46.680249;132.0;3;2.0;PENTHOUSE;11.0;12.7
Rua Capitão Otávio Machado;Chácara Santo Antônio;São Paulo;-23.63345;-46.703256;240.0;3;2.0;PENTHOUSE;5.9;8.1
Rua João Moura;Pinheiros;São Paulo;-23.554242;-46.681604;191.0;3;3.0;PENTHOUSE;9.0;10.6
Rua Antônio de Macedo Soares;Campo Belo;São Paulo;-23.619462;-46.672709;130.0;2;1.0;PENTHOUSE;5.0;6.37
Rua Monte Alegre;Perdizes;São Paulo;-23.534012;-46.667539;154.0;2;2.0;PENTHOUSE;10.0;12.08
Rua Coronel Francisco Inácio;Vila das Mercês;São Paulo;-23.6094;-46.601126;104.0;3;2.0;PENTHOUSE;2.2;3.262
Avenida Presidente Juscelino Kubitschek;Vila Nova Conceição;São Paulo;-23.591668;-46.683737;155.0;3;3.0;PENTHOUSE;29.51;31.272
Rua Gabriele D'Annunzio;Campo Belo;São Paulo;-23.621607;-46.677872;319.0;4;4.0;PENTHOUSE;22.0;24.7
Avenida José Galante;Vila Suzana;São Paulo;-23.617688;-46.732645;100.0;2;2.0;PENTHOUSE;28.0;28.874
Rua Doutor Franco da Rocha;Perdizes;São Paulo;-23.537973;-46.673845;101.0;3;1.0;PENTHOUSE;2.1;3.951
Rua Croata;Vila Romana;São Paulo;-23.535338;-46.705869;150.0;2;2.0;PENTHOUSE;4.7;6.1
Rua Escobar Ortiz;Vila Nova Conceição;São Paulo;-23.591653;-46.666525;450.0;4;4.0;PENTHOUSE;25.0;29.505
Rua Eugene Carriere;Butantã;São Paulo;-23.585938;-46.73984;120.0;3;2.0;PENTHOUSE;2.5;3.5
Rua Apinajés;Sumaré;São Paulo;-23.537963;-46.680249;133.0;3;2.0;PENTHOUSE;10.0;11.63
Rua Campevas;Perdizes;São Paulo;-23.537954;-46.676585;270.0;3;4.0;PENTHOUSE;9.0;11.0
Rua Itanhatim;Vila Andrade;São Paulo;-23.632982;-46.730417;270.0;3;2.0;PENTHOUSE;13.0;14.6
Rua Engenheiro Jorge Oliva;Vila Mascote;São Paulo;-23.646011;-46.668872;250.0;4;6.0;PENTHOUSE;10.5;12.5
Avenida Miruna;Moema;São Paulo;-23.613542;-46.663087;182.0;2;2.0;PENTHOUSE;9.9;11.55
Avenida Mofarrej;Vila Leopoldina;São Paulo;-23.531946;-46.744978;140.0;2;2.0;PENTHOUSE;7.5;8.48
Rua Daniel Rossi;Santana;São Paulo;-23.499455;-46.63096;302.0;4;4.0;PENTHOUSE;7.5;9.0
Rua Joaquim Guarani;Chácara Santo Antônio;São Paulo;-23.62653;-46.693344;212.0;2;2.0;PENTHOUSE;11.0;12.3
Rua Pascal;Campo Belo;São Paulo;-23.615457;-46.6786;391.0;3;4.0;PENTHOUSE;9.2;12.071
Rua Pascoal Vita;Alto de Pinheiros;São Paulo;-23.55163;-46.698362;145.0;2;2.0;PENTHOUSE;6.5;8.6
Avenida Miruna;Moema;São Paulo;-23.612748;-46.663678;198.0;3;2.0;PENTHOUSE;8.0;10.05
Rua Mere Amedea;Vila Maria;São Paulo;-23.517559;-46.589088;260.0;3;4.0;PENTHOUSE;6.0;6.0
Rua Iara;Itaim Bibi;São Paulo;-23.585189;-46.674155;95.0;1;1.0;PENTHOUSE;7.2;8.6
Rua Oscar Freire;Pinheiros;São Paulo;-23.559176;-46.672621;240.0;3;2.0;PENTHOUSE;10.0;13.0
Rua José da Silva Ribeiro;Morumbi;São Paulo;-23.623821;-46.740149;224.0;3;3.0;PENTHOUSE;5.2;7.0
Rua Pinto Gonçalves;Perdizes;São Paulo;-23.532859;-46.673406;217.0;3;4.0;PENTHOUSE;14.5;16.9
Rua Bacaetava;Brooklin;São Paulo;-23.622003;-46.69525;206.0;3;4.0;PENTHOUSE;12.0;13.8
Rua Bandeira Paulista;Itaim Bibi;São Paulo;-23.580714;-46.676549;160.0;2;1.0;PENTHOUSE;10.3;11.99
Rua Urbanizadora;Sumaré;São Paulo;-23.540915;-46.67953;340.0;4;4.0;PENTHOUSE;8.7;11.2
Rua José da Silva Ribeiro;Vila Andrade;São Paulo;-23.625218;-46.741114;223.0;2;0.0;PENTHOUSE;10.0;11.7
Rua Padre Carvalho;Pinheiros;São Paulo;-23.560295;-46.696876;119.0;2;2.0;PENTHOUSE;5.0;6.35
Rua Pantojo;Água Rasa;São Paulo;-23.560012;-46.568973;228.0;4;4.0;PENTHOUSE;5.0;7.0
Rua Augusta;Consolação;São Paulo;-23.556324;-46.658451;100.0;2;0.0;PENTHOUSE;2.73;3.666
Avenida Sumaré;Perdizes;São Paulo;-23.531182;-46.677006;80.0;1;1.0;PENTHOUSE;2.5;4.3
Rua João de Castelhanos;Água Fria;São Paulo;-23.485246;-46.624798;225.0;4;3.0;PENTHOUSE;7.0;8.35
Rua Santo Egídio;Santana;São Paulo;-23.490381;-46.639761;107.0;3;2.0;PENTHOUSE;2.5;3.6
Rua Judite;Vila Madalena;São Paulo;-23.551957;-46.696626;114.0;1;2.0;PENTHOUSE;5.0;6.5
Rua Conselheiro Pedro Luís;Santana;São Paulo;-23.497025;-46.635673;305.0;4;5.0;PENTHOUSE;8.0;9.8
Rua Itapaiuna;Morumbi;São Paulo;-23.638268;-46.729059;290.0;4;4.0;PENTHOUSE;18.0;20.5
Rua Cancioneiro Popular;Santo Amaro;São Paulo;-23.629929;-46.693942;181.0;3;4.0;PENTHOUSE;9.99;11.19
Avenida Rouxinol;Moema;São Paulo;-23.605974;-46.667479;158.0;4;2.0;PENTHOUSE;7.5;9.3
Rua Hans Nobiling;Jardim Europa;São Paulo;-23.581457;-46.691832;450.0;3;3.0;PENTHOUSE;20.0;20.0
Rua Joaquim Moreira Dias;Jardim Avelino;São Paulo;-23.594222;-46.564044;236.0;3;2.0;PENTHOUSE;2.5;4.58
Rua Santa;Vila Mascote;São Paulo;-23.648244;-46.665661;210.0;3;2.0;PENTHOUSE;3.5;5.0
Rua Jandiatuba;Morumbi;São Paulo;-23.630096;-46.734761;210.0;1;2.0;PENTHOUSE;11.6;13.901
Alameda dos Anapurus;Moema;São Paulo;-23.609787;-46.660439;250.0;3;3.0;PENTHOUSE;8.0;9.7
Rua Correia Dias;Paraíso;São Paulo;-23.576615;-46.641994;94.0;2;2.0;PENTHOUSE;8.0;9.5
Avenida Moema;Planalto Paulista;São Paulo;-23.607013;-46.655399;79.0;2;2.0;PENTHOUSE;3.79;5.79
Rua Mourato Coelho;Pinheiros;São Paulo;-23.561211;-46.688889;249.0;3;4.0;PENTHOUSE;16.5;19.3
Rua David Ben Gurion;Morumbi;São Paulo;-23.609011;-46.734945;283.0;3;3.0;PENTHOUSE;8.0;9.9
Rua Salete;Santana;São Paulo;-23.500847;-46.627511;235.0;3;3.0;PENTHOUSE;6.5;8.0
Rua Oliveira Dias;Brooklin;São Paulo;-23.580705;-46.670405;88.0;2;2.0;APARTMENT;8.5;10.0
Avenida Padre Antônio José dos Santos;Brooklin;São Paulo;-23.612871;-46.683908;100.0;2;1.0;PENTHOUSE;7.5;8.49
Rua Pedro Doll;Santana;São Paulo;-23.491225;-46.629283;480.0;4;6.0;PENTHOUSE;20.0;22.642
Rua Marquês de Sabará;Real Parque;São Paulo;-23.605929;-46.705307;310.0;3;4.0;PENTHOUSE;8.0;8.004
Rua Alexandre Dumas;Chácara Santo Antônio;São Paulo;-23.633729;-46.701872;277.0;3;2.0;PENTHOUSE;7.65;10.65
Rua Maratona;Vila Alexandria;São Paulo;-23.64306;-46.671123;291.0;5;3.0;PENTHOUSE;12.0;12.0
Rua Ezequiel Freire;Santana;São Paulo;-23.50557;-46.623465;78.0;2;1.0;PENTHOUSE;3.5;4.204
Rua Tucuna;Perdizes;São Paulo;-23.535491;-46.686058;230.0;3;3.0;PENTHOUSE;10.0;12.5
Rua Pantojo;Tatuapé;São Paulo;-23.560012;-46.568973;228.0;4;4.0;PENTHOUSE;5.0;7.0
Rua Constantino de Sousa;Campo Belo;São Paulo;-23.621218;-46.677513;258.0;3;4.0;PENTHOUSE;16.0;18.3
Rua da Paz;Chácara Santo Antônio;São Paulo;-23.630332;-46.700443;236.0;4;4.0;PENTHOUSE;12.49;14.09
Rua Frederico Guarinon;Jardim Ampliação;São Paulo;-23.626988;-46.730813;240.0;3;2.0;PENTHOUSE;6.1;7.8
Rua Oliveira Dias;Jardim Paulista;São Paulo;-23.580705;-46.670405;40.0;1;1.0;PENTHOUSE;4.85;5.75
Rua Itapaiuna;Morumbi;São Paulo;-23.638271;-46.729071;734.0;4;5.0;PENTHOUSE;27.0;27.0
Rua Catequese;Butantã;São Paulo;-23.570901;-46.706782;600.0;3;4.0;PENTHOUSE;8.0;12.6
Alameda Afonso Schmidt;Santana;São Paulo;-23.497993;-46.637431;150.0;4;1.0;PENTHOUSE;4.32;4.995
Rua da Consolação;Jardim América;São Paulo;-23.563182;-46.671332;140.0;1;1.0;PENTHOUSE;7.5;8.39
Rua Frei Bonifácio Dux;Vila Sônia;São Paulo;-23.603076;-46.730383;260.0;4;0.0;PENTHOUSE;3.43;5.494
Rua Engenheiro Edgar Egídio de Sousa;Higienópolis;São Paulo;-23.541942;-46.663568;453.0;4;4.0;PENTHOUSE;22.0;29.51
Alameda dos Maracatins;Moema;São Paulo;-23.612289;-46.665412;154.0;1;4.0;PENTHOUSE;9.5;12.275
Rua Edson;Campo Belo;São Paulo;-23.6215;-46.676747;170.0;3;3.0;PENTHOUSE;15.0;16.3
Avenida Camilo Castelo Branco;Bosque da Saúde;São Paulo;-23.605727;-46.620239;108.0;3;2.0;PENTHOUSE;2.14;3.54
Rua Gaivota;Moema;São Paulo;-23.606859;-46.670584;82.0;5;7.0;PENTHOUSE;2.66;10.772
Rua Conselheiro Moreira de Barros;Santana;São Paulo;-23.488984;-46.63703;328.0;3;4.0;PENTHOUSE;7.6;8.96
Avenida Moema;Moema;São Paulo;-23.602021;-46.672103;79.0;2;2.0;PENTHOUSE;3.9;5.89
Rua Tabor;Ipiranga;São Paulo;-23.576653;-46.604168;246.0;4;3.0;PENTHOUSE;13.0;14.8
Rua Doutor Fonseca Brasil;Vila Andrade;São Paulo;-23.630062;-46.734382;185.0;3;3.0;PENTHOUSE;8.0;8.0
Rua Vapabussu;Jardim Aeroporto;São Paulo;-23.631316;-46.668384;95.0;2;2.0;PENTHOUSE;4.015;5.265
Rua Frederico Guarinon;Morumbi;São Paulo;-23.626988;-46.730813;240.0;3;2.0;PENTHOUSE;6.1;7.8
Rua Vichy;Vl Baruel;São Paulo;-23.5077;-46.662433;165.0;3;2.0;PENTHOUSE;3.5;4.94
Rua da Meação;Jardim Anália Franco;São Paulo;-23.554961;-46.569204;180.0;3;3.0;PENTHOUSE;3.25;4.95
Rua Antônio Carlos Luiz Filho;Jardim Anália Franco;São Paulo;-23.560606;-46.55855;200.0;3;4.0;PENTHOUSE;4.0;6.52
Rua Nanuque;Vila Leopoldina;São Paulo;-23.530751;-46.726119;226.0;4;2.0;PENTHOUSE;11.5;13.2
Rua Bahia;Higienópolis;São Paulo;-23.548206;-46.660657;230.0;3;2.0;PENTHOUSE;15.0;16.9
Rua Herói da Força Expedicionária Brasileira;Parque Novo Mundo;São Paulo;-23.512015;-46.564881;220.0;3;4.0;PENTHOUSE;2.9;4.4
Rua Cambuci do Vale;Interlagos;São Paulo;-23.714222;-46.704676;340.0;4;2.0;PENTHOUSE;6.0;8.2
Avenida Portugal;Brooklin;São Paulo;-23.614417;-46.681039;210.0;3;3.0;PENTHOUSE;7.0;9.3
Rua Fernandes Moreira;Chácara Santo Antônio;São Paulo;-23.633174;-46.700439;380.0;3;4.0;PENTHOUSE;9.0;12.3
Rua Doutor Hélio Fidelis;Vila Sao Francisco;São Paulo;-23.56301;-46.755301;225.0;3;3.0;PENTHOUSE;4.5;6.2
Rua Mota Pais;Vila Ipojuca;São Paulo;-23.536806;-46.703622;185.0;3;3.0;PENTHOUSE;7.0;8.2
Avenida Moema;Moema;São Paulo;-23.607013;-46.655399;128.0;2;2.0;PENTHOUSE;3.789;5.834
Alameda Ministro Rocha Azevedo;Cerqueira César;São Paulo;-23.566899;-46.665341;70.0;1;1.0;PENTHOUSE;6.0;7.1
Avenida Macuco;Moema;São Paulo;-23.603656;-46.666918;270.0;3;3.0;PENTHOUSE;12.0;14.623
Rua Santa;Vila Mascote;São Paulo;-23.647457;-46.665793;199.0;3;2.0;PENTHOUSE;3.22;5.65
Alameda Jaú;Jardins;São Paulo;-23.569051;-46.651038;90.0;2;1.0;PENTHOUSE;7.5;8.7
Avenida Doutor Guilherme Dumont Vilares;Morumbi;São Paulo;-23.62144;-46.739291;150.0;3;2.0;PENTHOUSE;3.5;5.067
Avenida Higienópolis;Higienópolis;São Paulo;-23.543019;-46.658366;385.0;4;3.0;PENTHOUSE;12.0;12.004
Rua Tupi;Santa Cecília;São Paulo;-23.535743;-46.661797;196.0;3;2.0;APARTMENT;7.0;9.4
Rua Maria Paula;Bela Vista;São Paulo;-23.551609;-46.640311;120.0;3;0.0;PENTHOUSE;6.6;7.343
Rua Nova York;Brooklin;São Paulo;-23.610602;-46.680024;240.0;3;3.0;PENTHOUSE;7.0;9.9
Rua Gabriele D'Annunzio;Campo Belo;São Paulo;-23.622164;-46.677664;139.0;2;3.0;PENTHOUSE;8.0;9.2
Rua Doutor José de Andrade Figueira;Morumbi;São Paulo;-23.616661;-46.741918;240.0;3;3.0;PENTHOUSE;5.0;6.871
Rua Dardanelos;Alto da Lapa;São Paulo;-23.537221;-46.715699;240.0;3;2.0;PENTHOUSE;9.0;11.5
Rua Doutor Augusto de Miranda;Pompeia;São Paulo;-23.534047;-46.691734;199.0;2;3.0;PENTHOUSE;13.0;14.8
Avenida Miruna;Indianópolis;São Paulo;-23.612748;-46.663678;200.0;3;3.0;PENTHOUSE;5.5;7.57
Rua Gabriele D'Annunzio;Campo Belo;São Paulo;-23.622753;-46.676761;423.0;4;7.0;PENTHOUSE;45.0;48.0
Rua Ponta Delgada;Vila Olímpia;São Paulo;-23.599529;-46.684097;120.0;3;2.0;PENTHOUSE;13.5;16.2
Rua Conselheiro Brotero;Higienópolis;São Paulo;-23.535693;-46.660408;250.0;2;3.0;PENTHOUSE;6.85;9.15
Rua Capitão Otávio Machado;Chácara Santo Antônio;São Paulo;-23.63178;-46.706369;154.0;3;3.0;PENTHOUSE;10.8;12.4
Rua Girassol;Pinheiros;São Paulo;-23.557818;-46.687298;157.0;2;4.0;PENTHOUSE;6.0;8.4
Rua Doutor Luiz Migliano;Morumbi;São Paulo;-23.6213;-46.741752;148.0;3;2.0;PENTHOUSE;3.0;4.399
Rua Gaivota;Moema;São Paulo;-23.604723;-46.669585;300.0;4;2.0;PENTHOUSE;13.0;15.4
Rua Conselheiro Moreira de Barros;Santana;São Paulo;-23.492872;-46.632488;242.0;3;4.0;PENTHOUSE;10.0;11.9
Rua Pereira da Nóbrega;Cambuci;São Paulo;-23.577055;-46.614441;205.0;3;3.0;PENTHOUSE;7.7;9.5
Rua Barão de Campos Gerais;Real Parque;São Paulo;-23.605758;-46.703896;240.0;3;2.0;PENTHOUSE;12.0;14.3
Rua Padre Estevão Pernet;Tatuapé;São Paulo;-23.542828;-46.572869;110.0;2;1.0;PENTHOUSE;1.8;3.5
Rua Jaci;Chácara Inglesa;São Paulo;-23.605994;-46.629013;136.0;3;2.0;PENTHOUSE;4.5;5.7
Rua Marselhesa;Vila Mariana;São Paulo;-23.592447;-46.640694;35.0;1;1.0;PENTHOUSE;2.5;3.36
Rua Bacaetava;Vila Gertrudes;São Paulo;-23.622232;-46.695614;201.0;3;4.0;PENTHOUSE;12.0;13.84
Rua André Pujos;Interlagos;São Paulo;-23.659004;-46.613197;120.0;3;1.0;PENTHOUSE;2.5;3.3
Avenida Doutor Mário Vilas Boas Rodrigues;Jardim Dom Bosco;São Paulo;-23.65118;-46.719577;111.0;2;2.0;PENTHOUSE;6.0;7.08
Avenida Ministro Álvaro de Souza Lima;Jardim Marajoara;São Paulo;-23.659679;-46.685092;230.0;3;2.0;PENTHOUSE;13.0;14.75
Rua Doutor Fonseca Brasil;Panamby;São Paulo;-23.630062;-46.734382;185.0;2;3.0;PENTHOUSE;3.0;5.9
Rua Adalívia de Tolêdo;Real Parque;São Paulo;-23.608706;-46.708665;230.0;4;4.0;PENTHOUSE;8.0;10.16
Rua Ramos de Pareja;Vila Monumento;São Paulo;-23.442662;-46.759753;122.0;2;0.0;PENTHOUSE;7.541;8.411
Rua Croata;Vila Ipojuca;São Paulo;-23.529119;-46.704969;320.0;3;6.0;PENTHOUSE;9.0;11.8
Rua Santo Egídio;Santa Terezinha;São Paulo;-23.490506;-46.639585;280.0;3;4.0;PENTHOUSE;8.5;10.37
Rua Doutor Gabriel dos Santos;Higienópolis;São Paulo;-23.537177;-46.659744;295.0;4;4.0;PENTHOUSE;7.0;11.5
Rua Bahia;Higienópolis;São Paulo;-23.548845;-46.660642;350.0;3;5.0;PENTHOUSE;7.0;11.134
Rua Nagel;Vila Leopoldina;São Paulo;-23.532987;-46.731198;245.0;3;3.0;PENTHOUSE;8.1;9.979
Rua João Cachoeira;Itaim Bibi;São Paulo;-23.582889;-46.678684;79.0;3;2.0;PENTHOUSE;7.5;10.755
Rua Manuel da Nóbrega;Paraíso;São Paulo;-23.571976;-46.651409;227.0;3;2.0;PENTHOUSE;8.5;10.832
Rua Conde de Itu;Santo Amaro;São Paulo;-23.649777;-46.698688;194.0;2;2.0;PENTHOUSE;5.5;7.305
Rua Carlos Steinen;Paraíso;São Paulo;-23.575477;-46.648603;370.0;3;5.0;PENTHOUSE;20.0;24.406
Rua Marcus Pereira;Morumbi;São Paulo;-23.622673;-46.735733;155.0;3;2.0;PENTHOUSE;3.5;5.406
Avenida José Galante;Morumbi;São Paulo;-23.619698;-46.735333;137.0;2;2.0;PENTHOUSE;2.39;3.796
Rua Pantojo;Vila Regente Feijó;São Paulo;-23.560012;-46.568973;230.0;4;4.0;PENTHOUSE;7.5;9.4
Alameda Itu;Jardim América;São Paulo;-23.560174;-46.663239;198.0;3;2.0;PENTHOUSE;13.0;14.9
Rua Pedroso Alvarenga;Itaim Bibi;São Paulo;-23.580212;-46.671755;488.0;4;3.0;PENTHOUSE;20.0;24.2
Avenida Portugal;Brooklin;São Paulo;-23.61443;-46.680981;210.0;3;3.0;PENTHOUSE;8.75;11.05
Rua Pensilvânia;Brooklin;São Paulo;-23.616402;-46.68111;185.0;2;2.0;PENTHOUSE;12.0;12.0
Rua Doutor Ferreira Lopes;Jardim Marajoara;São Paulo;-23.656968;-46.691965;184.0;4;2.0;PENTHOUSE;4.5;6.09
Rua Passo da Pátria;Alto da Lapa;São Paulo;-23.525233;-46.729976;180.0;4;2.0;PENTHOUSE;6.0;7.27
Avenida Jamaris;Moema;São Paulo;-23.604917;-46.662274;355.0;5;4.0;PENTHOUSE;16.0;18.8
Rua Castro Alves;Aclimação;São Paulo;-23.572819;-46.633347;450.0;3;4.0;PENTHOUSE;8.3;11.01
Rua Cayowaá;Sumaré;São Paulo;-23.54101;-46.685304;360.0;3;4.0;PENTHOUSE;3.0;7.913
Rua Ascencional;Jardim Ampliação;São Paulo;-23.624847;-46.731476;400.0;2;4.0;PENTHOUSE;6.0;8.4
Rua Doutor José Maria Whitaker;Vila Sônia;São Paulo;-23.59772;-46.724231;189.0;3;4.0;PENTHOUSE;10.0;11.75
Rua Conselheiro Brotero;Higienópolis;São Paulo;-23.538135;-46.661249;373.0;3;1.0;PENTHOUSE;15.0;16.8
Rua Caravelas;Vila Mariana;São Paulo;-23.582437;-46.648745;170.0;3;4.0;PENTHOUSE;5.9;7.7
Avenida Jurucê;Moema;São Paulo;-23.611056;-46.659391;220.0;3;2.0;PENTHOUSE;12.0;14.7
Praça Wilhelm Bernauer;Vila Prudente;São Paulo;-23.580905;-46.590007;270.0;4;3.0;PENTHOUSE;3.5;5.57
Rua Pedro Avancine;Cidade Jardim;São Paulo;-23.604911;-46.698954;240.0;2;3.0;PENTHOUSE;9.9;12.15
Rua Geórgia;Brooklin;São Paulo;-23.611469;-46.676958;140.0;2;2.0;PENTHOUSE;7.0;8.8
Rua Edson;Campo Belo;São Paulo;-23.622523;-46.67468;428.0;3;3.0;PENTHOUSE;15.0;17.915
Rua Doutor Francisco Degni;Morumbi;São Paulo;-23.618516;-46.731522;250.0;4;4.0;PENTHOUSE;2.5;6.0
Rua Professora Carolina Ribeiro;Chácara Klabin;São Paulo;-23.592213;-46.628736;180.0;2;2.0;PENTHOUSE;4.5;6.15
Alameda Campinas;Jardim Paulista;São Paulo;-23.565625;-46.653168;184.0;2;2.0;PENTHOUSE;13.5;16.15
Avenida Jacutinga;Moema;São Paulo;-23.602241;-46.666889;314.0;3;4.0;PENTHOUSE;16.0;20.558
Rua Paraguassu;Perdizes;São Paulo;-23.535088;-46.665418;345.0;4;6.0;PENTHOUSE;6.0;10.4
Rua São Benedito;Alto Da Boa Vista;São Paulo;-23.641179;-46.696532;208.0;3;3.0;PENTHOUSE;10.0;12.4
Rua Francisco Isoldi;Vila Madalena;São Paulo;-23.5476;-46.694685;354.0;3;5.0;PENTHOUSE;15.0;18.2
Rua Doutor Fausto Ferraz;Bela Vista;São Paulo;-23.565457;-46.647046;260.0;3;1.0;PENTHOUSE;10.0;11.35
Rua Professor Pedreira de Freitas;Tatuapé;São Paulo;-23.55036;-46.556814;360.0;3;4.0;PENTHOUSE;3.5;5.83
Rua Doutor Chibata Miyakoshi;Panamby;São Paulo;-23.626168;-46.722414;505.0;5;6.0;PENTHOUSE;5.443;10.593
Rua Afonso Celso;Vila Mariana;São Paulo;-23.601153;-46.63522;123.0;3;1.0;PENTHOUSE;4.0;5.368
Rua Marechal Barbacena;Jardim Anália Franco;São Paulo;-23.556593;-46.570496;140.0;3;1.0;APARTMENT;4.505;6.005
Rua Groenlândia;Jardim América;São Paulo;-23.572038;-46.674746;500.0;3;6.0;PENTHOUSE;46.0;54.458
Avenida Cotovia;Moema;São Paulo;-23.605149;-46.673005;138.0;2;2.0;PENTHOUSE;10.0;12.0
Rua Xavier de Almeida;Ipiranga;São Paulo;-23.592062;-46.607755;337.0;3;4.0;PENTHOUSE;24.0;26.5
Rua Cancioneiro de Évora;Santo Amaro;São Paulo;-23.629062;-46.692568;159.0;4;3.0;PENTHOUSE;12.0;13.25
Rua Joaquim Cândido de Azevedo Marques;Morumbi;São Paulo;-23.611454;-46.709105;203.0;2;2.0;PENTHOUSE;10.0;12.44
Rua São Vicente de Paulo;Santa Cecília;São Paulo;-23.540807;-46.657374;140.0;3;1.0;PENTHOUSE;5.5;7.1
Avenida Jacutinga;Moema;São Paulo;-23.603519;-46.664744;160.0;2;1.0;PENTHOUSE;9.0;10.9
Rua Cardoso de Almeida;Perdizes;São Paulo;-23.536661;-46.667471;200.0;3;3.0;PENTHOUSE;5.2;8.1
Alameda Franca;Jardins;São Paulo;-23.566875;-46.657559;110.0;3;1.0;PENTHOUSE;5.0;6.6
Travessa Barão de Jaceguai;Campo Belo;São Paulo;-23.620659;-46.674938;129.0;3;3.0;PENTHOUSE;6.5;8.3
Rua Barão de Jaceguai;Campo Belo;São Paulo;-23.620416;-46.675189;130.0;3;3.0;PENTHOUSE;4.5;6.2
Rua Barão de Jaceguai;Campo Belo;São Paulo;-23.620659;-46.674938;129.0;3;3.0;PENTHOUSE;4.14;6.02
Rua Caiubi;Perdizes;São Paulo;-23.534785;-46.680092;347.0;4;5.0;PENTHOUSE;25.0;28.8
Rua Pico Della Mirandola;Chácara Klabin;São Paulo;-23.594187;-46.624648;260.0;3;4.0;PENTHOUSE;7.5;9.3
Rua Cônego Amaral Mello;Casa Verde;São Paulo;-23.509517;-46.651001;450.0;4;4.0;PENTHOUSE;15.0;18.8
Rua Doutor Samuel Porto;Saúde;São Paulo;-23.614615;-46.6396;300.0;4;4.0;PENTHOUSE;9.99;12.99
Rua República do Iraque;Campo Belo;São Paulo;-23.623133;-46.669761;352.0;3;5.0;PENTHOUSE;8.0;12.5
Avenida General Olímpio da Silveira;Santa Cecília;São Paulo;-23.531805;-46.660344;230.0;3;2.0;PENTHOUSE;4.5;6.8
Rua Almaden;Morumbi;São Paulo;-23.636609;-46.735339;340.0;4;4.0;PENTHOUSE;13.3;16.0
Rua Doutor James Ferraz Alvim;Morumbi;São Paulo;-23.616236;-46.7327;500.0;4;6.0;PENTHOUSE;5.0;8.3
Avenida Cotovia;Moema;São Paulo;-23.605041;-46.673327;198.0;3;3.0;PENTHOUSE;8.0;9.65
Rua Inajaroba;Vila Nova Conceição;São Paulo;-23.596848;-46.666036;403.0;3;5.0;PENTHOUSE;39.9;44.3
Avenida Interlagos;Jardim Marajoara;São Paulo;-23.659783;-46.681035;403.0;4;5.0;PENTHOUSE;25.0;25.0
Rua Calógero Calia;Saúde;São Paulo;-23.62547;-46.625099;165.0;3;2.0;PENTHOUSE;2.3;4.1
Avenida Roque Petroni Júnior;Brooklin;São Paulo;-23.623624;-46.695739;206.0;3;4.0;PENTHOUSE;12.0;13.84
Rua Sócrates;Jardim Marajoara;São Paulo;-23.657071;-46.691093;240.0;3;3.0;PENTHOUSE;6.0;8.265
Rua José Jannarelli;Vila Progredior;São Paulo;-23.58682;-46.718376;160.0;4;2.0;PENTHOUSE;7.5;8.255
Rua Carlos Weber;Vila Leopoldina;São Paulo;-23.531962;-46.726579;293.0;3;2.0;PENTHOUSE;5.0;7.6
Rua Traipu;Perdizes;São Paulo;-23.535306;-46.663813;570.0;3;5.0;PENTHOUSE;18.0;23.2
Avenida Engenheiro Eusébio Stevaux;Jardim Marajoara;São Paulo;-23.674925;-46.697063;270.0;3;3.0;PENTHOUSE;9.7;11.7
Rua Maurício Francisco Klabin;Vila Mariana;São Paulo;-23.594701;-46.632258;230.0;3;5.0;PENTHOUSE;5.5;8.3
Rua Indiana;Brooklin;São Paulo;-23.614348;-46.680211;264.0;4;3.0;PENTHOUSE;12.5;14.75
Rua Aliança Liberal;Vila Leopoldina;São Paulo;-23.522657;-46.73155;230.0;4;3.0;PENTHOUSE;6.8;8.9
Rua Domingos de Morais;Vila Mariana;São Paulo;-23.585453;-46.636904;147.0;3;3.0;PENTHOUSE;6.0;7.4
Rua Ourânia;Alto de Pinheiros;São Paulo;-23.552794;-46.698058;174.0;2;2.0;PENTHOUSE;10.0;11.85
Alameda Itu;Jardim Paulista;São Paulo;-23.560174;-46.663239;200.0;3;2.0;PENTHOUSE;9.65;11.5
Rua Doutor Emílio Ribas;Perdizes;São Paulo;-23.536056;-46.664696;580.0;4;7.0;PENTHOUSE;35.0;38.81
Rua Oscar Pereira da Silva;Itaim Bibi;São Paulo;-23.58274;-46.671408;112.0;2;0.0;PENTHOUSE;7.84;9.43
Rua Oneyda Alvarenga;Bosque da Saúde;São Paulo;-23.615273;-46.625355;109.0;3;1.0;PENTHOUSE;2.5;3.7
Rua Romilda Margarita Gabriel;Itaim Bibi;São Paulo;-23.577888;-46.67182;500.0;4;2.0;PENTHOUSE;20.0;24.35
Rua Bacaetava;Brooklin;São Paulo;-23.622511;-46.695509;206.0;3;4.0;PENTHOUSE;12.0;13.84
Rua Cônego Eugênio Leite;Jardim América;São Paulo;-23.559638;-46.68352;130.0;3;1.0;PENTHOUSE;6.0;7.5
Rua Paraguassu;Perdizes;São Paulo;-23.53463;-46.666411;345.0;4;6.0;PENTHOUSE;6.0;10.578
Rua João Moura;Vila Madalena;São Paulo;-23.554242;-46.681604;230.0;3;3.0;PENTHOUSE;7.0;8.8
Rua Antônio Pereira de Sousa;Santana;São Paulo;-23.490409;-46.63048;315.0;4;5.0;PENTHOUSE;6.5;9.0
Rodovia Raposo Tavares;Jardim Arpoador Zona Oeste;São Paulo;-23.601482;-46.785342;190.0;4;3.0;PENTHOUSE;4.0;5.3
Rua Diana;Perdizes;São Paulo;-23.534611;-46.682089;225.0;4;3.0;PENTHOUSE;15.0;17.4
Rua Domingos Leme;Vila Nova Conceição;São Paulo;-23.59358;-46.670359;357.0;3;4.0;PENTHOUSE;25.0;31.097
Rua Templários;Vila Formosa;São Paulo;-23.565669;-46.552531;90.0;3;4.0;PENTHOUSE;2.0;3.977
Rua Maracanã;Lapa;São Paulo;-23.53886;-46.705157;350.0;3;3.0;PENTHOUSE;9.0;11.68
Rua Jamanari;Vila Andrade;São Paulo;-23.628645;-46.732853;370.0;3;5.0;PENTHOUSE;10.0;14.0
Avenida Bosque da Saúde;Saúde;São Paulo;-23.611335;-46.630928;164.0;2;1.0;PENTHOUSE;5.9;6.87
Avenida Jurucê;Moema;São Paulo;-23.611561;-46.65839;345.0;3;4.0;PENTHOUSE;8.8;12.5
Rua Santo Egídio;Santana;São Paulo;-23.490506;-46.639585;192.0;3;4.0;PENTHOUSE;10.0;12.0
Rua Miralta;Alto de Pinheiros;São Paulo;-23.55201;-46.710128;280.0;2;3.0;PENTHOUSE;16.0;19.422
Rua Inajaroba;Vila Nova Conceição;São Paulo;-23.597002;-46.665498;403.0;3;5.0;PENTHOUSE;30.0;34.2
Avenida Mascote;Vila Mascote;São Paulo;-23.648301;-46.66941;309.0;4;4.0;PENTHOUSE;8.0;11.3
Rua Antônio Pacheco Valente;Brooklin;São Paulo;-23.624666;-46.696009;227.0;3;3.0;PENTHOUSE;13.989;16.189
Rua Fradique Coutinho;Pinheiros;São Paulo;-23.557799;-46.69025;180.0;2;2.0;PENTHOUSE;15.0;16.7
Rua Doutor Tirso Martins;Vila Mariana;São Paulo;-23.595761;-46.634651;218.0;3;3.0;PENTHOUSE;7.0;9.791
Rua Henrique Monteiro;Pinheiros;São Paulo;-23.569379;-46.689572;275.0;3;2.0;PENTHOUSE;10.0;12.0
Alameda Fernão Cardim;Jardim Paulista;São Paulo;-23.569065;-46.652987;240.0;4;4.0;PENTHOUSE;20.0;22.8
Rua Cayowaá;Perdizes;São Paulo;-23.537563;-46.683087;331.0;4;6.0;PENTHOUSE;15.0;17.5
Rua Cônego Eugênio Leite;Pinheiros;São Paulo;-23.559638;-46.68352;135.0;3;1.0;PENTHOUSE;6.5;8.004
Avenida Jurucê;Indianópolis;São Paulo;-23.611561;-46.65839;348.0;4;4.0;PENTHOUSE;8.8;12.242
Rua Sampaio Viana;Paraíso;São Paulo;-23.574911;-46.649507;485.0;4;3.0;PENTHOUSE;15.0;21.2
Rua Haddock Lobo;Jardim América;São Paulo;-23.561434;-46.665233;783.0;3;5.0;PENTHOUSE;30.0;36.844
Rua Morais de Barros;Campo Belo;São Paulo;-23.616067;-46.672203;389.0;4;5.0;PENTHOUSE;12.0;17.0
Rua Doutor Cândido Espinheira;Perdizes;São Paulo;-23.531425;-46.666641;297.0;4;5.0;PENTHOUSE;11.7;14.9
Rua Dom Paulo Pedrosa;Real Parque;São Paulo;-23.611779;-46.706062;170.0;2;2.0;PENTHOUSE;2.0;4.09
Rua Professor José Horácio Meirelles Teixeira;Vila Suzana;São Paulo;-23.613039;-46.73228;207.0;3;4.0;PENTHOUSE;4.5;7.0
Rua Deputado João Sussumu Hirata;Morumbi;São Paulo;-23.627313;-46.733092;113.0;1;1.0;PENTHOUSE;2.51;3.505
Rua Joaquim Murtinho;Bom Retiro;São Paulo;-23.52724;-46.636515;128.0;3;1.0;PENTHOUSE;5.0;5.0
Rua São Tomé;Vila Olímpia;São Paulo;-23.593964;-46.688758;133.0;3;2.0;PENTHOUSE;12.5;16.03
Rua Conselheiro Moreira de Barros;Lauzane Paulista;São Paulo;-23.488984;-46.63703;328.0;3;4.0;PENTHOUSE;7.0;8.65
Avenida Álvaro Ramos;Quarta Parada;São Paulo;-23.538905;-46.589457;240.0;4;4.0;PENTHOUSE;2.8;5.0
Alameda Itu;Jardim Paulista;São Paulo;-23.558684;-46.665116;88.0;1;2.0;PENTHOUSE;9.708;11.506
Rua Pascal;Campo Belo;São Paulo;-23.614904;-46.678588;230.0;3;1.0;PENTHOUSE;6.5;8.404
Rua Júlio Conceição;Bom Retiro;São Paulo;-23.527889;-46.64226;120.0;3;0.0;PENTHOUSE;2.0;3.0
Rua Jamanari;Morumbi;São Paulo;-23.628645;-46.732853;366.0;3;4.0;PENTHOUSE;9.0;12.77
Rua Ernesto de Oliveira;Chácara Klabin;São Paulo;-23.592371;-46.626087;212.0;3;3.0;PENTHOUSE;4.55;6.85
Rua Urbanizadora;Perdizes;São Paulo;-23.540915;-46.67953;340.0;4;4.0;PENTHOUSE;10.0;12.8
Avenida Aratãs;Indianópolis;São Paulo;-23.613291;-46.658099;390.0;3;3.0;PENTHOUSE;9.0;11.6
Rua Fábia;Vila Romana;São Paulo;-23.526879;-46.698609;320.0;4;4.0;PENTHOUSE;20.0;23.1
Rua Leopoldo Couto de Magalhães Júnior;Itaim Bibi;São Paulo;-23.588855;-46.683214;175.0;2;3.0;PENTHOUSE;18.0;21.0
Rua São Geraldo;Perdizes;São Paulo;-23.533023;-46.665696;433.0;4;3.0;PENTHOUSE;15.0;19.0
Rua Major Freire;Saúde;São Paulo;-23.628221;-46.633113;200.0;3;2.0;PENTHOUSE;4.4;5.899
Rua Verbo Divino;Granja Julieta;São Paulo;-23.633088;-46.706159;370.0;3;4.0;PENTHOUSE;20.0;22.301
Rua Maratona;Vila Mascote;São Paulo;-23.64306;-46.671123;243.0;4;4.0;APARTMENT;10.0;12.18
Rua Cidade de Rio Pardo;Morumbi;São Paulo;-23.629138;-46.739345;230.0;4;3.0;PENTHOUSE;12.0;13.7
Rua Hans Nobiling;Jardim Europa;São Paulo;-23.581954;-46.691765;450.0;3;3.0;PENTHOUSE;20.0;25.996
Rua Barão do Triunfo;Brooklin;São Paulo;-23.618434;-46.677381;237.0;5;3.0;PENTHOUSE;7.9;10.5
Rua Itapimirum;Vila Andrade;São Paulo;-23.630892;-46.733649;250.0;3;3.0;PENTHOUSE;7.0;9.65
Alameda Campinas;Jardim Paulista;São Paulo;-23.571988;-46.658968;200.0;1;2.0;PENTHOUSE;12.0;14.142
Rua Oliveira Dias;Itaim Bibi;São Paulo;-23.580705;-46.670405;88.0;2;2.0;PENTHOUSE;8.6;10.1
Rua Apeninos;Paraíso;São Paulo;-23.572746;-46.63921;208.0;3;3.0;APARTMENT;5.49;7.69
Rua Antônio Aggio;Morumbi;São Paulo;-23.626914;-46.730969;235.0;5;4.0;APARTMENT;1.7;4.774
Rua Voluntários da Pátria;Santana;São Paulo;-23.486762;-46.627115;450.0;3;5.0;PENTHOUSE;3.133;7.133
Avenida São Paulo Antigo;Real Parque;São Paulo;-23.606091;-46.701391;295.0;4;4.0;PENTHOUSE;9.6;13.402
Rua Loureiro da Cruz;Aclimação;São Paulo;-23.570606;-46.633859;180.0;3;3.0;PENTHOUSE;6.5;8.5
Rua Leopoldo Couto de Magalhães Júnior;Itaim Bibi;São Paulo;-23.588685;-46.683286;175.0;2;3.0;PENTHOUSE;19.0;22.15
Rua David Ben Gurion;Vila Suzana;São Paulo;-23.609011;-46.734945;283.0;4;3.0;PENTHOUSE;8.0;9.9
Rua Jacurici;Itaim Bibi;São Paulo;-23.585155;-46.686608;540.0;4;4.0;PENTHOUSE;25.0;29.2
Rua Doutor Chibata Miyakoshi;Morumbi;São Paulo;-23.626168;-46.722414;688.0;5;4.0;PENTHOUSE;14.0;14.0
Rua Luís Molina;Chácara Klabin;São Paulo;-23.590699;-46.623499;193.0;3;3.0;PENTHOUSE;7.2;9.9
Rua Novo Cancioneiro;Jardim das Acacias;São Paulo;-23.623978;-46.690185;242.0;3;2.0;PENTHOUSE;9.0;11.745
Rua Pascoal Vita;Vila Madalena;São Paulo;-23.551758;-46.698463;220.0;2;4.0;PENTHOUSE;13.0;15.85
Rua Miralta;Alto de Pinheiros;São Paulo;-23.551203;-46.709494;280.0;2;3.0;PENTHOUSE;16.0;19.422
Alameda Ministro Rocha Azevedo;Cerqueira César;São Paulo;-23.564813;-46.662801;390.0;3;2.0;PENTHOUSE;18.0;23.2
Rua Domingos Lopes da Silva;Morumbi;São Paulo;-23.61616;-46.734156;230.0;3;0.0;PENTHOUSE;3.28;5.28
Rua Pascal;Campo Belo;São Paulo;-23.614955;-46.678623;230.0;3;1.0;PENTHOUSE;7.0;8.9
Rua Cônego Eugênio Leite;Jardins;São Paulo;-23.559266;-46.683982;134.0;3;1.0;PENTHOUSE;6.9;8.43
Rua Américo Alves Pereira Filho;Real Parque;São Paulo;-23.611603;-46.705981;300.0;3;4.0;PENTHOUSE;8.0;10.7
Rua Rodrigo Cláudio;Aclimação;São Paulo;-23.570991;-46.634441;279.0;4;3.0;PENTHOUSE;11.0;15.287
Praça do Centenário de Vila Prudente;Vila Prudente;São Paulo;-23.581906;-46.582606;255.0;4;3.0;PENTHOUSE;11.9;13.6
Alameda Ministro Rocha Azevedo;Jardim Paulista;São Paulo;-23.558265;-46.656668;177.0;2;3.0;PENTHOUSE;21.0;23.3
Rua Sebastião Paes;Campo Belo;São Paulo;-23.627227;-46.666579;181.0;2;3.0;PENTHOUSE;14.0;16.4
Rua Conselheiro Brotero;Higienópolis;São Paulo;-23.534176;-46.660388;80.0;3;4.0;PENTHOUSE;7.0;8.65
Avenida Engenheiro Eusébio Stevaux;Jardim Marajoara;São Paulo;-23.670387;-46.701421;276.0;3;3.0;PENTHOUSE;8.6;11.2
Rua Lourenço de Almeida;Vila Nova Conceição;São Paulo;-23.594081;-46.668396;354.0;4;5.0;PENTHOUSE;22.0;27.9
Rua São Nicásio;Móoca;São Paulo;-23.572259;-46.58641;450.0;4;2.0;PENTHOUSE;5.2;8.1
Avenida Washington Luís;Jardim Marajoara;São Paulo;-23.6558;-46.689603;563.0;5;4.0;PENTHOUSE;18.0;22.048
Rua Itapeti;Tatuapé;São Paulo;-23.549997;-46.560747;214.0;3;2.0;PENTHOUSE;6.5;8.83
Rua José Ramon Urtiza;Morumbi;São Paulo;-23.633815;-46.73249;168.0;3;3.0;PENTHOUSE;5.0;6.878
Rua Cisplatina;Ipiranga;São Paulo;-23.588359;-46.605647;440.0;4;4.0;PENTHOUSE;12.0;15.0
Rua Cayowaá;Perdizes;São Paulo;-23.54101;-46.685304;343.0;4;4.0;PENTHOUSE;3.0;7.696
Rua Engenheiro Edgar Egídio de Sousa;Santa Cecília;São Paulo;-23.541942;-46.663568;453.0;4;4.0;PENTHOUSE;22.0;29.51
Rua Belterra;Jardim Marajoara;São Paulo;-23.653624;-46.69321;512.0;4;5.0;PENTHOUSE;20.0;23.061
Rua Rio de Janeiro;Higienópolis;São Paulo;-23.541687;-46.662439;260.0;2;1.0;PENTHOUSE;12.0;15.7
Rua Doutor Diogo de Faria;Vila Mariana;São Paulo;-23.59594;-46.644252;200.0;2;2.0;PENTHOUSE;15.5;17.0
Alameda Jaú;Jardim América;São Paulo;-23.56076;-46.660805;100.0;1;2.0;PENTHOUSE;10.0;11.75
Avenida Imperatriz Leopoldina;Vila Leopoldina;São Paulo;-23.529287;-46.732173;247.0;3;4.0;PENTHOUSE;15.0;17.5
Rua Visconde de Itaboraí;Vila Azevedo;São Paulo;-23.542296;-46.572872;124.0;2;1.0;PENTHOUSE;1.75;3.45
Rua Piracuama;Perdizes;São Paulo;-23.538953;-46.682175;277.0;3;3.0;PENTHOUSE;20.0;23.0
Rua Professor Vital Palma e Silva;Jardim Europa;São Paulo;-23.583042;-46.690399;350.0;4;3.0;PENTHOUSE;20.0;23.2
Rua Pedro Pomponazzi;Chácara Klabin;São Paulo;-23.591265;-46.621896;213.0;4;3.0;PENTHOUSE;6.3;8.9
Avenida Mercedes;Alto da Lapa;São Paulo;-23.522024;-46.712211;400.0;4;4.0;PENTHOUSE;8.0;10.7
Rua Luís Molina;Chácara Klabin;São Paulo;-23.590538;-46.62314;146.0;3;3.0;PENTHOUSE;7.0;8.73
Rua Castro Alves;Aclimação;São Paulo;-23.571808;-46.634373;692.0;4;3.0;PENTHOUSE;14.0;17.1
Rua Barão de Jaceguai;Campo Belo;São Paulo;-23.62229;-46.676306;344.0;3;4.0;PENTHOUSE;30.0;33.0
Rua Doutor Ferreira Lopes;Santo Amaro;São Paulo;-23.656968;-46.691965;186.0;4;2.0;PENTHOUSE;4.6;6.1
Rua Doutor Albuquerque Lins;Higienópolis;São Paulo;-23.538149;-46.657076;320.0;4;2.0;PENTHOUSE;12.0;13.72
Rua Antônio Júlio dos Santos;Fazenda Morumbi;São Paulo;-23.608382;-46.726958;380.0;3;4.0;PENTHOUSE;4.0;6.4
Rua Deputado Laércio Corte;Panamby;São Paulo;-23.634438;-46.724657;186.0;2;3.0;PENTHOUSE;14.0;16.9
Rua Adalívia de Toledo;Real Parque;São Paulo;-23.607817;-46.708665;500.0;4;4.0;PENTHOUSE;6.0;11.3
Rua Jesuíno Arruda;Itaim Bibi;São Paulo;-23.58251;-46.675653;340.0;3;2.0;PENTHOUSE;10.8;13.1
Rua Sales Júnior;Alto da Lapa;São Paulo;-23.532387;-46.716188;469.0;4;5.0;PENTHOUSE;15.0;20.0
Rua Rio Grande;Vila Mariana;São Paulo;-23.588941;-46.641413;155.0;3;3.0;PENTHOUSE;6.0;7.9
Avenida Giovanni Gronchi;Morumbi;São Paulo;-23.62159;-46.734127;435.0;3;4.0;PENTHOUSE;4.0;7.196
Rua Itapicuru;Perdizes;São Paulo;-23.53315;-46.671866;125.0;3;2.0;PENTHOUSE;5.0;7.0
Rua Dom Paulo Pedrosa;Real Parque;São Paulo;-23.61244;-46.70531;477.0;4;5.0;PENTHOUSE;10.4;11.0
Rua João Alves dos Santos;Chácara Klabin;São Paulo;-23.590112;-46.621904;267.0;3;4.0;PENTHOUSE;17.082;18.652
Rua Loureiro da Cruz;Aclimação;São Paulo;-23.570504;-46.634127;250.0;3;2.0;PENTHOUSE;9.5;11.6
Rua Professor Pedreira de Freitas;Tatuapé;São Paulo;-23.550774;-46.560277;302.0;5;8.0;PENTHOUSE;7.0;11.9
Rua Bernardo Sanches;Real Parque;São Paulo;-23.610763;-46.708729;459.0;3;6.0;PENTHOUSE;10.0;14.0
Rua Pedralva;Alto de Pinheiros;São Paulo;-23.545106;-46.717699;241.0;3;2.0;PENTHOUSE;7.5;10.5
Travessa Antônio Augusto Monteiro de Barros Neto;Real Parque;São Paulo;-23.607202;-46.704293;387.0;3;3.0;PENTHOUSE;3.6;6.7
Rua João de Sousa Dias;Campo Belo;São Paulo;-23.619744;-46.676889;380.0;4;2.0;PENTHOUSE;7.0;10.35
Avenida Professor Fonseca Rodrigues;Pinheiros;São Paulo;-23.5465;-46.716161;386.0;2;4.0;PENTHOUSE;25.0;29.161
Alameda Ministro Rocha Azevedo;Jardim América;São Paulo;-23.564813;-46.662801;420.0;3;2.0;PENTHOUSE;15.5;19.0
Rua Joaquim de Almeida;Vila Clementino;São Paulo;-23.606204;-46.64371;245.0;3;4.0;PENTHOUSE;15.0;17.4
Avenida Lacerda Franco;Aclimação;São Paulo;-23.567431;-46.623019;350.0;3;4.0;PENTHOUSE;11.9;14.0
Rua Voluntários da Pátria;Santana;São Paulo;-23.486664;-46.627839;217.0;2;5.0;PENTHOUSE;4.5;6.972
Rua Doutor José Áureo Bustamante;Chácara Santo Antônio;São Paulo;-23.627089;-46.696147;180.0;4;3.0;PENTHOUSE;7.0;9.2
Rua Fábio Lopes dos Santos Luz;Vila Andrade;São Paulo;-23.632434;-46.731096;291.0;4;4.0;PENTHOUSE;10.0;12.5
Rua Cajaíba;Pompeia;São Paulo;-23.53826;-46.685588;270.0;4;4.0;PENTHOUSE;6.5;8.9
Rua Passo da Pátria;Vila Leopoldina;São Paulo;-23.527428;-46.727697;340.0;4;4.0;PENTHOUSE;6.0;10.8
Avenida Souza Ramos;Vila Mariana;São Paulo;-23.57464;-46.412329;370.0;4;0.0;PENTHOUSE;7.9;11.317
Rua Antônio Aggio;Panamby;São Paulo;-23.629787;-46.730205;308.0;4;4.0;PENTHOUSE;5.0;9.0
Rua André Mendes;Jardim da Saude;São Paulo;-23.61539;-46.621965;380.0;3;4.0;PENTHOUSE;15.0;17.3
Rua Luisiânia;Brooklin;São Paulo;-23.610347;-46.680032;280.0;3;3.0;PENTHOUSE;7.0;9.555
Rua Lacedemônia;Vila Mascote;São Paulo;-23.638681;-46.669129;152.0;3;2.0;PENTHOUSE;10.0;11.8
Rua Simpatia;Vila Madalena;São Paulo;-23.554378;-46.686361;275.0;2;3.0;PENTHOUSE;15.0;18.2
Rua Charles Spencer Chaplin;Vila Andrade;São Paulo;-23.624177;-46.73485;336.0;4;3.0;PENTHOUSE;4.93;7.539
Rua Jandiatuba;Panamby;São Paulo;-23.630096;-46.734761;230.0;1;2.0;PENTHOUSE;10.0;12.1
Rua Américo Brasiliense;Chácara Santo Antônio;São Paulo;-23.632686;-46.700037;129.0;2;3.0;PENTHOUSE;6.5;7.48
Avenida Mercedes;Alto da Lapa;São Paulo;-23.5225;-46.712403;350.0;3;3.0;PENTHOUSE;8.0;10.65
Rua Aimberê;Perdizes;São Paulo;-23.534328;-46.678996;411.0;4;5.0;PENTHOUSE;20.0;24.844
Avenida Professor Alceu Maynard Araújo;Chácara Santo Antônio;São Paulo;-23.635259;-46.715935;255.0;4;3.0;PENTHOUSE;15.0;17.0
Rua Pontins;Santana;São Paulo;-23.492075;-46.629669;550.0;5;6.0;PENTHOUSE;15.0;18.385
Rua Professor Pedreira de Freitas;Jardim Anália Franco;São Paulo;-23.550774;-46.560277;380.0;4;8.0;PENTHOUSE;7.0;12.8
Avenida Macuco;Moema;São Paulo;-23.601797;-46.668952;280.0;4;2.0;PENTHOUSE;12.5;14.9
Rua Antônio Júlio dos Santos;Morumbi;São Paulo;-23.608382;-46.726958;420.0;4;4.0;PENTHOUSE;2.55;5.3
Avenida José Maria Whitaker;Jardim Leonor;São Paulo;-23.605822;-46.649341;190.0;3;4.0;PENTHOUSE;8.0;9.7
Rua Balthazar da Veiga;Vila Nova Conceição;São Paulo;-23.594236;-46.672477;340.0;4;4.0;PENTHOUSE;15.0;19.25
Avenida Jamaris;Moema;São Paulo;-23.609928;-46.655367;355.0;5;4.0;PENTHOUSE;17.0;19.8
Rua Barão do Triunfo;Brooklin;São Paulo;-23.626646;-46.684893;334.0;4;5.0;PENTHOUSE;18.0;20.9
Rua Doutor Oscar Monteiro de Barros;Morumbi;São Paulo;-23.619453;-46.736779;284.0;4;5.0;PENTHOUSE;10.0;12.664
Rua Guihei Vatanabe;Vila Progredior;São Paulo;-23.591533;-46.718178;222.0;2;4.0;PENTHOUSE;12.0;14.825
Avenida Aratãs;Moema;São Paulo;-23.608921;-46.663354;482.0;4;5.0;PENTHOUSE;30.0;34.07
Rua Padre Machado;Vila Mariana;São Paulo;-23.601816;-46.628528;200.0;4;4.0;APARTMENT;12.0;14.325
Avenida Macuco;Moema;São Paulo;-23.601537;-46.669506;270.0;2;3.0;PENTHOUSE;12.0;14.623
Rua Doutor Oscar Monteiro de Barros;Morumbi;São Paulo;-23.618498;-46.735799;311.0;4;4.0;PENTHOUSE;2.5;6.125
Rua Marcos Fernandes;Jardim da Saude;São Paulo;-23.616892;-46.624195;502.0;5;5.0;PENTHOUSE;5.0;8.71
Rua Carlos Escobar;Santana;São Paulo;-23.501989;-46.634986;200.0;3;4.0;PENTHOUSE;5.0;7.1
Rua Bela Cintra;Jardins;São Paulo;-23.56087;-46.666162;490.0;3;5.0;PENTHOUSE;45.0;45.7
Rua Lydia Ferrari Magnoli;Jardim Avelino;São Paulo;-23.586195;-46.572607;279.0;3;4.0;PENTHOUSE;6.0;8.3
Rua da Mooca;Móoca;São Paulo;-23.561178;-46.583735;350.0;4;3.0;PENTHOUSE;6.4;8.6
Rua Eudoro Lemos de Oliveira;Santana;São Paulo;-23.502109;-46.637792;482.0;3;3.0;PENTHOUSE;10.0;12.2
Rua Luís Molina;Vila Mariana;São Paulo;-23.590538;-46.62314;119.0;3;3.0;PENTHOUSE;8.0;10.17
Rua Sousa Ramos;Vila Mariana;São Paulo;-23.595946;-46.631427;340.0;4;4.0;PENTHOUSE;8.0;11.4
Rua Voluntários da Pátria;Santana;São Paulo;-23.497489;-46.625748;220.0;3;1.0;PENTHOUSE;6.0;7.5
Rua Antônio Alves Barril;Jardim Anália Franco;São Paulo;-23.559103;-46.56139;183.0;3;4.0;PENTHOUSE;10.0;11.46
Rua Catequese;Butantã;São Paulo;-23.569996;-46.707522;660.0;4;4.0;PENTHOUSE;10.0;14.6
Rua Tagipuru;Barra Funda;São Paulo;-23.530464;-46.664097;270.0;4;6.0;PENTHOUSE;6.0;9.0
Avenida Bosque da Saúde;Saúde;São Paulo;-23.611581;-46.630621;164.0;2;1.0;PENTHOUSE;5.9;6.88
Rua Agissê;Vila Madalena;São Paulo;-23.55017;-46.69007;260.0;3;4.0;PENTHOUSE;15.0;18.2
Rua Maranhão;Higienópolis;São Paulo;-23.545204;-46.654637;340.0;4;3.0;PENTHOUSE;7.0;13.0
Rua Gabriele D'Annunzio;Brooklin;São Paulo;-23.623018;-46.67591;326.0;4;0.0;PENTHOUSE;15.0;18.65
Rua São Benedito;Santo Amaro;São Paulo;-23.648315;-46.701525;647.0;6;6.0;PENTHOUSE;18.0;18.0
Rua Passo da Pátria;Vila Leopoldina;São Paulo;-23.527002;-46.727934;239.0;4;4.0;PENTHOUSE;15.0;17.39
Rua Alves Guimarães;Pinheiros;São Paulo;-23.552747;-46.679984;31.0;1;1.0;PENTHOUSE;3.45;4.032
Rua da Meação;Tatuapé;São Paulo;-23.554695;-46.5689;400.0;4;6.0;PENTHOUSE;16.0;20.0
Avenida Cotovia;Indianópolis;São Paulo;-23.605149;-46.673005;150.0;2;4.0;PENTHOUSE;10.0;12.0
Rua Maria do Carmo Sene;Vila Pauliceia;São Paulo;-23.489002;-46.61236;250.0;3;4.0;PENTHOUSE;4.0;6.5
Rua Francisco Isoldi;Sumarezinho;São Paulo;-23.5476;-46.694685;350.0;4;4.0;PENTHOUSE;11.0;14.588
Rua Fábia;Vila Romana;São Paulo;-23.526996;-46.69203;244.0;4;4.0;PENTHOUSE;14.0;16.0
Rua Napoleão de Barros;Vila Clementino;São Paulo;-23.599328;-46.644347;180.0;3;2.0;PENTHOUSE;5.0;8.0
Alameda Jauaperi;Moema;São Paulo;-23.604296;-46.666693;275.0;4;4.0;PENTHOUSE;8.0;11.9
Avenida Portugal;Brooklin;São Paulo;-23.615284;-46.682049;210.0;3;6.0;PENTHOUSE;8.75;11.05
Avenida Jacutinga;Indianópolis;São Paulo;-23.602011;-46.666962;314.0;3;4.0;PENTHOUSE;16.0;20.558
Rua Itapaiúna;Morumbi;São Paulo;-23.638402;-46.727303;734.0;5;6.0;PENTHOUSE;22.0;30.32
Rua Teixeira da Silva;Paraíso;São Paulo;-23.573019;-46.649488;355.0;4;3.0;PENTHOUSE;17.0;20.0
Rua Peixoto Gomide;Jardim Paulista;São Paulo;-23.563049;-46.659434;600.0;3;4.0;PENTHOUSE;22.0;28.0
Rua Agente Gomes;Santana;São Paulo;-23.488022;-46.622573;230.0;4;3.0;PENTHOUSE;4.9;7.7
Avenida Engenheiro Alberto de Zagottis;Jardim Marajoara;São Paulo;-23.666164;-46.695015;344.0;3;4.0;PENTHOUSE;15.0;17.7
Rua Corrientes;Lapa;São Paulo;-23.523197;-46.711092;255.0;4;3.0;PENTHOUSE;9.0;11.19
Rua Sebastião Paes;Campo Belo;São Paulo;-23.627607;-46.666882;181.0;2;4.0;PENTHOUSE;12.0;14.35
Rua Belmonte;Bela Aliança;São Paulo;-23.521998;-46.722374;300.0;4;4.0;PENTHOUSE;7.5;10.2
Rua Manoel Antônio Pinto;Paraisópolis;São Paulo;-23.613537;-46.726567;268.0;3;5.0;PENTHOUSE;6.5;9.0
Rua Barão de Campos Gerais;Real Parque;São Paulo;-23.606534;-46.704675;215.0;3;3.0;PENTHOUSE;8.0;10.79
Rua Teixeira da Silva;Paraíso;São Paulo;-23.571276;-46.648182;144.0;3;1.0;PENTHOUSE;8.0;10.163
Avenida Barão de Monte Mor;Real Parque;São Paulo;-23.610277;-46.706568;246.0;3;3.0;PENTHOUSE;5.0;8.2
Avenida Açocê;Moema;São Paulo;-23.602148;-46.658279;405.0;4;5.0;PENTHOUSE;20.0;28.132
Alameda Itu;Jardim Paulista;São Paulo;-23.56342;-46.660176;480.0;4;5.0;PENTHOUSE;13.0;19.66
Rua São Pedro Fourier;Morumbi;São Paulo;-23.614831;-46.732617;350.0;4;4.0;PENTHOUSE;6.0;9.126
Rua General Jardim;Santa Cecília;São Paulo;-23.544153;-46.652609;484.0;4;2.0;PENTHOUSE;6.0;11.132
Rua Itapimirum;Vila Andrade;São Paulo;-23.63159;-46.73382;356.0;3;5.0;PENTHOUSE;16.0;18.942
Rua Castro Alves;Aclimação;São Paulo;-23.57294;-46.633469;389.0;4;4.0;PENTHOUSE;6.5;9.21
Rua Bandeira Paulista;Itaim Bibi;São Paulo;-23.583729;-46.674984;40.0;1;1.0;PENTHOUSE;2.8;4.9
Rua Jovina;Vila Mascote;São Paulo;-23.647959;-46.664761;215.0;3;4.0;PENTHOUSE;5.0;7.45
Rua Frederic Chopin;Jardim Paulistano;São Paulo;-23.584079;-46.688485;515.0;4;4.0;PENTHOUSE;35.0;44.053
Rua David Ben Gurion;Vila Sônia;São Paulo;-23.609011;-46.734945;285.0;4;4.0;PENTHOUSE;9.0;11.18
Avenida Doutor Altino Arantes;Vila Clementino;São Paulo;-23.602626;-46.640713;240.0;3;3.0;PENTHOUSE;12.5;15.37
Avenida Açocê;Indianópolis;São Paulo;-23.603445;-46.656512;620.0;4;4.0;PENTHOUSE;20.0;28.13
Rua Belmonte;Alto da Lapa;São Paulo;-23.521998;-46.722374;300.0;4;4.0;PENTHOUSE;7.5;10.603
Rua Marcus Pereira;Morumbi;São Paulo;-23.622819;-46.735629;160.0;3;3.0;APARTMENT;2.0;3.8
Rua Bueno Brandão;Vila Nova Conceição;São Paulo;-23.590787;-46.670386;293.0;3;4.0;PENTHOUSE;28.27;39.308
Avenida Ministro Gabriel de Rezende Passos;Indianópolis;São Paulo;-23.599831;-46.663235;420.0;4;6.0;PENTHOUSE;28.0;33.0
Rua Doutor Cândido Espinheira;Perdizes;São Paulo;-23.531634;-46.666704;298.0;4;5.0;PENTHOUSE;12.0;15.18
Avenida Aratãs;Indianópolis;São Paulo;-23.608497;-46.664416;350.0;3;3.0;PENTHOUSE;11.8;14.1
Rua David Ben Gurion;Jardim Monte Kemel;São Paulo;-23.609011;-46.734945;281.0;4;3.0;PENTHOUSE;5.5;7.665
Alameda dos Arapanés;Moema;São Paulo;-23.602921;-46.663178;340.0;3;3.0;PENTHOUSE;14.0;17.0
Rua Édison;Campo Belo;São Paulo;-23.624896;-46.672177;264.0;3;2.0;PENTHOUSE;12.39;14.69
Rua Ourânia;Vila Madalena;São Paulo;-23.552754;-46.698084;174.0;2;2.0;PENTHOUSE;10.0;11.85
Rua dos Morás;Vila Madalena;São Paulo;-23.556462;-46.694564;350.0;3;4.0;PENTHOUSE;30.0;36.0
Rua Santo Egídio;Santa Terezinha;São Paulo;-23.489834;-46.640271;360.0;3;4.0;PENTHOUSE;11.9;14.5
Rua Lauro Müller;Vila Leopoldina;São Paulo;-23.529075;-46.7258;237.0;3;3.0;APARTMENT;6.0;7.2
Rua Barão de Castro Lima;Real Parque;São Paulo;-23.607968;-46.703368;480.0;4;6.0;PENTHOUSE;10.0;13.8
Rua Cajaíba;Sumaré;São Paulo;-23.53826;-46.685588;260.0;4;4.0;PENTHOUSE;7.68;9.88
Avenida Diógenes Ribeiro de Lima;Alto de Pinheiros;São Paulo;-23.540682;-46.718211;318.0;4;5.0;PENTHOUSE;21.0;24.52
Rua Carlos Weber;Vila Leopoldina;São Paulo;-23.531939;-46.726593;300.0;3;2.0;PENTHOUSE;8.0;10.2
Avenida Paes de Barros;Móoca;São Paulo;-23.55865;-46.600142;300.0;4;4.0;PENTHOUSE;7.0;10.3
Rua Bento Gonçalves;Vila Regente Feijó;São Paulo;-23.553584;-46.570632;266.0;3;4.0;PENTHOUSE;11.0;13.5
Rua Doutor Francisco José Longo;Chácara Inglesa;São Paulo;-23.606776;-46.629866;260.0;3;3.0;PENTHOUSE;5.5;7.71
Rua Cândido Lacerda;Jardim Anália Franco;São Paulo;-23.554146;-46.564464;339.0;4;4.0;PENTHOUSE;15.0;17.8
Rua Carlos Sampaio;Bela Vista;São Paulo;-23.567556;-46.645464;70.0;1;1.0;PENTHOUSE;2.5;4.5
Rua Dom Rosalvo;Alto de Pinheiros;São Paulo;-23.545247;-46.69709;420.0;4;4.0;PENTHOUSE;25.0;28.5
Avenida Paes de Barros;Móoca;São Paulo;-23.563799;-46.597161;480.0;3;5.0;PENTHOUSE;10.0;14.0
Avenida Washington Luís;Alto Da Boa Vista;São Paulo;-23.653066;-46.680578;380.0;4;0.0;PENTHOUSE;24.0;27.8
Rua Tupi;Conjunto Residencial Novo Pacaembu;São Paulo;-23.536403;-46.662018;480.0;4;4.0;PENTHOUSE;13.0;16.9
Rua Marquês de Paraná;Vila Leopoldina;São Paulo;-23.524047;-46.730527;160.0;3;2.0;APARTMENT;4.0;5.8
Rua Sampaio Viana;Paraíso;São Paulo;-23.575732;-46.650383;474.0;4;5.0;PENTHOUSE;10.0;19.35
Rua Indiana;Brooklin;São Paulo;-23.612393;-46.682548;445.0;4;4.0;PENTHOUSE;20.0;24.7
Rua Professora Carolina Ribeiro;Chácara Klabin;São Paulo;-23.592461;-46.628179;368.0;4;5.0;PENTHOUSE;15.0;17.699
Avenida Pavão;Moema;São Paulo;-23.602874;-46.672445;513.0;5;6.0;PENTHOUSE;30.0;35.3
Rua Pascoal Vita;Vila Madalena;São Paulo;-23.551787;-46.698498;215.0;2;4.0;PENTHOUSE;13.0;15.85
Rua Conselheiro Brotero;Higienópolis;São Paulo;-23.539872;-46.661283;350.0;3;1.0;PENTHOUSE;12.0;13.87
Rua Edson;Campo Belo;São Paulo;-23.621973;-46.675698;344.0;3;4.0;APARTMENT;30.0;33.0
Alameda Ministro Rocha Azevedo;Jardim Paulista;São Paulo;-23.56691;-46.665162;220.0;3;2.0;PENTHOUSE;7.5;12.0
Rua Passo da Pátria;Alto da Lapa;São Paulo;-23.527428;-46.727697;340.0;4;4.0;PENTHOUSE;6.0;10.8
Rua Jamanari;Morumbi;São Paulo;-23.629342;-46.73289;205.0;3;4.0;PENTHOUSE;4.0;6.3
Rua João Moura;Pinheiros;São Paulo;-23.548604;-46.688332;173.0;2;3.0;PENTHOUSE;9.0;12.5
Rua dos Três Irmãos;Jardim Guedala;São Paulo;-23.590145;-46.715161;342.0;3;6.0;PENTHOUSE;15.0;18.314
Rua Apeninos;Paraíso;São Paulo;-23.577391;-46.639651;165.0;3;3.0;PENTHOUSE;5.49;7.705
Rua Itapicuru;Perdizes;São Paulo;-23.532871;-46.671703;270.0;4;4.0;PENTHOUSE;18.0;21.5
Rua Pedro Pomponazzi;Vila Mariana;São Paulo;-23.590344;-46.622429;198.0;3;3.0;PENTHOUSE;7.0;10.166
Avenida Angélica;Higienópolis;São Paulo;-23.538101;-46.654653;382.0;4;2.0;PENTHOUSE;15.4;19.928
Rua Pedro Pomponazzi;Vila Mariana;São Paulo;-23.590276;-46.626201;176.0;2;3.0;PENTHOUSE;6.0;8.8
Rua Dankmar Adler;Morumbi;São Paulo;-23.618694;-46.738739;253.0;4;0.0;PENTHOUSE;11.5;13.96
Rua Verbo Divino;Chácara Santo Antônio;São Paulo;-23.633088;-46.706159;330.0;3;4.0;PENTHOUSE;18.0;20.3
Avenida Aratãs;Moema;São Paulo;-23.608497;-46.664416;350.0;3;3.0;PENTHOUSE;11.852;14.152
Alameda dos Anapurus;Indianópolis;São Paulo;-23.609787;-46.660439;250.0;3;3.0;PENTHOUSE;16.0;19.2
Rua Pio XI;Alto de Pinheiros;São Paulo;-23.539097;-46.714576;355.0;4;5.0;PENTHOUSE;22.0;25.417
Rua Afonso de Freitas;Paraíso;São Paulo;-23.576722;-46.648269;286.0;3;3.0;PENTHOUSE;10.0;13.5
Rua Paraguassu;Perdizes;São Paulo;-23.53515;-46.66501;420.0;4;5.0;PENTHOUSE;15.0;20.0
Rua Doutor Castilho Cabral;Vila Progredior;São Paulo;-23.591141;-46.715684;800.0;5;6.0;PENTHOUSE;35.0;47.2
Avenida Professor Fonseca Rodrigues;Alto de Pinheiros;São Paulo;-23.5465;-46.716161;350.0;3;4.0;PENTHOUSE;20.0;24.7
Rua Doutor Veiga Filho;Higienópolis;São Paulo;-23.540818;-46.658253;393.0;4;4.0;PENTHOUSE;12.0;16.94
Rua Lacedemônia;Jardim Brasil;São Paulo;-23.638681;-46.669129;150.0;3;2.0;PENTHOUSE;11.0;12.9
Rua Itapeti;Tatuapé;São Paulo;-23.549902;-46.561247;340.0;3;8.0;PENTHOUSE;8.0;12.478
Avenida Mascote;Vila Mascote;São Paulo;-23.648441;-46.669606;273.0;4;4.0;APARTMENT;10.0;10.0
Rua Sousa Ramos;Vila Mariana;São Paulo;-23.594554;-46.63128;360.0;4;6.0;PENTHOUSE;22.0;25.6
Rua Sócrates;Jardim Marajoara;São Paulo;-23.658279;-46.690834;350.0;3;3.0;PENTHOUSE;7.0;9.5
Rua Guarará;Jardim Paulista;São Paulo;-23.574171;-46.657314;315.0;3;2.0;PENTHOUSE;20.0;24.0
Rua Américo Alves Pereira Filho;Morumbi;São Paulo;-23.611852;-46.706676;367.0;4;3.0;PENTHOUSE;10.0;13.4
Avenida Macuco;Indianópolis;São Paulo;-23.603656;-46.666918;270.0;2;3.0;PENTHOUSE;12.0;14.625
Rua Professor Alexandre Correia;Jardim Vitoria Regia;São Paulo;-23.62386;-46.719393;363.0;4;4.0;PENTHOUSE;10.5;13.0
Avenida Portugal;Brooklin;São Paulo;-23.616044;-46.682761;277.0;4;3.0;PENTHOUSE;13.5;15.744
Rua Ouro Branco;Jardim Paulista;São Paulo;-23.571481;-46.662414;365.0;4;3.0;PENTHOUSE;13.0;17.62
Rua José Ramon Urtiza;Vila Andrade;São Paulo;-23.634013;-46.732385;200.0;3;3.0;PENTHOUSE;4.5;7.69
Rua Edson;Campo Belo;São Paulo;-23.617945;-46.680915;326.0;4;0.0;PENTHOUSE;25.0;28.4
Rua Conde de Porto Alegre;Campo Belo;São Paulo;-23.623291;-46.674541;466.0;4;5.0;PENTHOUSE;5.0;9.65
Avenida Doutor Guilherme Dumont Vilares;Morumbi;São Paulo;-23.617753;-46.740597;200.0;3;2.0;PENTHOUSE;5.0;6.5
Rua Sacadura Cabral;Lapa;São Paulo;-23.520835;-46.711215;249.0;4;4.0;APARTMENT;8.5;9.85
Alameda Ministro Rocha Azevedo;Jardim América;São Paulo;-23.565287;-46.663029;198.0;2;2.0;PENTHOUSE;20.0;23.5
Rua Nebraska;Brooklin;São Paulo;-23.611375;-46.679909;260.0;3;2.0;PENTHOUSE;11.0;13.5
Rua Cataguaz;Campo Belo;São Paulo;-23.628098;-46.67044;239.0;3;2.0;PENTHOUSE;10.0;13.1
Rua Doutor Guilherme Cristofel;Santana;São Paulo;-23.488156;-46.628887;420.0;3;4.0;PENTHOUSE;14.0;17.6
Rua Iupeba;Vila Andrade;São Paulo;-23.624928;-46.733211;242.0;3;3.0;PENTHOUSE;4.8;6.832
Rua Pascal;Campo Belo;São Paulo;-23.616077;-46.677929;446.0;5;4.0;PENTHOUSE;22.0;27.2
Rua Ministro Jesuíno Cardoso;Vila Olímpia;São Paulo;-23.591613;-46.678721;285.0;3;4.0;PENTHOUSE;26.0;29.9
Avenida Macuco;Moema;São Paulo;-23.604335;-46.665429;33.0;1;1.0;PENTHOUSE;1.76;3.26
Avenida Jamaris;Moema;São Paulo;-23.604267;-46.662617;370.0;5;4.0;PENTHOUSE;16.0;19.0
Rua Barão do Triunfo;Campo Belo;São Paulo;-23.617402;-46.676944;342.0;4;5.0;PENTHOUSE;12.0;19.5
Rua Caravelas;Vila Mariana;São Paulo;-23.581941;-46.648096;145.0;2;2.0;PENTHOUSE;10.0;11.2
Rua dos Morás;Vila Madalena;São Paulo;-23.556797;-46.693006;205.0;3;3.0;PENTHOUSE;10.0;14.158
Rua Carlos Steinen;Paraíso;São Paulo;-23.57427;-46.649319;370.0;3;5.0;PENTHOUSE;20.0;24.406
Alameda dos Guaramomis;Moema;São Paulo;-23.611002;-46.656949;330.0;4;4.0;PENTHOUSE;25.0;27.25
Avenida Eusébio Matoso;Pinheiros;São Paulo;-23.570885;-46.692656;278.0;3;3.0;PENTHOUSE;30.0;34.439
Rua Mateus Grou;Pinheiros;São Paulo;-23.563438;-46.684919;274.0;4;3.0;PENTHOUSE;15.0;17.6
Rua Domingos Leme;Vila Nova Conceição;São Paulo;-23.588738;-46.668469;357.0;3;4.0;PENTHOUSE;25.0;31.097
Rua da Meação;Jardim Anália Franco;São Paulo;-23.554695;-46.5689;396.0;4;6.0;PENTHOUSE;20.0;23.4
Alameda Lorena;Jardim América;São Paulo;-23.566379;-46.663669;280.0;2;2.0;PENTHOUSE;20.0;26.083
Rua Sousa Ramos;Chácara Klabin;São Paulo;-23.594554;-46.63128;400.0;4;6.0;PENTHOUSE;24.0;27.5
Rua Luisiânia;Brooklin;São Paulo;-23.61066;-46.679613;354.0;4;4.0;PENTHOUSE;21.392;24.512
Rua Itapeti;Vila Gomes Cardim;São Paulo;-23.549902;-46.561247;326.0;3;8.0;PENTHOUSE;10.0;14.477
Rua Doutor Guilherme Cristofel;Santana;São Paulo;-23.48791;-46.629924;600.0;5;4.0;PENTHOUSE;7.0;11.0
Avenida Jacutinga;Moema;São Paulo;-23.601938;-46.667398;314.0;3;4.0;PENTHOUSE;18.8;23.359
Rua Maranhão;Higienópolis;São Paulo;-23.545273;-46.654895;660.0;4;4.0;PENTHOUSE;25.0;30.585
Rua Barão do Triunfo;Brooklin;São Paulo;-23.618009;-46.677258;488.0;5;5.0;PENTHOUSE;8.75;14.75
Rua Frederico Guarinon;Morumbi;São Paulo;-23.625152;-46.731171;365.0;5;4.0;PENTHOUSE;4.8;7.2
Rua João de Sousa Dias;Campo Belo;São Paulo;-23.623485;-46.671585;400.0;4;4.0;PENTHOUSE;9.8;14.2
Rua Barão do Triunfo;Brooklin;São Paulo;-23.617402;-46.676944;350.0;5;4.0;PENTHOUSE;3.94;11.44
Rua José Maria Lisboa;Jardim América;São Paulo;-23.565063;-46.661129;411.0;4;2.0;PENTHOUSE;25.0;29.967
Rua Itacema;Itaim Bibi;São Paulo;-23.578807;-46.671861;287.0;3;3.0;PENTHOUSE;25.0;29.1
Rua Doutor Guilherme Cristofel;Santana;São Paulo;-23.487817;-46.6303;275.0;3;3.0;PENTHOUSE;4.1;6.8
Rua Sousa Ramos;Vila Mariana;São Paulo;-23.595602;-46.631563;268.0;4;3.0;PENTHOUSE;5.635;8.385
Alameda dos Aicás;Moema;São Paulo;-23.60713;-46.65631;290.0;4;3.0;PENTHOUSE;12.0;16.33
Avenida Jacutinga;Moema;São Paulo;-23.602011;-46.666962;380.0;6;5.0;PENTHOUSE;15.0;19.439
Rua Escobar Ortiz;Vila Nova Conceição;São Paulo;-23.591655;-46.666562;450.0;4;4.0;PENTHOUSE;30.0;38.0
Rua Doutor Fausto Ferraz;Bela Vista;São Paulo;-23.56566;-46.646522;260.0;3;1.0;APARTMENT;10.0;11.35
Rua Barão de Bocaina;Higienópolis;São Paulo;-23.543764;-46.663678;500.0;3;6.0;PENTHOUSE;4.0;11.707
Rua Professor Lúcio Martins Rodrigues;Morumbi;São Paulo;-23.597849;-46.723451;340.0;3;4.0;PENTHOUSE;6.8;11.344
Rua República do Iraque;Campo Belo;São Paulo;-23.624771;-46.671378;350.0;4;3.0;PENTHOUSE;5.0;11.0
Rua João Lourenço;Vila Conceição;São Paulo;-23.591435;-46.666672;389.0;4;3.0;PENTHOUSE;25.83;31.277
Rua Visconde de Taunay;Granja Julieta;São Paulo;-23.641183;-46.710611;425.0;4;4.0;PENTHOUSE;17.0;20.4
Avenida Portugal;Brooklin;São Paulo;-23.611956;-46.67897;395.0;4;3.0;PENTHOUSE;13.5;15.744
Rua Lisboa;Jardim América;São Paulo;-23.562514;-46.677457;540.0;4;6.0;PENTHOUSE;50.0;55.064
Rua Visconde da Luz;Vila Olímpia;São Paulo;-23.593954;-46.67623;167.0;1;2.0;PENTHOUSE;7.0;10.3
Avenida José Galante;Morumbi;São Paulo;-23.620027;-46.735449;340.0;4;4.0;PENTHOUSE;4.5;8.3
Rua Barão de Castro Lima;Real Parque;São Paulo;-23.607611;-46.70366;530.0;4;4.0;PENTHOUSE;2.569;6.879
Avenida Giovanni Gronchi;Morumbi;São Paulo;-23.623421;-46.733785;408.0;4;5.0;PENTHOUSE;10.0;14.14
Rua Pedro Pomponazzi;Chácara Klabin;São Paulo;-23.590283;-46.625613;249.0;5;5.0;PENTHOUSE;19.9;24.5
Rua Professor Pedreira de Freitas;Tatuapé;São Paulo;-23.551106;-46.560347;347.0;4;4.0;PENTHOUSE;5.0;8.6
Rua Frei Duarte Jorge de Mendonça;Vila Andrade;São Paulo;-23.626573;-46.735964;222.0;4;2.0;PENTHOUSE;6.5;9.1
Rua Américo Alves Pereira Filho;Morumbi;São Paulo;-23.61103;-46.705249;403.0;4;4.0;PENTHOUSE;15.0;17.826
Rua Diego de Castilho;Panamby;São Paulo;-23.628673;-46.721428;500.0;3;3.0;PENTHOUSE;13.0;16.72
Rua Doutor Chibata Miyakoshi;Paraíso do Morumbi;São Paulo;-23.626168;-46.722414;505.0;5;6.0;PENTHOUSE;5.443;10.593
Rua Pascal;Campo Belo;São Paulo;-23.616293;-46.677571;724.0;5;6.0;PENTHOUSE;18.0;25.5
Rua Marcos Lopes;Vila Nova Conceição;São Paulo;-23.595713;-46.670891;310.0;4;5.0;PENTHOUSE;45.0;49.003
Rua Inajaroba;Vila Nova Conceição;São Paulo;-23.597037;-46.66479;346.0;3;5.0;APARTMENT;32.9;37.3
Rua Fernandes de Abreu;Itaim Bibi;São Paulo;-23.59064;-46.685677;463.0;3;4.0;PENTHOUSE;35.0;44.588
Rua Viradouro;Itaim Bibi;São Paulo;-23.585128;-46.680602;292.0;4;4.0;PENTHOUSE;25.0;29.212
Rua Américo Alves Pereira Filho;Real Parque;São Paulo;-23.611852;-46.706676;367.0;4;3.0;PENTHOUSE;10.0;13.4
Rua Doutor Virgílio de Carvalho Pinto;Pinheiros;São Paulo;-23.56443;-46.682657;602.0;4;7.0;PENTHOUSE;32.0;38.3
Rua Bento Gonçalves;Jardim Anália Franco;São Paulo;-23.553584;-46.570632;266.0;2;4.0;PENTHOUSE;12.0;14.5
Rua Jorge Coelho;Jardim Paulistano;São Paulo;-23.583641;-46.684851;370.0;4;6.0;PENTHOUSE;25.0;31.547
Alameda Franca;Jardim América;São Paulo;-23.564113;-46.660995;629.0;3;6.0;PENTHOUSE;50.0;55.1
Rua Doutor Franco da Rocha;Perdizes;São Paulo;-23.535464;-46.672364;404.0;5;5.0;PENTHOUSE;35.0;39.83
Avenida Onze de Junho;Vila Clementino;São Paulo;-23.601289;-46.646222;300.0;3;2.0;PENTHOUSE;4.0;6.915
Alameda Franca;Jardim América;São Paulo;-23.565331;-46.659583;300.0;3;3.0;PENTHOUSE;10.0;14.953
Rua Barão de Jaceguai;Campo Belo;São Paulo;-23.623082;-46.677374;344.0;3;4.0;PENTHOUSE;30.0;33.0
Rua Arapoca;Vila Formosa;São Paulo;-23.563884;-46.542671;377.0;3;4.0;PENTHOUSE;4.0;8.0
Avenida Professor Alceu Maynard Araújo;Chácara Santo Antônio;São Paulo;-23.634358;-46.709227;351.0;4;4.0;PENTHOUSE;18.0;20.4
Rua Eleonora Cintra;Jardim Anália Franco;São Paulo;-23.55413;-46.562568;650.0;4;5.0;PENTHOUSE;16.0;22.705
Alameda dos Tupiniquins;Planalto Paulista;São Paulo;-23.612065;-46.659064;417.0;3;4.0;PENTHOUSE;10.0;15.6
Rua da Consolação;Cerqueira César;São Paulo;-23.560033;-46.667008;56.0;1;1.0;PENTHOUSE;3.3;5.231
Rua Álvaro Luís Roberto de Assumpção;Campo Belo;São Paulo;-23.617419;-46.679312;273.0;4;3.0;PENTHOUSE;18.0;21.6
Alameda dos Arapanés;Moema;São Paulo;-23.600203;-46.661199;332.0;4;3.0;PENTHOUSE;15.0;18.0
Rua Raimundo Simão de Souza;Vila Suzana;São Paulo;-23.620466;-46.740617;350.0;4;5.0;PENTHOUSE;11.0;13.567
Rua Barão do Triunfo;Campo Belo;São Paulo;-23.618434;-46.677381;480.0;5;5.0;PENTHOUSE;9.5;16.347
Avenida Interlagos;Jardim Umuarama;São Paulo;-23.659783;-46.681035;403.0;3;5.0;PENTHOUSE;20.0;23.1
Rua Schilling;Vila Leopoldina;São Paulo;-23.528584;-46.725935;452.0;4;5.0;PENTHOUSE;9.9;12.9
Rua Cônego Manuel Vaz;Santana;São Paulo;-23.495296;-46.631257;240.0;4;4.0;PENTHOUSE;5.5;8.2
Rua Domenico Perotti;Panamby;São Paulo;-23.628222;-46.722223;590.0;4;5.0;PENTHOUSE;15.0;23.435
Rua Pedro Pomponazzi;Vila Mariana;São Paulo;-23.591265;-46.621896;214.0;4;3.0;PENTHOUSE;6.0;8.6
Rua Aliança Liberal;Bela Aliança;São Paulo;-23.522657;-46.73155;224.0;4;3.0;PENTHOUSE;7.0;10.0
Rua Jesuíno Arruda;Itaim Bibi;São Paulo;-23.582323;-46.675156;362.0;5;5.0;PENTHOUSE;30.0;36.501
Rua Princesa Isabel;Brooklin;São Paulo;-23.624085;-46.685299;360.0;4;4.0;PENTHOUSE;12.0;15.425
Avenida Açocê;Indianópolis;São Paulo;-23.604125;-46.655845;480.0;5;4.0;PENTHOUSE;25.0;31.052
Avenida Jacutinga;Moema;São Paulo;-23.6013;-46.667716;380.0;4;5.0;PENTHOUSE;15.0;19.439
Rua Afonso de Freitas;Paraíso;São Paulo;-23.576324;-46.646666;230.0;3;4.0;PENTHOUSE;17.0;20.1
Rua Afonso de Freitas;Paraíso;São Paulo;-23.575332;-46.644912;384.0;4;3.0;PENTHOUSE;5.0;10.0
Rua Marechal Barbacena;Jardim Anália Franco;São Paulo;-23.556302;-46.568578;360.0;3;4.0;PENTHOUSE;14.0;18.2
Avenida Presidente Juscelino Kubitschek;Itaim Bibi;São Paulo;-23.591668;-46.683737;262.0;3;4.0;PENTHOUSE;20.0;23.5
Rua Barão de Santa Eulália;Real Parque;São Paulo;-23.605637;-46.707243;685.0;5;5.0;PENTHOUSE;16.0;19.96
Avenida Açocê;Indianópolis;São Paulo;-23.602148;-46.658279;620.0;4;5.0;PENTHOUSE;20.0;28.25
Rua Professora Carolina Ribeiro;Vila Mariana;São Paulo;-23.592461;-46.628179;368.0;4;5.0;PENTHOUSE;15.0;17.7
Rua República do Iraque;Campo Belo;São Paulo;-23.624187;-46.670989;353.0;3;5.0;APARTMENT;8.0;12.95
Rua Doutor Fausto Ferraz;Paraíso;São Paulo;-23.565457;-46.647046;260.0;3;1.0;PENTHOUSE;10.6;11.95
Rua Doutor José Gustavo Bush;Panamby;São Paulo;-23.626154;-46.719484;400.0;4;5.0;PENTHOUSE;16.0;20.0
Rua Visconde de Taunay;Vila Cruzeiro;São Paulo;-23.641183;-46.710611;397.0;4;5.0;PENTHOUSE;13.9;17.822
Rua Professor Pedreira de Freitas;Tatuapé;São Paulo;-23.5511;-46.560349;320.0;4;4.0;PENTHOUSE;15.0;17.5
Avenida Juriti;Moema;São Paulo;-23.598467;-46.666544;550.0;4;4.0;PENTHOUSE;12.0;19.5
Rua Inhambú;Moema;São Paulo;-23.603979;-46.670848;411.0;4;4.0;PENTHOUSE;32.8;37.8
Rua Belterra;Alto Da Boa Vista;São Paulo;-23.653624;-46.69321;511.0;3;5.0;PENTHOUSE;40.0;43.5
Alameda Jauaperi;Indianópolis;São Paulo;-23.604296;-46.666693;430.0;4;4.0;PENTHOUSE;8.0;11.8
Rua Otávio Nébias;Paraíso;São Paulo;-23.573829;-46.649495;485.0;4;4.0;PENTHOUSE;22.0;28.5
Rua Volta Redonda;Campo Belo;São Paulo;-23.625165;-46.676004;366.0;4;6.0;PENTHOUSE;27.0;29.95
Rua Mergenthaler;Vila Leopoldina;São Paulo;-23.527557;-46.735248;374.0;4;4.0;PENTHOUSE;25.0;26.9
Rua Joaquim Moreira Dias;Jardim Avelino;São Paulo;-23.594426;-46.563943;256.0;3;3.0;PENTHOUSE;4.0;201.777
Avenida Açocê;Moema;São Paulo;-23.604125;-46.655845;400.0;5;4.0;PENTHOUSE;25.0;31.057
Rua Sócrates;Jardim Marajoara;São Paulo;-23.658493;-46.691452;175.0;3;4.0;PENTHOUSE;6.0;8.263
Rua Professor Lúcio Martins Rodrigues;Morumbi;São Paulo;-23.596933;-46.723506;355.0;3;3.0;PENTHOUSE;6.0;10.5
Avenida Giovanni Gronchi;Vila Andrade;São Paulo;-23.623421;-46.733785;410.0;4;5.0;PENTHOUSE;8.5;13.9
Rua Judith;Vila Madalena;São Paulo;-23.551957;-46.696626;108.0;1;2.0;PENTHOUSE;4.95;6.35
Rua João Pimenta;Alto Da Boa Vista;São Paulo;-23.6343;-46.692437;410.0;4;5.0;PENTHOUSE;4.32;9.752
Avenida Ministro Gabriel de Rezende Passos;Moema;São Paulo;-23.599831;-46.663235;420.0;4;6.0;PENTHOUSE;28.0;33.0
Rua Ministro Jesuíno Cardoso;Vila Olímpia;São Paulo;-23.591825;-46.679293;180.0;3;2.0;PENTHOUSE;35.0;38.139
Rua Samia Haddad;Morumbi;São Paulo;-23.619697;-46.742064;347.0;5;4.0;PENTHOUSE;7.0;11.055
Rua dos Democratas;Vila Monte Alegre;São Paulo;-23.628718;-46.63787;280.0;3;2.0;PENTHOUSE;8.0;9.51
Rua Doutor Renato Paes de Barros;Vila Nova Conceição;São Paulo;-23.586517;-46.67244;344.0;4;4.0;PENTHOUSE;37.0;41.0
Rua Doutor Guilherme Cristofel;Santana;São Paulo;-23.487855;-46.6312;600.0;5;8.0;PENTHOUSE;2.5;7.2
Rua Professora Carolina Ribeiro;Vila Mariana;São Paulo;-23.59244;-46.628203;322.0;4;5.0;PENTHOUSE;15.0;18.0
Rua Itacolomi;Higienópolis;São Paulo;-23.547928;-46.656905;550.0;5;5.0;PENTHOUSE;30.0;38.953
Rua Marquês de Sabará;Real Parque;São Paulo;-23.606269;-46.705591;800.0;4;4.0;PENTHOUSE;30.0;34.99
Rua São Domingos Sávio;Alto de Pinheiros;São Paulo;-23.536965;-46.713074;620.0;4;5.0;PENTHOUSE;20.0;25.9
Rua Itacema;Itaim Bibi;São Paulo;-23.57926;-46.672517;287.0;4;3.0;PENTHOUSE;20.8;25.1
Avenida Angélica;Consolação;São Paulo;-23.550567;-46.660118;381.0;4;2.0;PENTHOUSE;15.4;19.928
Rua das Mangabeiras;Higienópolis;São Paulo;-23.54067;-46.662782;287.0;4;5.0;PENTHOUSE;22.5;25.821
Alameda dos Guaramomis;Moema;São Paulo;-23.60987;-46.656295;143.0;2;5.0;PENTHOUSE;5.5;8.3
Avenida Açocê;Moema;São Paulo;-23.603445;-46.656512;500.0;5;4.0;PENTHOUSE;25.0;31.0
Rua Euclides Pacheco;Tatuapé;São Paulo;-23.546122;-46.558481;470.0;4;6.0;PENTHOUSE;5.0;10.24
Rua Raimundo Simão de Souza;Morumbi;São Paulo;-23.62049;-46.740657;451.0;4;4.0;PENTHOUSE;3.88;8.18
Rua Petrarca;Chácara Klabin;São Paulo;-23.589705;-46.627813;286.0;3;4.0;PENTHOUSE;35.0;37.3
Rua Ascencional;Morumbi;São Paulo;-23.624847;-46.731476;370.0;3;4.0;PENTHOUSE;12.0;14.4
Avenida dos Bandeirantes;Brooklin;São Paulo;-23.596749;-46.690064;277.0;4;3.0;PENTHOUSE;15.0;17.243
Rua Duarte de Azevedo;Santana;São Paulo;-23.50075;-46.621629;246.0;3;3.0;PENTHOUSE;6.5;7.563
Rua Piracuama;Perdizes;São Paulo;-23.540472;-46.679712;250.0;3;4.0;PENTHOUSE;12.0;15.036
Avenida Macuco;Indianópolis;São Paulo;-23.604748;-46.665567;245.0;3;4.0;PENTHOUSE;18.0;21.4
Rua Euclides Pacheco;Tatuapé;São Paulo;-23.546126;-46.558361;470.0;3;6.0;PENTHOUSE;5.0;10.617
Rua Salvador Cardoso;Itaim Bibi;São Paulo;-23.587764;-46.685298;800.0;4;6.0;PENTHOUSE;60.0;64.4
Rua Pensilvânia;Brooklin;São Paulo;-23.608177;-46.690474;303.0;2;5.0;PENTHOUSE;15.0;17.4
Avenida Arruda Botelho;Alto de Pinheiros;São Paulo;-23.549457;-46.717488;377.0;3;3.0;PENTHOUSE;16.0;635.383
Avenida Arruda Botelho;Alto de Pinheiros;São Paulo;-23.548701;-46.717099;281.0;4;3.0;PENTHOUSE;23.0;27.7
Rua Bela Cintra;Consolação;São Paulo;-23.561628;-46.667108;703.0;4;5.0;PENTHOUSE;45.0;51.54
Rua Bela Cintra;Jardim América;São Paulo;-23.56087;-46.666162;490.0;4;0.0;PENTHOUSE;45.0;52.0
Rua Sócrates;Vila Sofia;São Paulo;-23.658279;-46.690834;316.0;4;3.0;PENTHOUSE;8.0;9.8
Rua Safira;Aclimação;São Paulo;-23.574276;-46.635325;230.0;3;3.0;PENTHOUSE;12.0;14.76
Rua Doutor Ferreira Lopes;Vila Sofia;São Paulo;-23.656968;-46.691965;186.0;4;2.0;PENTHOUSE;7.0;8.5
Rua Gabriele D'Annunzio;Campo Belo;São Paulo;-23.61887;-46.68155;423.0;4;6.0;PENTHOUSE;44.0;47.8
Avenida Jacutinga;Indianópolis;São Paulo;-23.602241;-46.666889;314.0;3;4.0;PENTHOUSE;16.0;20.558
Avenida Coronel Francisco Júlio César Alfieri;Jardim Prudência;São Paulo;-23.658428;-46.670956;155.0;3;0.0;PENTHOUSE;3.6;3.6
Rua Marquês de Sabará;Morumbi;São Paulo;-23.606269;-46.705591;800.0;4;4.0;PENTHOUSE;25.0;30.24
Rua Adalívia de Tolêdo;Real Parque;São Paulo;-23.606662;-46.708517;250.0;3;3.0;PENTHOUSE;4.8;8.3
Avenida Açocê;Planalto Paulista;São Paulo;-23.602148;-46.658279;620.0;4;5.0;PENTHOUSE;20.0;28.131
Avenida Angélica;Santa Cecília;São Paulo;-23.538101;-46.654653;382.0;2;2.0;PENTHOUSE;15.4;20.278
Avenida Fagundes Filho;Jardim da Saude;São Paulo;-23.627265;-46.638338;150.0;3;2.0;PENTHOUSE;5.5;7.1
Rua Cambuci do Vale;Cidade Dutra;São Paulo;-23.71419;-46.704325;340.0;4;2.0;PENTHOUSE;8.0;10.5
Rua Álvaro Luís Roberto de Assumpção;Campo Belo;São Paulo;-23.618106;-46.678459;460.0;5;9.0;PENTHOUSE;25.0;30.0
Rua São Benedito;Alto Da Boa Vista;São Paulo;-23.648315;-46.701525;647.0;6;6.0;PENTHOUSE;18.0;22.1
Rua Iubatinga;Panamby;São Paulo;-23.627539;-46.734174;592.0;4;5.0;PENTHOUSE;1.734;7.234
Avenida Higienópolis;Higienópolis;São Paulo;-23.543148;-46.658137;612.0;4;4.0;PENTHOUSE;20.0;27.5
Avenida Aratãs;Moema;São Paulo;-23.607634;-46.665317;481.0;4;5.0;PENTHOUSE;30.0;34.0
Avenida Washington Luís;Chácara Santo Antônio;São Paulo;-23.6558;-46.689603;560.0;4;5.0;PENTHOUSE;21.0;25.4
Rua Jorge Americano;Alto da Lapa;São Paulo;-23.533273;-46.716612;579.0;4;8.0;APARTMENT;35.0;35.0
Rua Frederico Guarinon;Jardim Ampliação;São Paulo;-23.625825;-46.731872;460.0;4;3.0;PENTHOUSE;20.0;24.4
Rua Princesa Isabel;Campo Belo;São Paulo;-23.619457;-46.679706;260.0;4;3.0;PENTHOUSE;7.0;10.2
Rua Itapimirum;Morumbi;São Paulo;-23.631868;-46.732653;305.0;3;5.0;PENTHOUSE;15.0;17.15
Rua Álvaro Luís Roberto de Assumpção;Campo Belo;São Paulo;-23.617043;-46.680249;460.0;4;8.0;PENTHOUSE;25.0;31.7
Rua Belterra;Santo Amaro;São Paulo;-23.653624;-46.69321;500.0;3;5.0;PENTHOUSE;35.0;38.5
Rua Barão do Triunfo;Brooklin;São Paulo;-23.619701;-46.678965;365.0;4;5.0;PENTHOUSE;20.0;23.4
Avenida Angélica;Consolação;São Paulo;-23.538101;-46.654653;382.0;4;2.0;PENTHOUSE;15.4;19.93
Rua Edson;Campo Belo;São Paulo;-23.622178;-46.675222;430.0;4;5.0;APARTMENT;15.0;19.941
Rua Marquês de Sabará;Real Parque;São Paulo;-23.60633;-46.705795;800.0;4;4.0;PENTHOUSE;25.0;31.5
Rua Barão de Castro Lima;Real Parque;São Paulo;-23.606953;-46.703706;130.0;6;7.0;PENTHOUSE;30.0;37.095
Avenida Jamaris;Planalto Paulista;São Paulo;-23.604917;-46.662274;355.0;5;4.0;PENTHOUSE;17.0;20.2
Rua Pintassilgo;Moema;São Paulo;-23.60233;-46.672544;405.0;4;5.0;PENTHOUSE;25.0;28.252
Rua Ministro Gabriel de Rezende Passos;Moema;São Paulo;-23.599831;-46.663235;403.0;4;6.0;PENTHOUSE;28.0;33.0
Rua Conde de Itu;Santo Amaro;São Paulo;-23.647959;-46.701568;647.0;4;6.0;PENTHOUSE;18.0;21.19
Rua Iubatinga;Morumbi;São Paulo;-23.627539;-46.734174;350.0;4;5.0;PENTHOUSE;20.0;24.6
Rua Escobar Ortiz;Vila Nova Conceição;São Paulo;-23.593165;-46.666896;450.0;3;5.0;PENTHOUSE;40.0;54.0
Alameda dos Aicás;Moema;São Paulo;-23.607806;-46.656655;360.0;4;3.0;PENTHOUSE;12.0;17.9
Rua Gabriele D'Annunzio;Campo Belo;São Paulo;-23.622757;-46.676376;423.0;4;6.0;PENTHOUSE;45.0;48.0
Rua Edson;Campo Belo;São Paulo;-23.618962;-46.679408;600.0;5;8.0;PENTHOUSE;29.0;36.0
Avenida Senador Queirós;Centro;São Paulo;-23.538867;-46.635177;41.0;1;0.0;PENTHOUSE;6.0;6.001
Rua Doutor Chibata Miyakoshi;Panamby;São Paulo;-23.625355;-46.72132;505.0;5;6.0;PENTHOUSE;14.0;19.88
Rua Princesa Isabel;Campo Belo;São Paulo;-23.616854;-46.677563;365.0;2;4.0;PENTHOUSE;20.0;23.5
Rua Jorge Coelho;Brasilândia;São Paulo;-23.583641;-46.684851;370.0;4;6.0;PENTHOUSE;25.0;31.547
Rua Joaquim José Esteves;Alto Da Boa Vista;São Paulo;-23.649515;-46.693591;542.0;4;4.0;PENTHOUSE;18.0;24.806
Rua Iperoig;Perdizes;São Paulo;-23.537335;-46.677124;300.0;4;0.0;APARTMENT;7.0;9.3
Rua Jorge Coelho;Itaim Bibi;São Paulo;-23.583641;-46.684851;381.0;4;6.0;PENTHOUSE;25.0;31.547
Rua Mere Amedea;Vila Maria;São Paulo;-23.510053;-46.587743;230.0;3;4.0;PENTHOUSE;6.0;8.89
Rua Itapaiuna;Panamby;São Paulo;-23.638271;-46.729071;430.0;4;5.0;PENTHOUSE;20.0;24.026
Avenida Angélica;Higienópolis;São Paulo;-23.533399;-46.653225;381.0;2;2.0;PENTHOUSE;14.0;18.528
Alameda Franca;Jardim Paulista;São Paulo;-23.565331;-46.659583;350.0;3;4.0;APARTMENT;9.9;14.853
Rua Camillo Nader;Real Parque;São Paulo;-23.612784;-46.706393;1000.0;5;5.0;PENTHOUSE;25.0;25.0
Rua Azevedo Soares;Tatuapé;São Paulo;-23.547349;-46.559411;510.0;8;7.0;PENTHOUSE;30.0;32.95
Rua Conde de Itu;Alto Da Boa Vista;São Paulo;-23.647959;-46.701568;647.0;4;6.0;PENTHOUSE;24.4;28.491
Rua Ceará;Higienópolis;São Paulo;-23.547209;-46.661448;540.0;4;5.0;PENTHOUSE;18.0;24.5
Alameda dos Tupiniquins;Moema;São Paulo;-23.612065;-46.659064;418.0;4;4.0;PENTHOUSE;10.0;15.6
Rua Tupi;Higienópolis;São Paulo;-23.534094;-46.660661;375.0;4;4.0;PENTHOUSE;13.0;18.499
Rua Tucumã;Jardim Europa;São Paulo;-23.581644;-46.68915;325.0;4;3.0;PENTHOUSE;37.0;42.7
Rua João Álvares Soares;Campo Belo;São Paulo;-23.624013;-46.673675;376.0;3;4.0;PENTHOUSE;27.0;32.233
Alameda Jauaperi;Moema;São Paulo;-23.59869;-46.661553;324.0;3;3.0;PENTHOUSE;20.0;26.826
Avenida Giovanni Gronchi;Vila Andrade;São Paulo;-23.619366;-46.73266;577.0;4;5.0;PENTHOUSE;18.0;21.8
Rua Itapeti;Tatuapé;São Paulo;-23.54993;-46.56117;630.0;4;14.0;PENTHOUSE;30.0;35.0
Rua São José;Alto Da Boa Vista;São Paulo;-23.649353;-46.695223;329.0;5;3.0;PENTHOUSE;6.5;9.8
Rua Deputado Laércio Corte;Panamby;São Paulo;-23.62483;-46.725012;485.0;4;6.0;PENTHOUSE;13.0;18.706
Rua Edson;Campo Belo;São Paulo;-23.619128;-46.678935;420.0;3;4.0;PENTHOUSE;12.5;16.2
Avenida Jandira;Moema;São Paulo;-23.610862;-46.658034;574.0;4;8.0;PENTHOUSE;20.0;27.3
Rua Salvador Cardoso;Itaim Bibi;São Paulo;-23.586958;-46.68575;750.0;7;4.0;PENTHOUSE;65.0;79.0
Rua Ascencional;Morumbi;São Paulo;-23.624864;-46.731568;200.0;4;3.0;PENTHOUSE;3.5;5.5
Avenida Doutor Altino Arantes;Vila Clementino;São Paulo;-23.602286;-46.649542;278.0;4;4.0;PENTHOUSE;4.0;6.388
Rua Azevedo Soares;Tatuapé;São Paulo;-23.547633;-46.559327;510.0;8;7.0;PENTHOUSE;34.0;36.95
Praça Pereira Coutinho;Vila Nova Conceição;São Paulo;-23.592938;-46.669157;822.0;4;10.0;PENTHOUSE;30.0;49.873
Rua Gaivota;Moema;São Paulo;-23.604701;-46.668814;300.0;4;2.0;PENTHOUSE;16.0;18.5
Avenida Jurucê;Indianópolis;São Paulo;-23.611468;-46.65837;348.0;4;4.0;PENTHOUSE;8.8;12.242
Rua Pedro Pomponazzi;Vila Mariana;São Paulo;-23.590283;-46.625613;403.0;4;5.0;PENTHOUSE;30.0;33.5
Rua Afonso Braz;Vila Nova Conceição;São Paulo;-23.59607;-46.666196;700.0;4;8.0;PENTHOUSE;84.56;94.36
Avenida Jandira;Moema;São Paulo;-23.606312;-46.662822;208.0;3;3.0;PENTHOUSE;25.0;28.709
Rua Salim Izar;Jardim Guedala;São Paulo;-23.592243;-46.719348;244.0;3;4.0;APARTMENT;10.2;12.6
Rua Zacarias de Gois;Campo Belo;São Paulo;-23.626524;-46.674393;838.0;5;7.0;PENTHOUSE;30.0;36.861
Alameda Jauaperi;Moema;São Paulo;-23.600294;-46.663011;835.0;4;4.0;PENTHOUSE;50.0;60.0
Alameda Jauaperi;Moema;São Paulo;-23.600443;-46.662824;323.0;3;4.0;PENTHOUSE;20.0;26.826
Rua Morgado de Mateus;Vila Mariana;São Paulo;-23.585999;-46.645036;292.0;4;3.0;PENTHOUSE;8.5;10.509
Avenida Higienópolis;Higienópolis;São Paulo;-23.545751;-46.659943;620.0;4;4.0;PENTHOUSE;20.0;26.75
Rua Jacques Félix;Vila Nova Conceição;São Paulo;-23.588915;-46.670098;609.0;2;4.0;PENTHOUSE;50.0;54.5
Rua Doutor José Rodrigues Alves Sobrinho;Alto de Pinheiros;São Paulo;-23.552125;-46.719344;436.0;3;6.0;PENTHOUSE;27.5;33.0
Rua Lisboa;Jardim América;São Paulo;-23.559071;-46.680028;540.0;4;6.0;PENTHOUSE;50.0;556.447
Alameda dos Anapurus;Moema;São Paulo;-23.604303;-46.655085;522.0;4;5.0;PENTHOUSE;25.0;30.6
Avenida São Paulo Antigo;Real Parque;São Paulo;-23.605148;-46.705306;825.0;5;6.0;PENTHOUSE;35.0;53.0
Avenida Professor Alceu Maynard Araújo;Vila Cruzeiro;São Paulo;-23.634978;-46.709933;425.0;5;4.0;PENTHOUSE;6.5;8.571
Alameda dos Tupiniquins;Moema;São Paulo;-23.612539;-46.660114;500.0;4;5.0;PENTHOUSE;12.5;19.254
Rua Volta Redonda;Campo Belo;São Paulo;-23.625619;-46.674948;667.0;5;7.0;PENTHOUSE;55.0;60.0
Rua São Domingos Sávio;Vila Ida;São Paulo;-23.536917;-46.712976;887.0;5;6.0;PENTHOUSE;30.0;37.8
Avenida Jandira;Moema;São Paulo;-23.609374;-46.659818;800.0;5;6.0;PENTHOUSE;30.0;33.8
Rua Barão do Triunfo;Campo Belo;São Paulo;-23.627156;-46.685542;430.0;4;6.0;PENTHOUSE;33.0;37.042
Avenida Nossa Senhora do Sabará;Interlagos;São Paulo;-23.659621;-46.697606;791.0;5;3.0;PENTHOUSE;30.0;35.0
Rua Tucumã;Jardim Europa;São Paulo;-23.58267;-46.691479;720.0;4;4.0;PENTHOUSE;80.0;92.0
Avenida São Paulo Antigo;Real Parque;São Paulo;-23.605393;-46.708225;300.0;4;4.0;APARTMENT;11.0;14.7
Avenida Ministro Gabriel de Rezende Passos;Moema;São Paulo;-23.59848;-46.664872;480.0;4;6.0;PENTHOUSE;30.0;36.0
Rua Dom Armando Lombardi;Jardim Guedala;São Paulo;-23.592749;-46.71783;330.0;3;5.0;APARTMENT;7.5;10.7
Rua Tucumã;Jardim Europa;São Paulo;-23.582786;-46.691504;1000.0;4;10.0;PENTHOUSE;80.0;92.5
Rua Antônio Júlio dos Santos;Morumbi;São Paulo;-23.60879;-46.726916;286.0;4;4.0;APARTMENT;2.4;4.815
Rua Bela Cintra;Consolação;São Paulo;-23.56087;-46.666162;490.0;4;5.0;PENTHOUSE;45.0;52.0
Rua Guarará;Jardim Paulista;São Paulo;-23.57266;-46.658973;903.0;4;8.0;PENTHOUSE;120.0;133.2
Alameda Ministro Rocha Azevedo;Cerqueira César;São Paulo;-23.565784;-46.66418;858.0;4;5.0;PENTHOUSE;80.0;88.5
Avenida Juriti;Moema;São Paulo;-23.598874;-46.665521;500.0;4;4.0;APARTMENT;8.9;16.9
Rua do Livramento;Ibirapuera;São Paulo;-23.579821;-46.652766;518.0;4;8.0;PENTHOUSE;52.0;58.7
Avenida José Galante;Vila Suzana;São Paulo;-23.620692;-46.73696;722.0;3;8.0;PENTHOUSE;45.0;54.0
Rua Doutor Oscar Monteiro de Barros;Morumbi;São Paulo;-23.619845;-46.737424;311.0;4;4.0;APARTMENT;2.5;6.125
Rua Azevedo Soares;Vila Gomes Cardim;São Paulo;-23.547633;-46.559327;500.0;8;7.0;PENTHOUSE;30.0;33.0
Rua Frederic Chopin;Jardim Europa;São Paulo;-23.584579;-46.689209;860.0;4;8.0;PENTHOUSE;100.0;116.0
Avenida Jamaris;Planalto Paulista;São Paulo;-23.609928;-46.655367;35.0;1;1.0;FLAT;3.7;5.2
Alameda Lorena;Jardins;São Paulo;-23.566831;-46.662195;30.0;1;1.0;FLAT;1.6;2.6
Rua Barata Ribeiro;Bela Vista;São Paulo;-23.556327;-46.653748;45.0;1;1.0;FLAT;2.414;2.8
Avenida Aratãs;Moema;São Paulo;-23.60972;-46.662847;38.0;1;1.0;FLAT;3.31;3.9
Avenida Cidade Jardim;Itaim Bibi;São Paulo;-23.581064;-46.683813;40.0;1;1.0;FLAT;2.05;2.74
Rua Marie Nader Calfat;Morumbi;São Paulo;-23.628558;-46.729642;33.0;1;1.0;FLAT;2.039;2.388
Avenida Brigadeiro Luís Antônio;Jardins;São Paulo;-23.57234;-46.654457;42.0;1;1.0;FLAT;2.0;2.9
Alameda dos Anapurus;Indianópolis;São Paulo;-23.608335;-46.659077;36.0;1;1.0;FLAT;3.3;4.7
Alameda Lorena;Jardins;São Paulo;-23.570614;-46.659411;33.0;1;1.0;FLAT;1.95;3.5
Avenida Rouxinol;Indianópolis;São Paulo;-23.604943;-46.668158;40.0;1;1.0;FLAT;2.1;2.8
Rua Verbo Divino;Chácara Santo Antônio;São Paulo;-23.632292;-46.708134;30.0;1;1.0;FLAT;2.505;3.0
Alameda Franca;Jardins;São Paulo;-23.559715;-46.666481;45.0;1;1.0;FLAT;2.889;3.87
Rua José Maria Lisboa;Jardins;São Paulo;-23.571686;-46.653513;37.0;1;1.0;FLAT;2.34;2.96
Avenida Ibijaú;Moema;São Paulo;-23.606308;-46.665436;37.0;1;1.0;FLAT;2.04;2.82
Avenida Giovanni Gronchi;Morumbi;São Paulo;-23.625401;-46.733986;57.0;1;2.0;FLAT;1.8;2.295
Rua Susano;Itaim Bibi;São Paulo;-23.578785;-46.670441;38.0;1;1.0;FLAT;4.92;5.74
Rua Joaquim Guarani;Brooklin;São Paulo;-23.62653;-46.693344;75.0;2;2.0;FLAT;6.49;7.19
Rua Sansão Alves dos Santos;Brooklin;São Paulo;-23.603693;-46.694743;55.0;2;2.0;FLAT;2.72;3.62
Rua Marcos Lopes;Vila Nova Conceição;São Paulo;-23.597597;-46.671614;69.0;1;2.0;FLAT;5.1;6.4
Rua Afonso Braz;Vila Nova Conceição;São Paulo;-23.595506;-46.668461;42.0;1;1.0;FLAT;3.2;3.2
Rua Pamplona;Jardins;São Paulo;-23.565869;-46.655712;51.0;1;1.0;FLAT;3.607;4.507
Rua Doutor Fadlo Haidar;Vila Olímpia;São Paulo;-23.596232;-46.67475;44.0;1;1.0;FLAT;2.14;2.9
Rua Oliveira Dias;Jardins;São Paulo;-23.580705;-46.670405;75.0;1;1.0;FLAT;6.0;6.0
Rua da Consolação;Jardins;São Paulo;-23.560033;-46.667008;32.0;1;1.0;FLAT;1.8;2.9
Rua Urussuí;Itaim Bibi;São Paulo;-23.585881;-46.676109;65.0;2;1.0;FLAT;4.5;5.4
Rua Doutor Fadlo Haidar;Itaim Bibi;São Paulo;-23.596232;-46.67475;45.0;1;1.0;FLAT;2.46;3.1
Avenida Brigadeiro Luís Antônio;Jardim Paulista;São Paulo;-23.57234;-46.654457;41.0;1;1.0;FLAT;1.97;2.74
Rua Barão do Triunfo;Brooklin;São Paulo;-23.625148;-46.683816;50.0;1;1.0;FLAT;2.15;2.97
Rua Pais Leme;Itaim Bibi;São Paulo;-23.568594;-46.698498;73.0;1;1.0;FLAT;4.73;5.74
Alameda Ministro Rocha Azevedo;Jardins;São Paulo;-23.562617;-46.660188;41.0;1;1.0;FLAT;2.2;3.1
Rua Pedroso Alvarenga;Itaim Bibi;São Paulo;-23.581759;-46.678231;35.0;1;1.0;FLAT;4.2;5.798
Alameda dos Arapanés;Moema;São Paulo;-23.606914;-46.667509;52.0;1;1.0;FLAT;2.53;3.28
Alameda dos Arapanés;Moema;São Paulo;-23.607136;-46.667286;53.0;1;1.0;FLAT;5.5;5.5
Rua Pintassilgo;Moema;São Paulo;-23.600187;-46.670825;45.0;1;1.0;FLAT;2.0;3.15
Avenida Ibijaú;Moema;São Paulo;-23.605909;-46.665312;45.0;1;1.0;FLAT;2.58;3.3
Avenida Ibirapuera;Indianópolis;São Paulo;-23.604101;-46.662638;28.0;1;1.0;FLAT;2.6;2.6
Rua Butantã;Pinheiros;São Paulo;-23.570524;-46.698702;28.0;1;1.0;FLAT;2.138;2.588
Avenida Jacutinga;Moema;São Paulo;-23.602497;-46.665989;78.0;2;2.0;FLAT;4.088;4.765
Rua Ouro Branco;Jardins;São Paulo;-23.571191;-46.66167;39.0;1;1.0;FLAT;2.0;2.502
Rua Alvorada;Vila Olímpia;São Paulo;-23.600174;-46.683007;54.0;1;1.0;FLAT;2.89;4.02
Alameda Lorena;Jardins;São Paulo;-23.566041;-46.663138;45.0;1;1.0;FLAT;3.12;3.855
Rua Bela Cintra;Consolação;São Paulo;-23.553723;-46.65724;50.0;1;1.0;FLAT;3.09;3.885
Alameda Lorena;Jardim Paulista;São Paulo;-23.566041;-46.663138;95.0;2;2.0;FLAT;3.23;4.55
Rua Pedroso Alvarenga;Itaim Bibi;São Paulo;-23.581071;-46.676457;60.0;1;1.0;FLAT;5.0;5.9
Rua Haddock Lobo;Jardins;São Paulo;-23.55945;-46.663025;40.0;1;1.0;FLAT;1.9;2.9
Rua Ministro Nelson Hungria;Vila Tramontano;São Paulo;-23.612519;-46.703539;60.0;1;2.0;FLAT;2.012;2.912
Rua Pais de Araújo;Itaim Bibi;São Paulo;-23.583344;-46.681371;45.0;1;1.0;FLAT;3.6;5.16
Rua Haddock Lobo;Cerqueira César;São Paulo;-23.55945;-46.663025;40.0;1;1.0;FLAT;2.025;3.05
Rua Doutor Eduardo de Souza Aranha;Vila Nova Conceição;São Paulo;-23.588195;-46.672108;45.0;1;1.0;FLAT;5.0;5.0
Rua Itapeva;Jardins;São Paulo;-23.561117;-46.654109;48.0;1;1.0;FLAT;2.66;3.61
Rua Batataes;Jardins;São Paulo;-23.570996;-46.656525;40.0;1;1.0;FLAT;3.341;4.083
Avenida Rio Branco;Campos Eliseos;São Paulo;-23.529884;-46.646886;32.0;1;1.0;FLAT;1.198;1.852
Rua Américo Angélico;Jardim Marajoara;São Paulo;-23.669747;-46.680455;90.0;2;0.0;FLAT;1.65;1.65
Rua Pamplona;Jardins;São Paulo;-23.559424;-46.651413;33.0;1;1.0;FLAT;2.74;3.37
Rua Itapeva;Bela Vista;São Paulo;-23.561117;-46.654109;55.0;1;1.0;FLAT;3.1;3.1
Rua Vitoantônio Del Vecchio;Parque da Mooca;São Paulo;-23.574307;-46.592348;52.0;1;1.0;FLAT;1.568;2.458
Rua Haddock Lobo;Cerqueira César;São Paulo;-23.559118;-46.663276;42.0;1;1.0;FLAT;2.4;3.4
Rua Gabriele D'Annunzio;Campo Belo;São Paulo;-23.618791;-46.681516;37.0;1;1.0;FLAT;3.3;3.6
Rua Ouro Branco;Jardim Paulista;São Paulo;-23.571191;-46.66167;39.0;1;1.0;FLAT;2.2;3.3
Avenida Professor Noé Azevedo;Vila Mariana;São Paulo;-23.588597;-46.634841;30.0;1;1.0;FLAT;1.5;2.065
Rua Brás Cardoso;Vila Nova Conceição;São Paulo;-23.592643;-46.672005;42.0;1;1.0;FLAT;2.65;3.5
Rua Gomes de Carvalho;Vila Olímpia;São Paulo;-23.598271;-46.683351;35.0;1;1.0;FLAT;2.4;3.62
Alameda Jaú;Jardins;São Paulo;-23.568932;-46.652072;40.0;1;1.0;FLAT;2.6;4.05
Rua Cristiano Viana;Pinheiros;São Paulo;-23.558943;-46.677791;42.0;1;1.0;FLAT;2.655;3.255
Rua Barata Ribeiro;Jardins;São Paulo;-23.556485;-46.652356;37.0;1;1.0;FLAT;2.5;3.38
Rua Diogo Jácome;Vila Nova Conceição;São Paulo;-23.596315;-46.667441;136.0;2;2.0;FLAT;15.0;16.0
Rua Leopoldo Couto de Magalhães Júnior;Itaim Bibi;São Paulo;-23.587747;-46.677664;44.0;1;1.0;FLAT;1.76;2.94
Rua Vergueiro;Paraíso;São Paulo;-23.564547;-46.63969;65.0;2;1.0;FLAT;3.91;4.61
Alameda Joaquim Eugênio de Lima;Jardins;São Paulo;-23.571804;-46.656846;57.0;1;1.0;FLAT;1.71;2.81
Rua Juquis;Moema;São Paulo;-23.606741;-46.663253;71.0;2;1.0;FLAT;3.2;4.1
Rua Araguari;Moema;São Paulo;-23.602117;-46.673402;46.0;1;1.0;FLAT;3.1;3.1
Rua Diogo Jácome;Vila Nova Conceição;São Paulo;-23.596846;-46.668007;48.0;1;1.0;FLAT;4.5;5.6
Vila Pamplona;Jardins;São Paulo;-23.573979;-46.660691;33.0;1;1.0;FLAT;3.04;3.67
Alameda Campinas;Jardim Paulista;São Paulo;-23.566937;-46.65451;35.0;1;1.0;FLAT;2.4;2.4
Rua José Maria Lisboa;Jardins;São Paulo;-23.567385;-46.658257;37.0;1;1.0;FLAT;1.76;2.85
Avenida Rouxinol;Moema;São Paulo;-23.600941;-46.673185;44.0;1;1.0;FLAT;2.7;3.2
Alameda Lorena;Jardim Paulista;São Paulo;-23.562274;-46.667384;40.0;1;1.0;FLAT;2.5;3.4
Rua Vitoantônio Del Vecchio;Móoca;São Paulo;-23.574307;-46.592348;45.0;1;1.0;FLAT;1.82;2.82
Alameda Casa Branca;Jardim Paulista;São Paulo;-23.564735;-46.657555;45.0;1;1.0;FLAT;2.0;2.9
Avenida Macuco;Moema;São Paulo;-23.604369;-46.665461;33.0;1;1.0;FLAT;1.9;3.1
Rua Pintassilgo;Moema;São Paulo;-23.603777;-46.6734;45.0;1;1.0;FLAT;2.0;2.9
Rua Diogo Jácome;Vila Nova Conceição;São Paulo;-23.599755;-46.669742;73.0;2;2.0;FLAT;6.057;7.379
Rua Flórida;Brooklin;São Paulo;-23.606996;-46.69516;70.0;1;2.0;FLAT;5.0;5.9
Rua Tuim;Moema;São Paulo;-23.597877;-46.66717;30.0;1;1.0;FLAT;1.8;3.0
Rua Pedroso Alvarenga;Itaim Bibi;São Paulo;-23.582471;-46.681652;42.0;1;1.0;FLAT;2.5;3.9
Alameda Jaú;Jardim Paulista;São Paulo;-23.568956;-46.652031;42.0;1;1.0;FLAT;2.0;2.9
Rua Doutor João Clímaco Pereira;Vila Nova Conceição;São Paulo;-23.589856;-46.673156;38.0;1;1.0;FLAT;2.45;3.25
Rua Mateus Grou;Pinheiros;São Paulo;-23.565097;-46.684087;43.0;1;1.0;FLAT;2.678;3.66
Rua Ouro Branco;Jardins;São Paulo;-23.570975;-46.662123;35.0;1;1.0;FLAT;2.31;3.17
Rua Pais de Araújo;Itaim Bibi;São Paulo;-23.583048;-46.681252;45.0;1;1.0;FLAT;3.185;3.87
Alameda Ministro Rocha Azevedo;Jardim Paulista;São Paulo;-23.562617;-46.660188;70.0;2;2.0;FLAT;4.2;5.1
Avenida Doutor Cardoso de Melo;Vila Olímpia;São Paulo;-23.600326;-46.680003;44.0;1;1.0;FLAT;3.6;4.2
Alameda Joaquim Eugênio de Lima;Jardim Paulista;São Paulo;-23.571804;-46.656846;75.0;2;2.0;FLAT;5.0;5.0
Alameda Lorena;Jardins;São Paulo;-23.562274;-46.667384;40.0;1;1.0;FLAT;3.2;4.1
Rua Sansão Alves dos Santos;Brooklin;São Paulo;-23.606685;-46.695021;55.0;1;1.0;FLAT;3.9;5.1
Alameda Lorena;Jardins;São Paulo;-23.561649;-46.668029;42.0;1;1.0;FLAT;3.0;4.1
Alameda Jaú;Jardim Paulista;São Paulo;-23.567018;-46.653315;45.0;1;1.0;FLAT;2.1;3.0
Rua Diogo Jacome;Vila Nova Conceição;São Paulo;-23.599755;-46.669742;56.0;1;1.0;FLAT;3.7;4.538
Rua Balthazar da Veiga;Vila Nova Conceição;São Paulo;-23.594247;-46.671962;70.0;2;2.0;FLAT;6.0;6.0
Rua Itaiteva;Morumbi;São Paulo;-23.625184;-46.731973;58.0;1;2.0;FLAT;2.719;3.288
Alameda Jauaperi;Moema;São Paulo;-23.605766;-46.667826;37.0;1;1.0;FLAT;2.01;2.9
Rua Alvorada;Vila Olímpia;São Paulo;-23.599765;-46.682968;55.0;1;1.0;FLAT;2.9;4.06
Avenida Rouxinol;Moema;São Paulo;-23.60173;-46.672669;45.0;1;1.0;FLAT;1.8;2.7
Rua Frei Caneca;Jardins;São Paulo;-23.556718;-46.657295;50.0;1;1.0;FLAT;4.2;4.7
Rua dos Franceses;Bela Vista;São Paulo;-23.561054;-46.647704;42.0;1;1.0;FLAT;1.68;2.85
Rua Manuel Guedes;Itaim Bibi;São Paulo;-23.583063;-46.67966;45.0;1;1.0;FLAT;2.8;3.7
Rua Juquis;Moema;São Paulo;-23.609091;-46.665513;47.0;1;1.0;FLAT;2.34;3.24
Rua Joinville;Paraíso;São Paulo;-23.579;-46.652686;35.0;1;0.0;FLAT;1.3;2.8
Rua Gararu;Vila Nova Conceição;São Paulo;-23.596358;-46.669013;46.0;1;1.0;FLAT;2.5;3.4
Rua Batataes;Jardim Paulista;São Paulo;-23.570935;-46.656677;43.0;1;1.0;FLAT;3.5;3.5
Rua Castilho;Brooklin;São Paulo;-23.613813;-46.690876;45.0;1;1.0;FLAT;3.294;3.9
Rua Luís Coelho;Bela Vista;São Paulo;-23.557171;-46.658292;48.0;1;1.0;FLAT;2.454;3.341
Alameda Casa Branca;Jardins;São Paulo;-23.564735;-46.657555;43.0;1;1.0;FLAT;1.8;2.9
Alameda Lorena;Jardim Paulista;São Paulo;-23.561649;-46.668029;42.0;1;1.0;FLAT;3.1;4.0
Alameda Franca;Jardim Paulista;São Paulo;-23.559715;-46.666481;45.0;1;1.0;FLAT;2.61;3.915
Rua Hans Oersted;Brooklin;São Paulo;-23.608927;-46.695423;45.0;1;1.0;FLAT;2.4;3.3
Rua Herculano de Freitas;Bela Vista;São Paulo;-23.555716;-46.653766;32.0;1;1.0;FLAT;1.574;2.174
Rua Professor Atílio Innocenti;Vila Nova Conceição;São Paulo;-23.595426;-46.678519;42.0;1;1.0;FLAT;3.3;4.4
Rua Galvão Bueno;Sé;São Paulo;-23.561818;-46.634984;40.0;1;1.0;FLAT;2.23;2.9
Avenida Bosque da Saúde;Saúde;São Paulo;-23.611435;-46.630549;41.0;1;1.0;FLAT;1.652;2.855
Alameda dos Jurupis;Moema;São Paulo;-23.605609;-46.661358;70.0;2;2.0;FLAT;4.2;5.26
Rua Padre João Manuel;Cerqueira César;São Paulo;-23.560222;-46.660911;48.0;1;1.0;FLAT;6.0;6.96
Rua Pedroso Alvarenga;Itaim Bibi;São Paulo;-23.581298;-46.675596;32.0;1;1.0;FLAT;1.92;3.02
Rua Bela Cintra;Jardins;São Paulo;-23.553723;-46.65724;45.0;1;1.0;FLAT;3.5;4.6
Avenida Santo Amaro;Campo Belo;São Paulo;-23.620011;-46.682551;36.0;1;0.0;FLAT;2.5;3.2
Rua Manuel Guedes;Itaim Bibi;São Paulo;-23.582801;-46.679666;75.0;2;2.0;FLAT;5.0;6.5
Alameda Campinas;Jardim Paulista;São Paulo;-23.567771;-46.655062;38.0;1;1.0;FLAT;2.9;2.9
Rua Gomes de Carvalho;Vila Olímpia;São Paulo;-23.598371;-46.683236;34.0;1;1.0;APARTMENT;1.3;2.6
Avenida Rouxinol;Indianópolis;São Paulo;-23.604204;-46.669427;42.0;1;1.0;FLAT;2.8;3.75
Alameda Lorena;Jardins;São Paulo;-23.566379;-46.663669;50.0;1;1.0;FLAT;2.82;3.82
Rua Elvira Ferraz;Vila Olímpia;São Paulo;-23.594348;-46.68189;42.0;1;1.0;FLAT;5.7;5.7
Alameda Ministro Rocha Azevedo;Jardins;São Paulo;-23.562039;-46.660474;45.0;1;1.0;FLAT;3.965;5.165
Alameda Campinas;Jardins;São Paulo;-23.566084;-46.653772;38.0;1;1.0;FLAT;2.82;3.62
Avenida Macuco;Moema;São Paulo;-23.604307;-46.665387;33.0;1;1.0;FLAT;1.7;1.7
Rua Augusta;Bela Vista;São Paulo;-23.553094;-46.654351;41.0;1;1.0;FLAT;3.6;4.2
Rua Henrique Fausto Lancellotti;Nova Piraju;São Paulo;-23.628306;-46.663658;50.0;1;1.0;FLAT;3.3;3.3
Avenida Ibijaú;Moema;São Paulo;-23.6062;-46.665553;37.0;1;1.0;FLAT;2.087;2.407
Rua Cristiano Viana;Jardins;São Paulo;-23.558943;-46.677791;40.0;1;1.0;FLAT;2.5;3.4
Avenida Jurema;Moema;São Paulo;-23.606715;-46.661444;66.0;2;1.0;FLAT;4.6;5.5
Rua Professor Atílio Innocenti;Vila Olímpia;São Paulo;-23.595426;-46.678519;41.0;1;1.0;FLAT;2.82;3.82
Alameda Campinas;Jardins;São Paulo;-23.567249;-46.65416;32.0;1;1.0;FLAT;1.96;2.61
Rua Natingui;Vila Madalena;São Paulo;-23.554172;-46.697362;35.0;1;1.0;FLAT;2.8;3.25
Rua Doutor João Clímaco Pereira;Vila Olímpia;São Paulo;-23.589856;-46.673156;38.0;1;1.0;FLAT;2.5;3.4
Rua Borges de Figueiredo;Móoca;São Paulo;-23.55772;-46.60711;50.0;1;1.0;FLAT;1.95;2.93
Rua Doutor Chibata Miyakoshi;Morumbi;São Paulo;-23.626456;-46.723043;40.0;1;1.0;FLAT;1.469;2.6
Rua Tuim;Moema;São Paulo;-23.598459;-46.666963;32.0;1;1.0;FLAT;2.341;3.021
Rua Doutor Olavo Egídio;Santana;São Paulo;-23.500256;-46.621723;55.0;1;1.0;FLAT;3.03;3.03
Rua Dona Teresa;Consolação;São Paulo;-23.554802;-46.657568;48.0;1;1.0;FLAT;2.75;3.6
Alameda Jaú;Jardins;São Paulo;-23.559149;-46.662101;37.0;1;1.0;FLAT;2.4;3.4
Rua Sampaio Viana;Paraíso;São Paulo;-23.574324;-46.647806;60.0;2;2.0;APARTMENT;4.0;4.0
Rua Suzano;Itaim Bibi;São Paulo;-23.578678;-46.670419;72.0;1;1.0;FLAT;6.1;7.2
Rua Casa do Ator;Vila Olímpia;São Paulo;-23.597916;-46.6814;42.0;1;1.0;FLAT;3.3;4.2
Rua Batataes;Cerqueira César;São Paulo;-23.572295;-46.654957;38.0;1;1.0;FLAT;3.16;3.86
Rua Capote Valente;Pinheiros;São Paulo;-23.559228;-46.674205;42.0;1;1.0;FLAT;4.1;5.2
Rua Borges Lagoa;Vila Clementino;São Paulo;-23.597017;-46.648352;27.0;1;1.0;FLAT;2.3;3.447
Rua Batataes;Jardim Paulista;São Paulo;-23.572178;-46.655732;60.0;2;2.0;FLAT;4.0;5.0
Rua Diogo Jacome;Vila Nova Conceição;São Paulo;-23.596846;-46.668007;78.0;1;2.0;FLAT;8.2;10.5
Alameda Campinas;Jardim Paulista;São Paulo;-23.567249;-46.65416;32.0;1;1.0;FLAT;3.1;3.1
Rua Funchal;Vila Olímpia;São Paulo;-23.592855;-46.687698;33.0;1;1.0;FLAT;2.188;3.089
Alameda Ministro Rocha Azevedo;Jardim Paulista;São Paulo;-23.56347;-46.661571;87.0;1;1.0;FLAT;4.0;4.8
Alameda Campinas;Jardim Paulista;São Paulo;-23.567363;-46.654887;65.0;1;1.0;FLAT;4.5;4.5
Rua Sansão Alves dos Santos;Cidade Monções;São Paulo;-23.605052;-46.694758;55.0;1;1.0;FLAT;4.5;5.548
Rua Joel Carlos Borges;Cidade Monções;São Paulo;-23.605379;-46.69548;40.0;1;1.0;FLAT;3.0;3.0
Rua Professor Carlos de Carvalho;Itaim Bibi;São Paulo;-23.583418;-46.679981;33.0;1;1.0;FLAT;2.6;3.4
Rua Jacques Félix;Vila Nova Conceição;São Paulo;-23.591116;-46.671476;44.0;1;1.0;FLAT;2.44;3.5
Alameda Jaú;Jardins;São Paulo;-23.567018;-46.653315;45.0;1;1.0;FLAT;3.3;3.3
Rua Sansão Alves dos Santos;Cidade Monções;São Paulo;-23.606685;-46.695021;45.0;1;1.0;FLAT;3.22;4.31
Rua Barata Ribeiro;Bela Vista;São Paulo;-23.556485;-46.652356;36.0;1;1.0;FLAT;3.05;3.05
Rua Américo Brasiliense;Chácara Santo Antônio;São Paulo;-23.628851;-46.706877;28.0;1;1.0;FLAT;2.21;2.61
Rua Afonso Braz;Vila Nova Conceição;São Paulo;-23.59496;-46.671224;42.0;1;1.0;FLAT;1.7;2.9
Alameda dos Jurupis;Moema;São Paulo;-23.607287;-46.662713;74.0;2;1.0;FLAT;3.54;4.455
Rua Diogo Jacome;Moema;São Paulo;-23.59679;-46.667518;78.0;1;1.0;FLAT;8.803;10.708
Rua dos Franceses;Bela Vista;São Paulo;-23.558344;-46.647675;42.0;1;1.0;FLAT;1.8;3.0
Rua Doutor Olavo Egídio;Santana;São Paulo;-23.500174;-46.624044;32.0;1;1.0;FLAT;1.6;2.5
Rua Turiassu;Perdizes;São Paulo;-23.52823;-46.680031;36.0;1;1.0;FLAT;2.0;2.9
Rua Teodoro Sampaio;Pinheiros;São Paulo;-23.556283;-46.675513;45.0;1;1.0;FLAT;2.6;3.5
Rua Doutor Diogo de Faria;Vila Mariana;São Paulo;-23.59566;-46.648432;35.0;1;1.0;FLAT;2.3;3.1
Rua Santa Justina;Vila Olímpia;São Paulo;-23.594627;-46.674947;31.0;1;1.0;FLAT;3.2;3.2
Avenida Miruna;Moema;São Paulo;-23.61314;-46.663886;40.0;1;1.0;FLAT;2.9;3.8
Avenida Miruna;Indianópolis;São Paulo;-23.615788;-46.66016;38.0;1;1.0;FLAT;2.8;3.55
Rua Jean Peltier;Cidade Monções;São Paulo;-23.612303;-46.696303;60.0;1;1.0;FLAT;5.0;5.9
Rua Haddock Lobo;Jardim América;São Paulo;-23.55945;-46.663025;38.0;1;1.0;FLAT;3.5;4.36
Rua Franz Schubert;Itaim Bibi;São Paulo;-23.584341;-46.689364;42.0;1;1.0;FLAT;2.27;3.36
Rua Rodrigues Barbosa;Jardim Anália Franco;São Paulo;-23.553943;-46.572458;38.0;1;0.0;FLAT;1.2;1.2
Rua Doutor Melo Alves;Jardins;São Paulo;-23.558806;-46.667941;38.0;1;1.0;FLAT;1.69;2.9
Alameda Jaú;Jardins;São Paulo;-23.568956;-46.652031;42.0;1;1.0;FLAT;3.5;3.5
Rua Batataes;Jardins;São Paulo;-23.572295;-46.654957;37.0;1;1.0;FLAT;3.58;4.38
Rua Professor Atílio Innocenti;Vila Nova Conceição;São Paulo;-23.591239;-46.680141;41.0;1;1.0;FLAT;4.5;5.85
Rua Palestra Itália;Perdizes;São Paulo;-23.528249;-46.680162;37.0;1;1.0;FLAT;2.43;3.3
Rua Pamplona;Jardim Paulista;São Paulo;-23.559417;-46.651506;33.0;1;1.0;FLAT;3.2;3.2
Rua Ribeiro do Vale;Brooklin;São Paulo;-23.614487;-46.689066;60.0;2;2.0;FLAT;5.2;6.5
Rua Barbosa Machado;Butantã;São Paulo;-23.571074;-46.741928;17.0;1;0.0;APARTMENT;1.0;1.0
Alameda Ministro Rocha Azevedo;Jardins;São Paulo;-23.558265;-46.656668;55.0;1;1.0;FLAT;4.6;5.2
Alameda dos Jurupis;Moema;São Paulo;-23.608591;-46.663543;75.0;2;7.0;FLAT;2.075;3.47
Avenida Cidade Jardim;Itaim Bibi;São Paulo;-23.581228;-46.684134;40.0;1;1.0;FLAT;2.9;4.1
Rua Bandeira Paulista;Itaim Bibi;São Paulo;-23.586357;-46.67495;42.0;1;1.0;FLAT;3.15;4.5
Passagem Franca;Jardins;São Paulo;-23.564771;-46.65962;45.0;1;1.0;FLAT;2.912;2.912
Avenida Ibirapuera;Moema;São Paulo;-23.605589;-46.664704;32.0;1;1.0;FLAT;3.2;3.2
Rua Nova Cidade;Vila Olímpia;São Paulo;-23.59794;-46.679593;95.0;1;0.0;FLAT;8.0;9.859
Rua Joel Carlos Borges;Brooklin;São Paulo;-23.605379;-46.69548;48.0;1;1.0;FLAT;2.8;2.8
Rua Sansão Alves dos Santos;Brooklin;São Paulo;-23.604035;-46.69431;48.0;1;1.0;FLAT;3.9;4.6
Rua Haddock Lobo;Jardins;São Paulo;-23.559118;-46.663276;45.0;1;1.0;FLAT;3.2;4.2
Rua Haddock Lobo;Jardins;São Paulo;-23.559796;-46.663374;42.0;1;1.0;FLAT;2.5;4.0
Alameda dos Jurupis;Moema;São Paulo;-23.606645;-46.662111;74.0;2;1.0;FLAT;4.74;5.655
Alameda Franca;Jardins;São Paulo;-23.564771;-46.65962;65.0;2;2.0;FLAT;4.375;5.5
Avenida Rio Branco;Centro;São Paulo;-23.529884;-46.646886;32.0;1;1.0;FLAT;1.32;2.12
Rua Leopoldo Couto de Magalhães Júnior;Itaim Bibi;São Paulo;-23.587409;-46.678416;75.0;2;2.0;FLAT;4.4;5.65
Rua Capote Valente;Pinheiros;São Paulo;-23.559459;-46.674419;52.0;1;1.0;FLAT;4.14;5.22
Rua Padre João Manuel;Jardins;São Paulo;-23.560222;-46.660911;40.0;1;1.0;FLAT;1.9;3.4
Rua Funchal;Vila Olímpia;São Paulo;-23.594683;-46.689614;66.0;1;1.0;FLAT;3.9;5.2
Rua Aleixo García;Itaim Bibi;São Paulo;-23.596735;-46.677114;70.0;1;1.0;FLAT;4.8;6.0
Alameda Jaú;Jardins;São Paulo;-23.559659;-46.662663;40.0;1;1.0;FLAT;2.2;3.5
Rua Vieira de Morais;Campo Belo;São Paulo;-23.627231;-46.664763;29.0;1;1.0;FLAT;2.2;2.8
Avenida Rio Branco;Bom Retiro;São Paulo;-23.529884;-46.646886;32.0;1;1.0;FLAT;1.1;1.9
Avenida Doutor Cardoso de Melo;Vila Olímpia;São Paulo;-23.599891;-46.682192;36.0;1;1.0;FLAT;3.7;4.4
Rua Ministro Godói;Perdizes;São Paulo;-23.538847;-46.672563;40.0;1;1.0;FLAT;2.95;3.55
Rua Itapeva;Consolação;São Paulo;-23.561117;-46.654109;48.0;1;1.0;FLAT;2.55;3.6
Rua Doutor Chibata Miyakoshi;Paraíso do Morumbi;São Paulo;-23.626456;-46.723043;40.0;1;1.0;FLAT;1.48;2.46
Rua Balthazar da Veiga;Vila Nova Conceição;São Paulo;-23.593758;-46.672116;34.0;1;1.0;FLAT;2.5;3.2
Rua Capote Valente;Pinheiros;São Paulo;-23.557283;-46.675726;36.0;1;1.0;FLAT;3.0;3.0
Rua Ministro Nelson Hungria;Morumbi;São Paulo;-23.612519;-46.703539;58.0;1;1.0;FLAT;3.0;3.9
Rua Urussuí;Itaim Bibi;São Paulo;-23.585147;-46.676656;42.0;1;1.0;FLAT;4.3;5.88
Rua Oscar Freire;Pinheiros;São Paulo;-23.555272;-46.675187;32.0;1;1.0;FLAT;2.0;3.0
Rua da Consolação;Consolação;São Paulo;-23.560033;-46.667008;31.0;1;1.0;FLAT;3.3;3.3
Rua Cristiano Viana;Jardim Paulista;São Paulo;-23.558943;-46.677791;40.0;1;1.0;FLAT;2.25;3.05
Rua Susano;Jardins;São Paulo;-23.578678;-46.670419;84.0;2;1.0;FLAT;8.0;9.15
Rua Carlos Sampaio;Bela Vista;São Paulo;-23.566898;-46.645177;46.0;1;1.0;FLAT;3.7;3.7
Avenida Miruna;Moema;São Paulo;-23.613204;-46.663074;35.0;1;1.0;FLAT;1.989;2.7
Rua Bela Cintra;Consolação;São Paulo;-23.554764;-46.659949;50.0;2;1.0;FLAT;4.3;4.3
Rua Joaquim Floriano;Itaim Bibi;São Paulo;-23.584395;-46.675079;48.0;1;1.0;FLAT;5.0;5.0
Avenida Macuco;Moema;São Paulo;-23.604513;-46.665289;31.0;1;1.0;FLAT;3.1;3.1
Rua Pintassilgo;Indianópolis;São Paulo;-23.603777;-46.6734;45.0;1;1.0;FLAT;2.7;3.575
Rua João Cachoeira;Itaim Bibi;São Paulo;-23.58107;-46.678472;30.0;1;1.0;FLAT;3.44;3.618
Rua Guarará;Jardins;São Paulo;-23.571703;-46.66017;32.0;1;1.0;FLAT;1.9;2.8
Avenida Nossa Senhora da Assunção;Butantã;São Paulo;-23.568073;-46.746324;16.0;1;0.0;APARTMENT;850.0;850.0
Rua Batataes;Jardins;São Paulo;-23.572178;-46.655732;60.0;2;2.0;FLAT;3.15;4.35
Rua Afonso Braz;Vila Nova Conceição;São Paulo;-23.594926;-46.671504;35.0;1;1.0;FLAT;2.005;3.105
Rua Sansão Alves dos Santos;Brooklin;São Paulo;-23.603688;-46.694187;55.0;2;1.0;FLAT;3.5;4.7
Rua Doutor Paschoal Imperatriz;Brooklin;São Paulo;-23.620911;-46.695992;74.0;2;0.0;FLAT;5.0;6.3
Praça Dom Gastão Liberal Pinto;Itaim Bibi;São Paulo;-23.584273;-46.67;60.0;1;1.0;FLAT;2.9;4.3
Rua Batataes;Jardins;São Paulo;-23.569192;-46.65799;40.0;1;1.0;FLAT;4.0;4.9
Rua Nazira Carone;Jardim Ampliação;São Paulo;-23.624392;-46.730811;40.0;1;1.0;FLAT;2.5;3.36
Rua Pintassilgo;Vila Uberabinha;São Paulo;-23.603777;-46.6734;45.0;1;1.0;FLAT;2.3;3.922
Rua Guarará;Jardim Paulista;São Paulo;-23.574221;-46.656649;55.0;1;1.0;FLAT;2.5;3.7
Alameda Joaquim Eugênio de Lima;Jardim Paulista;São Paulo;-23.569376;-46.654062;45.0;1;1.0;FLAT;3.5;4.85
Alameda Ministro Rocha Azevedo;Jardins;São Paulo;-23.562626;-46.660158;75.0;2;1.0;FLAT;8.0;10.25
Rua Joinville;Vila Mariana;São Paulo;-23.578944;-46.652734;40.0;1;1.0;FLAT;2.83;3.67
Alameda Ministro Rocha Azevedo;Consolação;São Paulo;-23.558265;-46.656668;55.0;1;1.0;FLAT;4.2;5.017
Rua Maranhão;Higienópolis;São Paulo;-23.54518;-46.656241;28.0;1;0.0;FLAT;1.3;3.3
Rua Ministro Godói;Perdizes;São Paulo;-23.537031;-46.67131;30.0;1;1.0;FLAT;1.9;2.7
Rua Paula Ney;Vila Mariana;São Paulo;-23.57849;-46.635167;37.0;1;1.0;FLAT;2.8;3.45
Rua Vitoantônio Del Vecchio;Água Rasa;São Paulo;-23.574307;-46.592348;45.0;1;1.0;FLAT;2.155;3.075
Alameda Santos;Jardins;São Paulo;-23.566533;-46.652598;42.0;1;1.0;FLAT;2.15;3.25
Rua Quintana;Brooklin;São Paulo;-23.602061;-46.692974;28.0;1;11.0;FLAT;2.8;2.8
Rua Franz Schubert;Jardins;São Paulo;-23.584341;-46.689364;35.0;1;1.0;FLAT;2.2;3.3
Rua Pedroso Alvarenga;Itaim Bibi;São Paulo;-23.582249;-46.680942;70.0;2;2.0;FLAT;5.45;7.25
Rua Sansão Alves dos Santos;Brooklin;São Paulo;-23.605052;-46.694758;138.0;2;2.0;FLAT;7.5;8.541
Rua Pamplona;Bela Vista;São Paulo;-23.559424;-46.651413;30.0;1;1.0;FLAT;2.1;3.3
Rua Augusta;Consolação;São Paulo;-23.553975;-46.655794;24.0;1;1.0;FLAT;2.8;2.8
Alameda Campinas;Jardins;São Paulo;-23.566941;-46.654504;35.0;1;1.0;FLAT;1.854;2.954
Rua Urussuí;Itaim Bibi;São Paulo;-23.58414;-46.677187;40.0;1;1.0;FLAT;4.6;4.6
Avenida Rangel Pestana;Brás;São Paulo;-23.54646;-46.623518;30.0;1;1.0;FLAT;2.53;3.03
Rua Nazira Carone;Morumbi;São Paulo;-23.624295;-46.730697;42.0;1;1.0;FLAT;1.306;2.198
Rua Guarará;Jardins;São Paulo;-23.574221;-46.656649;65.0;2;1.0;FLAT;3.05;4.45
Rua Frei Caneca;Jardins;São Paulo;-23.551465;-46.648943;28.0;1;1.0;FLAT;2.45;2.8
Alameda dos Anapurus;Moema;São Paulo;-23.612739;-46.662873;35.0;1;1.0;FLAT;1.6;3.28
Rua Campos Bicudo;Itaim Bibi;São Paulo;-23.581401;-46.682579;40.0;1;1.0;FLAT;2.5;3.8
Rua Coronel Joaquim Ferreira Lobo;Itaim Bibi;São Paulo;-23.593657;-46.682495;38.0;1;1.0;FLAT;3.97;4.77
Alameda Lorena;Jardim Paulista;São Paulo;-23.566304;-46.663203;40.0;1;1.0;FLAT;4.8;7.1
Alameda Lorena;Jardim Paulista;São Paulo;-23.57126;-46.65778;48.0;1;1.0;FLAT;2.5;3.4
Rua Henrique Fausto Lancellotti;Campo Belo;São Paulo;-23.628306;-46.663658;29.0;1;1.0;FLAT;2.479;2.999
Rua Pamplona;Jardim Paulista;São Paulo;-23.565869;-46.655712;57.0;1;0.0;FLAT;4.1;5.05
Rua Indiana;Brooklin;São Paulo;-23.608025;-46.688097;33.0;1;1.0;FLAT;2.0;2.9
Avenida Ibirapuera;Moema;São Paulo;-23.608592;-46.666276;30.0;1;1.0;FLAT;3.1;3.1
Rua Maestro Cardim;Bela Vista;São Paulo;-23.564562;-46.64109;28.0;1;1.0;FLAT;1.38;2.68
Rua Maestro Cardim;Paraíso;São Paulo;-23.564562;-46.64109;28.0;1;1.0;FLAT;2.018;2.62
Rua Vergueiro;Paraíso;São Paulo;-23.576893;-46.640531;38.0;1;1.0;FLAT;3.4;3.4
Rua Vergueiro;Vila Mariana;São Paulo;-23.576893;-46.640531;38.0;1;1.0;FLAT;3.4;3.4
Avenida Santo Amaro;Moema;São Paulo;-23.612178;-46.677438;34.0;1;1.0;FLAT;3.6;3.6
Alameda Jaú;Jardins;São Paulo;-23.560309;-46.661441;100.0;2;1.0;FLAT;4.05;6.25
Rua da Consolação;Jardim Paulista;São Paulo;-23.560033;-46.667008;30.0;1;1.0;FLAT;2.2;3.1
Praça Roquete Pinto;Butantã;São Paulo;-23.558581;-46.698824;95.0;2;2.0;FLAT;6.0;12.0
Rua Martiniano de Carvalho;Bela Vista;São Paulo;-23.566787;-46.643543;120.0;3;1.0;FLAT;6.5;6.5
Rua Doutor Eduardo de Souza Aranha;Vila Olímpia;São Paulo;-23.588195;-46.672108;45.0;1;1.0;FLAT;3.5;4.5
Rua Martiniano de Carvalho;Bela Vista;São Paulo;-23.565749;-46.642474;56.0;2;1.0;FLAT;3.65;5.05
Rua José Maria Lisboa;Jardim Paulista;São Paulo;-23.56871;-46.657684;59.0;1;1.0;FLAT;4.5;5.4
Rua Major Diogo;Bela Vista;São Paulo;-23.551376;-46.643217;35.0;1;1.0;FLAT;2.379;3.0
Rua Doutor Diogo de Faria;Vila Clementino;São Paulo;-23.59566;-46.648432;35.0;1;1.0;FLAT;2.085;3.185
Rua Diogo Jacome;Moema;São Paulo;-23.596846;-46.668007;48.0;1;1.0;FLAT;5.5;6.55
Rua Cardeal Arcoverde;Pinheiros;São Paulo;-23.556998;-46.68078;100.0;2;1.0;FLAT;3.749;4.892
Rua Franz Schubert;Jardim Europa;São Paulo;-23.584341;-46.689364;35.0;1;1.0;FLAT;2.5;3.5
Rua Bela Cintra;Bela Vista;São Paulo;-23.553723;-46.65724;52.0;1;1.0;FLAT;2.9;4.0
Rua Guararapes;Brooklin;São Paulo;-23.603241;-46.693317;40.0;1;1.0;FLAT;2.1;3.5
Rua Balthazar da Veiga;Vila Nova Conceição;São Paulo;-23.593798;-46.67208;45.0;1;1.0;FLAT;4.2;5.55
Avenida Sabiá;Moema;São Paulo;-23.602932;-46.662039;32.0;1;1.0;FLAT;1.8;2.7
Rua Amauri;Chacara Itaim;São Paulo;-23.582516;-46.684941;42.0;1;1.0;FLAT;7.0;8.42
Rua Campos Bicudo;Itaim Bibi;São Paulo;-23.581102;-46.682419;45.0;1;1.0;FLAT;4.0;5.65
Rua Bela Cintra;Consolação;São Paulo;-23.552813;-46.656936;28.0;1;1.0;FLAT;2.13;2.7
Rua Bandeira Paulista;Itaim Bibi;São Paulo;-23.584439;-46.675938;38.0;1;1.0;FLAT;2.6;3.7
Rua Herculano de Freitas;Bela Vista;São Paulo;-23.555903;-46.653807;37.0;1;1.0;FLAT;1.66;2.66
Rua Salto;Paraíso;São Paulo;-23.575498;-46.656466;31.0;1;1.0;FLAT;2.1;3.0
Rua Joinville;Paraíso;São Paulo;-23.578944;-46.652734;42.0;1;1.0;FLAT;1.933;3.253
Alameda Lorena;Jardim América;São Paulo;-23.561649;-46.668029;42.0;1;1.0;FLAT;4.2;5.522
Alameda Lorena;Jardins;São Paulo;-23.570816;-46.658971;28.0;1;1.0;FLAT;2.518;2.957
Rua Amália de Noronha;Pinheiros;São Paulo;-23.553455;-46.682343;127.0;2;2.0;FLAT;7.0;7.0
Avenida Engenheiro Heitor Antônio Eiras Garcia;Butantã;São Paulo;-23.573713;-46.737261;14.0;1;0.0;APARTMENT;1.0;1.0
Rua Roque Petrella;Brooklin;São Paulo;-23.621613;-46.685034;37.0;1;1.0;FLAT;2.4;3.5
Alameda Campinas;Jardins;São Paulo;-23.570838;-46.657691;32.0;1;1.0;FLAT;700.0;2.49
Rua Martiniano de Carvalho;Bela Vista;São Paulo;-23.564236;-46.642213;75.0;2;2.0;FLAT;4.3;5.8
Rua Amauri;Itaim Bibi;São Paulo;-23.582516;-46.684941;45.0;1;1.0;FLAT;3.3;5.0
Rua Tenente Negrão;Itaim Bibi;São Paulo;-23.584894;-46.672655;36.0;1;1.0;FLAT;2.86;3.96
Rua Batataes;Jardim Paulista;São Paulo;-23.571884;-46.655555;55.0;2;1.0;FLAT;3.771;5.381
Rua Leôncio de Carvalho;Paraíso;São Paulo;-23.571934;-46.646814;63.0;1;2.0;FLAT;5.5;5.501
Rua Turiassu;Perdizes;São Paulo;-23.532765;-46.670508;28.0;1;1.0;FLAT;3.5;3.5
Rua Doutor Melo Alves;Cerqueira César;São Paulo;-23.558806;-46.667941;40.0;1;1.0;FLAT;2.0;3.3
Alameda Campinas;Jardins;São Paulo;-23.563334;-46.650572;37.0;1;1.0;FLAT;2.9;3.7
Rua Salto;Jardins;São Paulo;-23.575498;-46.656466;31.0;1;1.0;FLAT;2.0;2.9
Rua Sena Madureira;Vila Mariana;São Paulo;-23.593238;-46.647701;29.0;1;1.0;FLAT;2.9;2.9
Rua Haddock Lobo;Jardins;São Paulo;-23.55459;-46.658268;40.0;1;1.0;FLAT;2.0;4.0
Alameda Jaú;Jardim Paulista;São Paulo;-23.56709;-46.653991;45.0;1;1.0;FLAT;3.3;4.35
Alameda Jaú;Jardim Paulista;São Paulo;-23.559149;-46.662101;35.0;1;1.0;FLAT;2.0;3.3
Alameda Ministro Rocha Azevedo;Jardins;São Paulo;-23.562464;-46.660714;41.0;1;1.0;FLAT;2.11;3.78
Rua Luís Coelho;Consolação;São Paulo;-23.557171;-46.658292;48.0;1;1.0;FLAT;2.355;3.354
Rua Batataes;Jardim Paulista;São Paulo;-23.570996;-46.656525;40.0;1;1.0;FLAT;4.0;4.7
Rua Borges Lagoa;Vila Mariana;São Paulo;-23.597013;-46.648368;28.0;1;1.0;FLAT;2.8;2.8
Rua Altinópolis;Água Fria;São Paulo;-23.481917;-46.620613;47.0;1;1.0;FLAT;2.25;3.45
Rua José Maria Lisboa;Jardins;São Paulo;-23.565737;-46.660257;120.0;2;2.0;FLAT;6.6;11.6
Rua Professor Carlos de Carvalho;Itaim Bibi;São Paulo;-23.582659;-46.68018;33.0;1;1.0;FLAT;700.0;2.95
Alameda Jaú;Jardins;São Paulo;-23.573415;-46.672948;60.0;1;1.0;FLAT;3.02;4.14
Alameda Jaú;Jardins;São Paulo;-23.567487;-46.653025;70.0;2;2.0;FLAT;5.0;6.2
Rua Diogo Jacome;Vila Nova Conceição;São Paulo;-23.596147;-46.66758;150.0;2;2.0;FLAT;17.8;19.45
Rua Itapeva;Bela Vista;São Paulo;-23.559805;-46.653058;48.0;1;1.0;FLAT;4.0;5.35
Rua Ribeiro do Vale;Brooklin;São Paulo;-23.614219;-46.689005;60.0;2;1.0;FLAT;6.5;8.0
Rua Bela Cintra;Consolação;São Paulo;-23.553519;-46.659003;28.0;1;1.0;FLAT;1.9;2.7
Avenida Rouxinol;Moema;São Paulo;-23.600609;-46.673503;28.0;1;1.0;APARTMENT;1.1;2.6
Rua Hans Oersted;Brooklin;São Paulo;-23.608867;-46.695361;31.0;1;1.0;FLAT;2.0;2.9
Avenida das Nações Unidas;Centro;São Paulo;-23.690187;-46.562275;40.0;1;1.0;FLAT;930.0;1.93
Rua Maestro Carlos Cruz;Butantã;São Paulo;-23.571187;-46.725352;18.0;1;0.0;APARTMENT;1.0;1.0
Rua Coronel Artur de Paula Ferreira;Vila Nova Conceição;São Paulo;-23.596261;-46.669804;36.0;1;1.0;FLAT;2.677;3.517
Alameda Jaú;Jardins;São Paulo;-23.567039;-46.653336;42.0;1;1.0;FLAT;2.6;3.7
Praça Roquete Pinto;Pinheiros;São Paulo;-23.558581;-46.698824;95.0;2;2.0;FLAT;6.0;12.0
Rua Balthazar da Veiga;Vila Nova Conceição;São Paulo;-23.593804;-46.672113;65.0;2;2.0;FLAT;4.0;5.8
Rua Jerônimo da Veiga;Bela Vista;São Paulo;-23.581576;-46.681624;60.0;1;2.0;FLAT;7.0;7.0
Rua Jesuíno Arruda;Itaim Bibi;São Paulo;-23.582791;-46.678248;35.0;1;1.0;FLAT;2.12;3.32
Alameda Lorena;Jardins;São Paulo;-23.57126;-46.65778;30.0;1;1.0;FLAT;2.6;3.4
Rua Elvira Ferraz;Itaim Bibi;São Paulo;-23.594348;-46.68189;45.0;1;1.0;FLAT;5.584;6.764
Avenida Moema;Planalto Paulista;São Paulo;-23.604105;-46.658718;52.0;1;1.0;FLAT;3.2;4.333
Rua Sena Madureira;Ibirapuera;São Paulo;-23.593238;-46.647701;28.0;1;1.0;FLAT;1.4;2.6
Rua Rocha;Bela Vista;São Paulo;-23.555405;-46.645643;35.0;1;0.0;FLAT;1.8;2.8
Rua Sampaio Viana;Paraíso;São Paulo;-23.574351;-46.647741;65.0;2;1.0;FLAT;4.5;6.6
Rua Guarará;Jardim Paulista;São Paulo;-23.571703;-46.66017;34.0;1;1.0;FLAT;3.14;4.44
Rua Pedroso Alvarenga;Jardim Paulista;São Paulo;-23.581759;-46.678231;40.0;1;1.0;FLAT;4.5;6.0
Alameda Jaú;Jardim Paulista;São Paulo;-23.564878;-46.65634;35.0;1;1.0;FLAT;3.29;3.29
Rua Gararu;Vila Nova Conceição;São Paulo;-23.596441;-46.668957;50.0;1;1.0;APARTMENT;4.2;4.2
Alameda Jaú;Jardim Paulista;São Paulo;-23.567039;-46.653336;48.0;2;1.0;FLAT;3.564;4.714
Rua Bela Cintra;Jardins;São Paulo;-23.553519;-46.659003;31.0;1;1.0;FLAT;1.35;2.77
Rua Ribeiro do Vale;Brooklin;São Paulo;-23.614262;-46.689495;65.0;2;1.0;FLAT;6.47;8.07
Rua Fidêncio Ramos;Higienópolis;São Paulo;-23.594948;-46.687927;28.0;1;0.0;FLAT;800.0;2.8
Rua Alagoas;Higienópolis;São Paulo;-23.545703;-46.659957;42.0;1;1.0;FLAT;6.013;6.023
Rua Manuel Guedes;Jardim Europa;São Paulo;-23.583193;-46.679307;45.0;1;1.0;FLAT;4.3;5.89
Rua Batataes;Jardins;São Paulo;-23.571884;-46.655555;56.0;2;1.0;FLAT;4.071;5.571
Avenida Jandira;Moema;São Paulo;-23.608417;-46.660177;40.0;1;1.0;FLAT;3.5;3.5
Rua Hans Oersted;Brooklin;São Paulo;-23.60892;-46.695379;31.0;1;1.0;FLAT;800.0;2.5
Rua Haddock Lobo;Cerqueira César;São Paulo;-23.559796;-46.663374;42.0;1;1.0;FLAT;2.8;4.2
Rua Santa Justina;Vila Olímpia;São Paulo;-23.59504;-46.674859;28.0;1;1.0;FLAT;3.1;3.1
Rua da Consolação;Jardins;São Paulo;-23.562907;-46.670091;35.0;1;1.0;FLAT;1.747;3.305
Rua Cincinato Braga;Jardins;São Paulo;-23.568173;-46.645887;38.0;1;1.0;FLAT;7.0;7.0
Alameda Lorena;Jardim América;São Paulo;-23.566831;-46.662195;28.0;1;1.0;FLAT;2.6;3.08
Avenida Cidade Jardim;Itaim Bibi;São Paulo;-23.583199;-46.686265;35.0;1;1.0;FLAT;5.9;5.9
Rua Henri Dunant;Chácara Santo Antônio;São Paulo;-23.626323;-46.700928;33.0;1;1.0;FLAT;1.685;3.285
Rua Henrique Fausto Lancellotti;Campo Belo;São Paulo;-23.628264;-46.663602;30.0;1;1.0;FLAT;1.962;3.02
Alameda dos Jurupis;Indianópolis;São Paulo;-23.608591;-46.663543;75.0;2;1.0;FLAT;3.0;4.3
Rua Alagoas;Higienópolis;São Paulo;-23.543903;-46.663087;42.0;1;1.0;FLAT;820.0;2.92
Avenida Ibirapuera;Moema;São Paulo;-23.58988;-46.649169;52.0;1;1.0;FLAT;2.5;3.75
Avenida Cidade Jardim;Itaim Bibi;São Paulo;-23.580956;-46.68372;40.0;1;1.0;FLAT;2.3;3.8
Alameda Casa Branca;Jardim Paulista;São Paulo;-23.566171;-46.660117;42.0;1;1.0;FLAT;3.4;4.6
Rua Vitória;Santa Ifigênia;São Paulo;-23.540578;-46.643449;25.0;1;0.0;FLAT;2.3;2.622
Alameda Campinas;Jardins;São Paulo;-23.567363;-46.654887;65.0;1;1.0;FLAT;2.25;3.75
Avenida Miruna;Indianópolis;São Paulo;-23.613204;-46.663074;36.0;1;1.0;FLAT;2.039;2.75
Alameda Jaú;Jardins;São Paulo;-23.56709;-46.653991;43.0;1;1.0;FLAT;3.8;4.9
Rua Guararapes;Chácara Santo Antônio;São Paulo;-23.603241;-46.693317;50.0;1;1.0;FLAT;2.22;3.22
Rua Bela Cintra;Consolação;São Paulo;-23.558083;-46.663665;38.0;1;1.0;FLAT;2.9;3.9
Rua Ramiro Barcelos;Vila Monte Alegre;São Paulo;-23.630882;-46.639214;15.0;1;0.0;FLAT;850.0;850.0
Avenida Lavandisca;Moema;São Paulo;-23.6013;-46.666408;35.0;1;1.0;FLAT;1.7;3.0
Alameda Ministro Rocha Azevedo;Cerqueira César;São Paulo;-23.562617;-46.660188;40.0;1;1.0;FLAT;2.3;3.8
Rua Gomes de Carvalho;Vila Olímpia;São Paulo;-23.594938;-46.689468;67.0;1;1.0;FLAT;4.8;6.2
Rua Tuim;Vila Uberabinha;São Paulo;-23.598117;-46.667297;44.0;1;1.0;FLAT;2.7;4.0
Rua Vergueiro;Paraíso;São Paulo;-23.585789;-46.63623;23.0;1;1.0;FLAT;800.0;2.7
Rua Haddock Lobo;Jardim Paulista;São Paulo;-23.559796;-46.663374;42.0;1;1.0;FLAT;2.85;4.2
Alameda Lorena;Jardim América;São Paulo;-23.562274;-46.667384;40.0;1;1.0;FLAT;4.2;5.1
Alameda Itu;Jardim Paulista;São Paulo;-23.56316;-46.660088;150.0;2;2.0;FLAT;7.0;7.0
Rua Capote Valente;Pinheiros;São Paulo;-23.557054;-46.675585;30.0;1;1.0;FLAT;1.878;3.068
Rua Sansão Alves dos Santos;Cidade Monções;São Paulo;-23.604081;-46.694948;47.0;1;1.0;FLAT;4.5;5.3
Alameda Lorena;Jardim América;São Paulo;-23.566041;-46.663138;40.0;1;0.0;FLAT;2.32;3.0
Rua Batataes;Jardins;São Paulo;-23.568896;-46.658534;67.0;2;1.0;FLAT;5.32;6.22
Rua Sansão Alves dos Santos;Cidade Monções;São Paulo;-23.603693;-46.694743;64.0;2;1.0;FLAT;3.0;3.957
Rua Cunha Horta;Consolação;São Paulo;-23.546302;-46.648542;60.0;2;2.0;KITNET;1.2;1.2
Avenida Nossa Senhora da Assunção;Butantã;São Paulo;-23.566284;-46.747891;15.0;1;0.0;KITNET;950.0;950.0
Rua Humaitá;Bela Vista;São Paulo;-23.559585;-46.639608;40.0;0;0.0;KITNET;1.0;1.29
Rua Paim;Bela Vista;São Paulo;-23.554397;-46.650583;37.0;1;0.0;KITNET;1.4;1.65
Rua Frei Caneca;Consolação;São Paulo;-23.554565;-46.654901;45.0;0;0.0;KITNET;1.6;1.853
Rua Lisboa;Cerqueira César;São Paulo;-23.559827;-46.679938;29.0;1;1.0;KITNET;2.7;3.0
Rua Pires da Mota;Aclimação;São Paulo;-23.564211;-46.629934;29.0;1;0.0;KITNET;1.2;1.52
Avenida Nove de Julho;Bela Vista;São Paulo;-23.56198;-46.655944;42.0;1;0.0;APARTMENT;1.6;1.95
Avenida General Olímpio da Silveira;Santa Cecília;São Paulo;-23.532134;-46.660244;30.0;1;0.0;KITNET;950.0;1.35
Rua Tenente Otávio Gomes;Aclimação;São Paulo;-23.56353;-46.630894;30.0;1;0.0;KITNET;1.3;1.523
Rua Elízio de Carvalho;Vila Sao Luis;São Paulo;-23.571717;-46.739875;10.0;1;0.0;KITNET;1.0;1.0
Avenida São João;Santa Cecília;São Paulo;-23.535427;-46.652437;35.0;1;0.0;KITNET;750.0;1.1
Rua Azevedo Castro;Butantã;São Paulo;-23.571153;-46.740027;10.0;1;0.0;KITNET;1.1;1.1
Rua Iquiririm;Vila Indiana;São Paulo;-23.571247;-46.723226;10.0;1;0.0;KITNET;1.0;1.0
Avenida Nossa Senhora da Assunção;Butantã;São Paulo;-23.567702;-46.746898;18.0;1;2.0;KITNET;1.1;1.1
Rua Doutor Cesário Mota Júnior;Vila Buarque;São Paulo;-23.546554;-46.649213;28.0;1;0.0;KITNET;1.2;1.533
Rua Alexandre Fuzaro;Jardim Primavera;São Paulo;-23.488024;-46.682202;40.0;1;0.0;KITNET;700.0;700.0
Rua Frei Caneca;Consolação;São Paulo;-23.555451;-46.656484;50.0;1;1.0;KITNET;2.3;3.048
Rua Araguari;Moema;São Paulo;-23.60268;-46.673835;35.0;1;1.0;KITNET;1.5;1.915
Avenida Imperatriz Leopoldina;Vila Leopoldina;São Paulo;-23.530651;-46.730989;40.0;0;1.0;KITNET;1.6;1.874
Avenida Deputado Emílio Carlos;Limão;São Paulo;-23.499977;-46.674467;40.0;1;0.0;KITNET;750.0;750.0
Rua Maestro Carlos Cruz;Vila Indiana;São Paulo;-23.571187;-46.725352;18.0;1;0.0;KITNET;1.0;1.0
Rua Professor Antônio Filgueiras de Lima;Rio Pequeno;São Paulo;-23.566609;-46.749455;10.0;1;0.0;KITNET;1.0;1.0
Rua das Oiticicas;Jabaquara;São Paulo;-23.638961;-46.64902;20.0;1;0.0;KITNET;650.0;650.0
Largo Santa Cecília;Vila Buarque;São Paulo;-23.539143;-46.650095;30.0;1;0.0;KITNET;950.0;1.265
Rua Elízio de Carvalho;Vila Sao Luis;São Paulo;-23.572061;-46.740246;18.0;1;0.0;KITNET;1.0;1.0
Rua Bueno de Andrade;Aclimação;São Paulo;-23.567019;-46.630222;16.0;1;0.0;KITNET;1.15;1.415
Rua Olímpia de Almeida Prado;Santa Cecília;São Paulo;-23.531841;-46.657696;36.0;1;1.0;APARTMENT;2.5;2.95
Rua Frei Inácio da Conceição;Vila Sao Luis;São Paulo;-23.570188;-46.740798;10.0;1;0.0;KITNET;950.0;950.0
Rua Doutor Teodoro Baima;República;São Paulo;-23.546415;-46.64606;28.0;1;0.0;KITNET;965.0;1.24
Avenida Doutor Cardoso de Melo;Vila Olímpia;São Paulo;-23.599794;-46.682201;55.0;1;1.0;KITNET;3.0;3.86
Rua Luís Ferreira de Barros;Vila Universitária;São Paulo;-23.574107;-46.742464;15.0;1;0.0;KITNET;1.0;1.0
Avenida São João;República;São Paulo;-23.540561;-46.643778;36.0;1;0.0;KITNET;1.8;2.15
Rua Ana Cintra;Santa Cecília;São Paulo;-23.538111;-46.648226;27.0;1;0.0;APARTMENT;700.0;986.0
Alameda Eduardo Prado;Campos Eliseos;São Paulo;-23.529242;-46.647434;33.0;1;1.0;APARTMENT;1.0;1.34
Rua André Carnegie;Vila Sao Luis;São Paulo;-23.570856;-46.741475;15.0;1;0.0;KITNET;1.05;1.05
Rua Texas;Vila Olímpia;São Paulo;-23.602599;-46.684352;30.0;1;0.0;KITNET;1.89;2.19
Rua Taguá;Liberdade;São Paulo;-23.562172;-46.636477;35.0;1;1.0;KITNET;1.3;1.721
Rua Álvaro de Carvalho;Bela Vista;São Paulo;-23.54838;-46.64049;38.0;0;0.0;KITNET;1.5;1.992
Praça da República;República;São Paulo;-23.545108;-46.642778;22.0;1;0.0;KITNET;920.0;1.162
Rua dos Andradas;Santa Ifigênia;São Paulo;-23.538694;-46.637787;30.0;1;0.0;KITNET;850.0;1.162
Avenida Nossa Senhora da Assunção;Vila Butantã;São Paulo;-23.56733;-46.747235;18.0;1;0.0;KITNET;1.0;1.0
Rua Major Diogo;Bela Vista;São Paulo;-23.556768;-46.642778;42.0;1;0.0;KITNET;1.4;1.4
Rua Texas;Cidade Monções;São Paulo;-23.602599;-46.684352;30.0;1;0.0;KITNET;1.89;2.19
Rua Frei Inácio da Conceição;Vila Sao Luis;São Paulo;-23.57255;-46.741518;19.0;1;0.0;KITNET;1.0;1.0
Rua Conselheiro Nébias;Campos Eliseos;São Paulo;-23.533113;-46.647574;36.0;1;0.0;APARTMENT;1.1;1.349
Avenida da Liberdade;Liberdade;São Paulo;-23.558966;-46.637282;35.0;1;0.0;APARTMENT;1.2;1.692
Rua Maestro Carlos Cruz;Butantã;São Paulo;-23.572398;-46.725195;10.0;1;0.0;KITNET;1.0;1.0
Rua Dom Bosco;Móoca;São Paulo;-23.555529;-46.616355;25.0;1;0.0;KITNET;1.1;1.1
Avenida Santo Amaro;Brooklin;São Paulo;-23.586005;-46.671231;222.0;2;0.0;APARTMENT;2.222;2.222
Rua Bento Freitas;República;São Paulo;-23.542603;-46.645499;30.0;1;0.0;APARTMENT;850.0;1.15
Rua João Sbarai;Vila Gomes;São Paulo;-23.575974;-46.732135;12.0;1;0.0;KITNET;880.0;880.0
Rua Doutor Maurício de Lacerda;São Judas;São Paulo;-23.626163;-46.637052;50.0;1;0.0;KITNET;1.2;1.2
Rua Cônego José Marinho;Vila Lageado;São Paulo;-23.553335;-46.748477;50.0;2;1.0;KITNET;1.7;2.12
Rua Francisco Shigueki Nomura;Imirim;São Paulo;-23.489177;-46.657417;40.0;1;0.0;APARTMENT;650.0;650.0
Avenida Nhandu;Planalto Paulista;São Paulo;-23.618648;-46.644473;28.0;1;0.0;KITNET;1.18;1.35
Rua Michigan;Brooklin;São Paulo;-23.610535;-46.69134;33.0;1;1.0;APARTMENT;2.5;2.843
Rua Madre Rita Amada de Jesus;Granja Julieta;São Paulo;-23.639049;-46.700721;30.0;1;1.0;KITNET;1.5;1.5
Rua Frei Caneca;Consolação;São Paulo;-23.554752;-46.655126;36.0;1;0.0;KITNET;1.25;1.75
Avenida Santo Amaro;Brooklin;São Paulo;-23.612254;-46.677762;33.0;1;1.0;KITNET;3.5;3.88
Rua Luís Góis;Vila Mariana;São Paulo;-23.603745;-46.648943;30.0;1;0.0;KITNET;1.1;1.95
Rua Guarapuava;Bresser;São Paulo;-23.547192;-46.605692;35.0;1;0.0;KITNET;1.75;2.0
Rua Augusta;Consolação;São Paulo;-23.550128;-46.647446;40.0;1;0.0;KITNET;1.7;2.1
Rua André Carnegie;Butantã;São Paulo;-23.570856;-46.741475;15.0;1;1.0;KITNET;1.0;1.0
Avenida Nossa Senhora da Assunção;Vila Butantã;São Paulo;-23.571867;-46.74349;20.0;1;0.0;KITNET;1.1;1.1
Praça Carlos Gomes;Centro;São Paulo;-23.553148;-46.63543;20.0;0;0.0;APARTMENT;900.0;1.19
Rua Maria Antônia;Consolação;São Paulo;-23.545621;-46.651686;35.0;1;0.0;KITNET;1.5;1.89
Rua Caetano Ruggiero;Vila Butantã;São Paulo;-23.565008;-46.747094;15.0;1;0.0;KITNET;950.0;950.0
Rua Nestor Pestana;Consolação;São Paulo;-23.548366;-46.645164;35.0;1;0.0;KITNET;1.3;1.689
Avenida Nossa Senhora da Assunção;Vila Butantã;São Paulo;-23.567274;-46.74749;22.0;1;0.0;KITNET;950.0;950.0
Avenida Nossa Senhora da Assunção;Butantã;São Paulo;-23.57185;-46.743526;10.0;1;0.0;KITNET;1.0;1.0
Rua São Joaquim;Liberdade;São Paulo;-23.561497;-46.635502;26.0;1;1.0;APARTMENT;1.2;1.5
Rua Dom Lucas Obes;Ipiranga;São Paulo;-23.588898;-46.600504;35.0;1;0.0;KITNET;1.1;1.1
Rua André Carnegie;Butantã;São Paulo;-23.572541;-46.7412;18.0;1;0.0;APARTMENT;900.0;900.0
Rua Rocha;Bela Vista;São Paulo;-23.556752;-46.649687;34.0;1;0.0;APARTMENT;1.0;1.495
Rua Cunha Horta;Vila Buarque;São Paulo;-23.546302;-46.648542;32.0;1;1.0;KITNET;1.65;1.65
Rua Joaquim Távora;Vila Mariana;São Paulo;-23.58265;-46.633781;30.0;1;0.0;KITNET;1.1;1.243
Rua Iquiririm;Vila Gomes;São Paulo;-23.571823;-46.73053;15.0;1;0.0;KITNET;1.1;1.1
Rua Tamandaré;Liberdade;São Paulo;-23.563024;-46.634204;30.0;1;0.0;APARTMENT;900.0;1.304
Rua Serra do Japi;Vila Regente Feijó;São Paulo;-23.54091;-46.570232;40.0;1;1.0;KITNET;2.2;2.73
Rua Enéas de Barros;Penha;São Paulo;-23.521569;-46.533507;30.0;2;0.0;KITNET;1.3;1.32
Rua Rego Freitas;República;São Paulo;-23.546641;-46.646578;36.0;1;0.0;KITNET;1.3;1.65
Rua Amaral Gurgel;Vila Buarque;São Paulo;-23.544392;-46.647709;35.0;1;0.0;KITNET;1.38;1.78
Rua Doutor Chibata Miyakoshi;Panamby;São Paulo;-23.626456;-46.723043;45.0;1;1.0;KITNET;1.65;2.63
Rua Genebra;República;São Paulo;-23.552826;-46.639721;32.0;1;0.0;KITNET;1.564;1.969
Rua João Peres;Vila Ré;São Paulo;-23.535494;-46.486438;38.0;1;0.0;KITNET;900.0;900.0
Alameda Barão de Piracicaba;Campos Eliseos;São Paulo;-23.529302;-46.64637;25.0;1;0.0;KITNET;650.0;1.01
Rua Elízio de Carvalho;Butantã;São Paulo;-23.572061;-46.740246;20.0;1;1.0;KITNET;800.0;800.0
Rua Frei Caneca;Consolação;São Paulo;-23.555078;-46.655822;29.0;0;1.0;KITNET;1.2;1.579
Rua Manoel Dutra;Bela Vista;São Paulo;-23.555531;-46.6476;20.0;1;0.0;KITNET;1.18;1.18
Rua Frederico Abranches;Santa Cecília;São Paulo;-23.540252;-46.649178;34.0;1;0.0;KITNET;1.1;1.427
Rua Amorim Castro;Butantã;São Paulo;-23.572763;-46.739464;18.0;1;0.0;KITNET;900.0;900.0
Rua Maria Antônia;Vila Buarque;São Paulo;-23.547489;-46.649826;36.0;0;0.0;APARTMENT;1.5;1.94
Rua Saint Hilaire;Jardim Paulista;São Paulo;-23.57137;-46.653845;27.0;1;1.0;KITNET;1.5;2.07
Rua Doutor Siqueira Campos;Liberdade;São Paulo;-23.56323;-46.638585;33.0;1;0.0;APARTMENT;1.0;1.545
Rua São Borja;Jabaquara;São Paulo;-23.649084;-46.639735;30.0;1;0.0;KITNET;1.185;1.37
Rua Luís Ferreira de Barros;Butantã;São Paulo;-23.574224;-46.742479;20.0;1;0.0;KITNET;980.0;980.0
Rua Conselheiro Ramalho;Bela Vista;São Paulo;-23.553361;-46.644728;30.0;1;0.0;KITNET;1.2;1.2
Rua Luís Góis;Mirandópolis;São Paulo;-23.603745;-46.648943;35.0;1;0.0;KITNET;1.5;2.15
Rua Manuel Jacinto;Vila Morse;São Paulo;-23.593555;-46.727784;16.0;1;0.0;KITNET;1.2;1.2
Avenida Ipiranga;República;São Paulo;-23.545125;-46.643983;35.0;1;0.0;KITNET;1.0;1.315
Rua Doutor Penaforte Mendes;Cerqueira César;São Paulo;-23.555139;-46.651277;35.0;0;1.0;APARTMENT;1.5;2.113
Rua João Sbarai;Butantã;São Paulo;-23.572822;-46.736472;18.0;1;0.0;KITNET;950.0;950.0
Rua Helena Zerrener;Liberdade;São Paulo;-23.559917;-46.631259;30.0;1;0.0;KITNET;700.0;1.061
Rua Fradique Coutinho;Pinheiros;São Paulo;-23.562311;-46.686945;35.0;1;1.0;APARTMENT;2.8;3.471
Rua Vitória;Santa Ifigênia;São Paulo;-23.539817;-46.642115;24.0;1;0.0;APARTMENT;550.0;850.0
Rua Iquiririm;Vila Indiana;São Paulo;-23.571823;-46.73053;20.0;1;0.0;KITNET;1.1;1.1
Rua João Sbarai;Vila Gomes;São Paulo;-23.572411;-46.735649;20.0;1;0.0;KITNET;1.1;1.1
Rua João Sbarai;Butantã;São Paulo;-23.572411;-46.735649;20.0;1;0.0;KITNET;1.1;1.1
Praça Júlio Mesquita;Santa Ifigênia;São Paulo;-23.540577;-46.642455;38.0;1;0.0;KITNET;1.3;1.579
Rua Conselheiro Furtado;Liberdade;São Paulo;-23.555775;-46.633225;30.0;1;0.0;KITNET;900.0;1.315
Rua Celeste;Quarta Parada;São Paulo;-23.548233;-46.588979;23.0;1;0.0;KITNET;920.0;920.0
Rua Artur Pinto da Rocha;Jaguaré;São Paulo;-23.549665;-46.749999;28.0;1;0.0;KITNET;1.25;1.25
Rua Gino;Vila Formosa;São Paulo;-23.577278;-46.541528;20.0;1;0.0;KITNET;639.0;729.0
Avenida Luiz Dumont Villares;Jardim São Paulo;São Paulo;-23.494511;-46.611474;40.0;1;1.0;KITNET;3.1;3.68
Rua Santo Amaro;Bela Vista;São Paulo;-23.552739;-46.640547;30.0;1;0.0;APARTMENT;900.0;1.15
Rua Doutor João Vieira Neves;Butantã;São Paulo;-23.581539;-46.755293;65.0;2;1.0;KITNET;1.0;1.678
Rua Paulino Guimarães;Ponte Pequena;São Paulo;-23.524345;-46.62771;35.0;1;0.0;APARTMENT;600.0;950.0
Rua Gilda;Vila Esperança;São Paulo;-23.526484;-46.520894;30.0;1;0.0;KITNET;1.0;1.03
Praça Carlos Gomes;Centro;São Paulo;-23.553026;-46.635893;28.0;1;0.0;APARTMENT;800.0;1.089
Rua Coronel Ferreira Leal;Butantã;São Paulo;-23.574731;-46.737753;30.0;1;0.0;KITNET;1.1;1.1
Rua Professor Antônio Filgueiras de Lima;Butantã;São Paulo;-23.566609;-46.749455;10.0;1;0.0;KITNET;900.0;900.0
Rua Paulo Ribeiro da Luz;Vila Gomes;São Paulo;-23.574443;-46.733676;19.0;1;0.0;KITNET;950.0;950.0
Rua Presidente Barão de Guajará;Móoca;São Paulo;-23.5657;-46.607331;30.0;1;0.0;KITNET;1.0;1.001
Viaduto Nove de Julho;Bela Vista;São Paulo;-23.549217;-46.642326;45.0;1;0.0;APARTMENT;1.1;1.565
Viaduto Nove de Julho;Centro;São Paulo;-23.548751;-46.642379;34.0;0;0.0;KITNET;1.4;1.688
Avenida Engenheiro Heitor Antônio Eiras Garcia;Butantã;São Paulo;-23.574023;-46.738284;20.0;1;0.0;KITNET;1.5;1.5
Rua Major Sertório;Vila Buarque;São Paulo;-23.545515;-46.650903;30.0;1;0.0;APARTMENT;1.1;1.53
Rua Álvaro Rodrigues;Vila Cordeiro;São Paulo;-23.621277;-46.688044;33.0;0;1.0;KITNET;1.8;2.478
Avenida Engenheiro Heitor Antônio Eiras Garcia;Jardim Bonfiglioli;São Paulo;-23.573731;-46.737621;18.0;1;0.0;KITNET;1.2;1.2
Rua Japurá;Bela Vista;São Paulo;-23.551414;-46.641514;30.0;1;0.0;APARTMENT;1.0;1.301
Rua Manuel Jacinto;Vila Sônia;São Paulo;-23.593555;-46.727784;16.0;1;0.0;KITNET;1.2;1.2
Rua José Abrantes;Santo Amaro;São Paulo;-23.647796;-46.717252;35.0;1;0.0;KITNET;1.15;1.15
Viaduto Nove de Julho;Centro;São Paulo;-23.548811;-46.642248;38.0;1;0.0;APARTMENT;1.2;1.436
Rua Flamengo;Vila Carrão;São Paulo;-23.538691;-46.551454;20.0;1;0.0;KITNET;829.0;919.0
Rua Itamaracá;Móoca;São Paulo;-23.55362;-46.583419;30.0;1;0.0;KITNET;1.035;1.052
Avenida Regente Feijó;Vila Regente Feijó;São Paulo;-23.562789;-46.56126;55.0;1;2.0;KITNET;3.0;3.602
Rua Francisco Santoro;Jardim Monte Kemel;São Paulo;-23.60107;-46.741925;30.0;1;0.0;KITNET;800.0;800.0
Rua Cipriano Barata;Ipiranga;São Paulo;-23.595877;-46.604631;32.0;1;0.0;KITNET;1.2;1.2
Rua Amaral Gurgel;Vila Buarque;São Paulo;-23.542576;-46.647551;36.0;1;0.0;APARTMENT;1.1;1.392
Rua Martiniano de Carvalho;Bela Vista;São Paulo;-23.559389;-46.640894;31.0;1;0.0;KITNET;900.0;1.269
Rua Coronel Ferreira Leal;Vila Gomes;São Paulo;-23.5747;-46.737829;18.0;1;0.0;KITNET;900.0;900.0
Rua Maria Paula;Bela Vista;São Paulo;-23.551996;-46.639561;40.0;1;0.0;APARTMENT;1.2;1.55
Rua Iquiririm;Butantã;São Paulo;-23.57181;-46.730203;18.0;1;0.0;KITNET;1.1;1.1
Rua Paim;Bela Vista;São Paulo;-23.553679;-46.65123;40.0;1;1.0;KITNET;2.5;3.032
Rua Dario Pozzo;Conjunto Residencial José Bonifácio;São Paulo;-23.554643;-46.432857;32.0;1;0.0;KITNET;700.0;800.0
Avenida Eusébio Matoso;Pinheiros;São Paulo;-23.571562;-46.698362;49.0;1;1.0;KITNET;4.2;4.91
Avenida Ipiranga;Centro;São Paulo;-23.53998;-46.63676;53.0;1;0.0;KITNET;950.0;1.336
Rua João de Carvalho;Liberdade;São Paulo;-23.55368;-46.630087;30.0;1;0.0;KITNET;900.0;1.228
Rua Rocha;Bela Vista;São Paulo;-23.560426;-46.649712;29.0;1;0.0;KITNET;1.7;1.966
Rua Cacilda Castanho de Andrade;Butantã;São Paulo;-23.57167;-46.744148;20.0;1;0.0;KITNET;950.0;950.0
Rua Iquiririm;Vila Indiana;São Paulo;-23.57192;-46.727301;21.0;1;0.0;KITNET;970.0;970.0
Rua Coronel Cintra;Móoca;São Paulo;-23.553855;-46.620425;25.0;1;0.0;APARTMENT;900.0;1.16
Avenida Corifeu de Azevedo Marques;Butantã;São Paulo;-23.571084;-46.740123;15.0;1;0.0;KITNET;900.0;900.0
Rua Almeida Torres;Aclimação;São Paulo;-23.568009;-46.629019;40.0;1;0.0;KITNET;1.2;1.531
Avenida São João;Santa Cecília;São Paulo;-23.538199;-46.64742;35.0;1;0.0;KITNET;750.0;1.1
Avenida Nove de Julho;Bela Vista;São Paulo;-23.549648;-46.641733;28.0;0;0.0;APARTMENT;950.0;1.247
Avenida Nossa Senhora da Assunção;Vila Butantã;São Paulo;-23.564891;-46.747605;18.0;1;0.0;KITNET;750.0;750.0
Rua Hideo Suguiyama;Jabaquara;São Paulo;-23.634364;-46.657362;29.0;1;0.0;KITNET;1.1;1.1
Rua Turiassu;Perdizes;São Paulo;-23.530828;-46.675929;25.0;1;1.0;KITNET;1.9;2.187
Rua Marinha de Moura Pimenta;Jardim Bonfiglioli;São Paulo;-23.575683;-46.744204;16.0;1;0.0;KITNET;1.0;1.0
Rua Professor Aprígio Gonzaga;Vila Sao Judas;São Paulo;-23.624424;-46.637572;10.0;1;0.0;KITNET;850.0;940.0
Viaduto Nove de Julho;Centro;São Paulo;-23.548771;-46.642312;44.0;1;0.0;KITNET;1.4;1.788
Rua Baependi;Tatuapé;São Paulo;-23.529609;-46.576755;25.0;1;0.0;KITNET;1.009;1.099
Rua Coronel Xavier de Toledo;República;São Paulo;-23.546767;-46.638914;20.0;0;0.0;KITNET;850.0;1.033
Rua Humaitá;Bela Vista;São Paulo;-23.556192;-46.642143;25.0;1;0.0;KITNET;1.18;1.18
Rua Dom José de Barros;República;São Paulo;-23.543459;-46.639595;40.0;1;0.0;KITNET;1.0;1.381
Rua Hideo Suguiyama;Jabaquara;São Paulo;-23.634354;-46.656924;20.0;1;0.0;KITNET;1.0;1.0
Rua Madre Rita Amada de Jesus;Granja Julieta;São Paulo;-23.640469;-46.699907;28.0;1;1.0;KITNET;1.56;1.56
Rua Manoel Dutra;Centro;São Paulo;-23.555229;-46.643759;30.0;1;0.0;APARTMENT;1.1;1.437
Rua Gil de Oliveira;Vila Matilde;São Paulo;-23.532908;-46.530051;20.0;1;0.0;KITNET;869.0;959.0
Rua Teodoro de Beaurepaire;Vila Dom Pedro I;São Paulo;-23.598331;-46.606784;32.0;1;0.0;KITNET;750.0;1.042
Rua Maria Antônia;Vila Buarque;São Paulo;-23.546534;-46.650719;35.0;0;0.0;KITNET;1.45;1.914
Rua Dom Lucas Obes;Ipiranga;São Paulo;-23.58888;-46.600489;60.0;2;0.0;KITNET;1.4;1.4
Rua Cacilda Castanho de Andrade;Butantã;São Paulo;-23.572105;-46.745082;14.0;1;0.0;KITNET;1.0;1.0
Rua Joaquim José do Amaral;Jardim Alvorada;São Paulo;-23.596589;-46.754613;30.0;1;0.0;KITNET;800.0;1.0
Rua França Pinto;Vila Mariana;São Paulo;-23.586914;-46.640458;32.0;1;0.0;APARTMENT;1.3;1.6
Rua Diogo do Couto;Butantã;São Paulo;-23.574018;-46.742617;20.0;1;0.0;KITNET;800.0;800.0
Avenida Nazaré;Ipiranga;São Paulo;-23.603759;-46.609308;35.0;1;0.0;KITNET;1.0;1.0
Largo do Paissandú;Centro;São Paulo;-23.542956;-46.6389;40.0;1;0.0;KITNET;700.0;1.0
Rua Fagundes Dias;Saúde;São Paulo;-23.617008;-46.64282;25.0;1;0.0;KITNET;1.3;1.3
Rua Quirino de Andrade;Bela Vista;São Paulo;-23.547852;-46.64043;37.0;1;0.0;APARTMENT;1.6;1.6
Rua Itacema;Itaim Bibi;São Paulo;-23.579302;-46.671486;50.0;1;1.0;KITNET;5.0;5.69
Rua Visconde do Bom Retiro;Butantã;São Paulo;-23.572526;-46.740237;20.0;1;0.0;APARTMENT;1.1;1.1
Avenida Engenheiro Heitor Antônio Eiras Garcia;Butantã;São Paulo;-23.573731;-46.737621;18.0;1;0.0;KITNET;1.35;1.35
Alameda Santos;Cerqueira César;São Paulo;-23.557914;-46.662964;30.0;1;0.0;KITNET;1.9;2.27
Rua Genebra;Bela Vista;São Paulo;-23.552333;-46.639665;28.0;1;0.0;KITNET;1.021;1.354
Rua Álvaro de Carvalho;Centro;São Paulo;-23.54886;-46.641363;47.0;1;0.0;KITNET;2.9;3.4
Rua Riskallah Jorge;Centro;São Paulo;-23.54158;-46.63532;25.0;1;0.0;APARTMENT;800.0;1.1
Avenida Nossa Senhora da Assunção;Butantã;São Paulo;-23.568111;-46.746678;18.0;1;1.0;KITNET;950.0;950.0
Rua Manuel de Paiva;Vila Mariana;São Paulo;-23.582853;-46.636407;45.0;1;1.0;KITNET;3.9;4.61
Rua Luís Godoy Carvalho;São João Climaco;São Paulo;-23.632506;-46.584375;26.0;1;0.0;KITNET;900.0;900.0
Rua Iguatinga;Santo Amaro;São Paulo;-23.657331;-46.704316;35.0;1;0.0;KITNET;1.6;1.6
Rua Doutor Falcão Filho;Centro;São Paulo;-23.548436;-46.63812;30.0;1;0.0;KITNET;1.2;1.2
Rua Susano;Jardim Paulista;São Paulo;-23.578678;-46.670419;43.0;1;1.0;KITNET;4.4;5.6
Rua Cotoxó;Pompeia;São Paulo;-23.532323;-46.684847;23.0;1;0.0;KITNET;1.2;1.2
Rua Miguel Soares Ferreira Júnior;Vila Leonor;São Paulo;-23.503542;-46.596345;15.0;1;0.0;KITNET;750.0;750.0
Viaduto Dona Paulina;Centro;São Paulo;-23.551821;-46.635727;30.0;1;0.0;KITNET;1.1;1.565
Rua São Borja;Cidade Vargas;São Paulo;-23.649084;-46.639735;11.0;1;0.0;KITNET;1.02;1.205
Praça Marechal Deodoro;Santa Cecília;São Paulo;-23.533655;-46.656308;18.0;1;0.0;KITNET;700.0;1.078
Alameda Ministro Rocha Azevedo;Cerqueira César;São Paulo;-23.558265;-46.656668;54.0;1;1.0;KITNET;4.5;5.298
Avenida Ipiranga;Centro;São Paulo;-23.545125;-46.643983;23.0;1;0.0;KITNET;1.0;1.315
Rua Rosa Honoria de Jesus;Jardim Germania;São Paulo;-23.655438;-46.757476;45.0;1;0.0;KITNET;1.0;1.0
Avenida Rio Branco;Campos Eliseos;São Paulo;-23.536565;-46.642072;23.0;1;0.0;KITNET;1.0;1.292
Rua Hideo Suguiyama;Jardim Aeroporto;São Paulo;-23.634354;-46.656924;25.0;1;0.0;KITNET;1.1;1.1
Avenida Nove de Julho;Bela Vista;São Paulo;-23.558298;-46.653838;20.0;1;0.0;KITNET;1.3;1.491
Rua Major Sertório;Santa Cecília;São Paulo;-23.545515;-46.650903;40.0;0;0.0;KITNET;1.65;2.02
Avenida Nove de Julho;Centro;São Paulo;-23.549648;-46.641733;40.0;1;0.0;KITNET;1.0;1.317
Rua Frei Caneca;Consolação;São Paulo;-23.556145;-46.6572;30.0;1;0.0;KITNET;2.1;2.465
Rua do Arouche;República;São Paulo;-23.542023;-46.645274;33.0;1;0.0;KITNET;900.0;1.284
Rua Fernão Dias;Pinheiros;São Paulo;-23.56392;-46.69517;44.0;1;1.0;KITNET;5.5;6.25
Rua General Jardim;Vila Buarque;São Paulo;-23.54463;-46.64721;35.0;1;0.0;APARTMENT;1.1;1.4
Avenida Lacerda Franco;Cambuci;São Paulo;-23.567431;-46.623019;35.0;1;0.0;KITNET;995.0;1.095
Rua São Joaquim;Liberdade;São Paulo;-23.560442;-46.633681;25.0;1;0.0;KITNET;900.0;1.12
Rua Irmã Úrsula;Quarta Parada;São Paulo;-23.546553;-46.58656;24.0;1;0.0;KITNET;895.0;895.0
Rua Peixoto Gomide;Jardim Paulista;São Paulo;-23.554365;-46.655536;23.0;1;0.0;KITNET;1.1;1.465
Rua Coronel Rafael de Castro Bueno;Vila Leopoldina;São Paulo;-23.529584;-46.73445;13.0;1;0.0;KITNET;800.0;840.0
Rua Conselheiro Ramalho;Bela Vista;São Paulo;-23.557245;-46.644301;33.0;0;0.0;APARTMENT;1.15;1.575
Rua Melo Peixoto;Vila Carrão;São Paulo;-23.536344;-46.559021;20.0;1;0.0;KITNET;919.0;1.009
Rua Sabino;Bosque da Saúde;São Paulo;-23.601154;-46.631148;18.0;1;0.0;KITNET;1.0;1.1
Rua Tupi;Santa Cecília;São Paulo;-23.535899;-46.662203;61.0;1;0.0;APARTMENT;3.8;3.932
Rua Martiniano de Carvalho;Bela Vista;São Paulo;-23.560221;-46.641163;18.0;1;0.0;KITNET;1.38;1.38
Largo do Arouche;República;São Paulo;-23.541705;-46.644948;28.0;1;0.0;KITNET;2.15;2.476
Rua Humaitá;Bela Vista;São Paulo;-23.555886;-46.641844;32.0;1;0.0;APARTMENT;700.0;1.15
Rua Capitão Pacheco e Chaves;Móoca;São Paulo;-23.582224;-46.593611;30.0;1;0.0;APARTMENT;950.0;1.185
Rua Eugênio Pradez;Jardim Piraçuama;São Paulo;-23.647241;-46.760856;35.0;1;0.0;KITNET;1.0;1.0
Rua Ministro Adauto Lúcio Cardoso;Jardim Bonfiglioli;São Paulo;-23.575242;-46.738995;16.0;1;0.0;KITNET;700.0;700.0
Avenida Júlio Buono;Vila Gustavo;São Paulo;-23.492935;-46.597736;27.0;1;0.0;KITNET;850.0;850.0
Rua Coronel Lisboa;Vila Mariana;São Paulo;-23.598912;-46.640009;18.0;1;0.0;KITNET;1.6;1.6
Rua Estela;Vila Mariana;São Paulo;-23.577078;-46.641455;34.0;1;0.0;KITNET;1.7;2.22
Rua Gandavo;Vila Clementino;São Paulo;-23.592016;-46.640008;30.0;1;0.0;APARTMENT;1.9;2.338
Rua Gastão Madeira;Vila Maria Alta;São Paulo;-23.505812;-46.584397;24.0;1;0.0;KITNET;700.0;700.0
Rua do Arouche;República;São Paulo;-23.542903;-46.644359;35.0;1;0.0;APARTMENT;1.0;1.0
Rua Tapari;Vila Guilhermina;São Paulo;-23.528943;-46.518641;25.0;1;0.0;KITNET;869.0;959.0
Rua Coronel Ferreira Leal;Butantã;São Paulo;-23.575226;-46.737739;15.0;1;0.0;KITNET;700.0;700.0
Rua Augusta;Consolação;São Paulo;-23.552188;-46.653106;28.0;1;0.0;KITNET;1.2;1.575
Rua Vergueiro;Vila Firmiano Pinto;São Paulo;-23.596914;-46.616338;20.0;1;0.0;KITNET;1.0;1.0
Rua Santo Amaro;Bela Vista;São Paulo;-23.551944;-46.64049;30.0;0;0.0;APARTMENT;1.0;1.436
Rua Deputado Lacerda Franco;Pinheiros;São Paulo;-23.564093;-46.689802;30.0;1;0.0;KITNET;1.6;1.919
Rua Bueno de Andrade;Aclimação;São Paulo;-23.56646;-46.630284;25.0;1;0.0;KITNET;850.0;1.225
Rua Otávio Tarquínio de Sousa;Campo Belo;São Paulo;-23.620103;-46.663408;30.0;1;1.0;KITNET;1.31;2.01
Rua Paulistânia;Sumarezinho;São Paulo;-23.546659;-46.692003;31.0;1;0.0;KITNET;2.7;3.105
Avenida Nossa Senhora da Assunção;Butantã;São Paulo;-23.56583;-46.744222;19.0;1;0.0;APARTMENT;1.0;1.0
Avenida Corifeu de Azevedo Marques;Butantã;São Paulo;-23.573799;-46.726523;18.0;1;0.0;KITNET;1.33;1.33
Rua Coronel Luís Barroso;Alto Da Boa Vista;São Paulo;-23.645516;-46.703472;31.0;1;1.0;KITNET;1.85;2.425
Rua Nilo;Paraíso;São Paulo;-23.572894;-46.637413;12.0;1;0.0;APARTMENT;1.5;1.9
Avenida Antônio Manograsso;Vila Formosa;São Paulo;-23.576608;-46.536028;25.0;1;0.0;KITNET;1.05;1.05
Rua Leandro de Carvalho;Vila Monumento;São Paulo;-23.570014;-46.612685;10.0;1;0.0;KITNET;1.2;1.2
Avenida Ipiranga;República;São Paulo;-23.546205;-46.644679;34.0;1;0.0;KITNET;1.1;1.379
Rua Frei Inácio da Conceição;Butantã;São Paulo;-23.571437;-46.742485;15.0;1;0.0;KITNET;1.2;1.2
Rua Cônego Eugênio Leite;Pinheiros;São Paulo;-23.561005;-46.682588;39.0;1;0.0;APARTMENT;1.5;1.973
Rua Quintana;Cidade Monções;São Paulo;-23.604306;-46.689946;33.0;1;0.0;KITNET;2.25;2.25
Rua Debret;Ipiranga;São Paulo;-23.591246;-46.618489;30.0;1;0.0;KITNET;1.6;1.96
Rua Paracatu;Saúde;São Paulo;-23.621424;-46.640549;18.0;1;0.0;KITNET;1.59;1.59
Rua Doutor Elisio de Castro;Vila Dom Pedro I;São Paulo;-23.599369;-46.612519;32.0;1;0.0;KITNET;700.0;970.0
Rua Ramiro Barcelos;Vila Guarani;São Paulo;-23.631003;-46.639024;16.0;1;0.0;KITNET;1.1;1.1
Rua Doutor Mário Vicente;Vila Dom Pedro I;São Paulo;-23.596939;-46.612983;40.0;1;1.0;KITNET;1.4;1.4
Rua Major Quedinho;Bela Vista;São Paulo;-23.548788;-46.642707;30.0;1;0.0;APARTMENT;1.6;1.6
Rua Francisca Miquelina;Bela Vista;São Paulo;-23.553648;-46.639485;15.0;1;1.0;APARTMENT;800.0;1.079
Alameda Barão de Limeira;Campos Eliseos;São Paulo;-23.531777;-46.649614;28.0;1;0.0;KITNET;1.0;1.289
Rua Elízio de Carvalho;Butantã;São Paulo;-23.572541;-46.7412;18.0;1;0.0;APARTMENT;1.2;1.2
Rua José Veríssimo da Costa Pereira;Vila do Encontro;São Paulo;-23.650134;-46.639728;25.0;1;0.0;KITNET;1.43;1.6
Rua da Paz;Chácara Santo Antônio;São Paulo;-23.631724;-46.697766;33.0;1;1.0;KITNET;3.3;3.84
Rua Santo Amaro;Bela Vista;São Paulo;-23.553185;-46.640848;26.0;0;0.0;APARTMENT;1.0;1.328
Rua da Glória;Liberdade;São Paulo;-23.554654;-46.634229;29.0;1;0.0;KITNET;2.5;2.5
Avenida Nossa Senhora da Assunção;Jardim das Vertentes;São Paulo;-23.568073;-46.746324;12.0;1;0.0;KITNET;850.0;850.0
Rua Paim;Bela Vista;São Paulo;-23.553987;-46.65075;30.0;1;0.0;APARTMENT;1.5;1.96
Rua Frederico Abranches;Santa Cecília;São Paulo;-23.539108;-46.651093;20.0;1;0.0;KITNET;1.0;1.217
Rua Santa Isabel;Vila Buarque;São Paulo;-23.542832;-46.645818;28.0;1;0.0;KITNET;1.3;1.651
Rua Doutor Fritz Martin;Vila Cruzeiro;São Paulo;-23.643138;-46.714944;30.0;1;0.0;KITNET;2.0;2.0
Rua Cardoso de Siqueira;Aclimação;São Paulo;-23.569191;-46.630189;42.0;1;0.0;KITNET;1.11;1.4
Avenida Bosque da Saúde;Saúde;São Paulo;-23.611903;-46.629763;35.0;1;0.0;APARTMENT;1.5;1.5
Rua Maria Antônia;Santa Cecília;São Paulo;-23.547131;-46.650529;30.0;1;0.0;KITNET;1.3;1.73
Rua Acarajé;Ipiranga;São Paulo;-23.603818;-46.613167;20.0;1;0.0;KITNET;1.109;1.199
Rua dos Andradas;Santa Ifigênia;São Paulo;-23.539547;-46.637182;28.0;1;0.0;KITNET;1.0;1.32
Rua da Glória;Liberdade;São Paulo;-23.55468;-46.634228;30.0;1;0.0;KITNET;1.5;1.721
Rua Santa Elvira;Tatuapé;São Paulo;-23.528766;-46.568647;20.0;1;0.0;APARTMENT;820.0;927.0
Rua São Joaquim;Liberdade;São Paulo;-23.56047;-46.633369;26.0;1;1.0;KITNET;1.3;1.629
Rua Frei Inácio da Conceição;Butantã;São Paulo;-23.572541;-46.7412;18.0;1;0.0;APARTMENT;1.0;1.0
Rua Cipriano Barata;Ipiranga;São Paulo;-23.584697;-46.60557;25.0;1;0.0;APARTMENT;1.15;1.3
Rua Doutor Cesário Mota Júnior;Vila Buarque;São Paulo;-23.545895;-46.649093;23.0;1;0.0;APARTMENT;1.3;1.723
Avenida Paulista;Bela Vista;São Paulo;-23.560789;-46.657586;30.0;1;0.0;KITNET;1.4;1.82
Rua Alvarenga;Butantã;São Paulo;-23.56975;-46.711404;18.0;1;0.0;KITNET;1.55;1.6
Rua Pan-Americana;Vila Monte Alegre;São Paulo;-23.62562;-46.639771;26.0;1;0.0;KITNET;1.25;1.25
Rua Cipriano Barata;Ipiranga;São Paulo;-23.576482;-46.60624;30.0;1;0.0;APARTMENT;1.05;1.15
Rua Taquarichim;Vila Vera;São Paulo;-23.619911;-46.603306;30.0;1;0.0;APARTMENT;1.1;1.15
Rua Hideo Suguiyama;Jardim Aeroporto;São Paulo;-23.634364;-46.657362;27.0;1;0.0;KITNET;1.05;1.05
Rua Cândido Vale;Tatuapé;São Paulo;-23.537419;-46.568464;26.0;1;1.0;KITNET;2.5;2.855
Rua Conselheiro Cotegipe;Belenzinho;São Paulo;-23.538496;-46.592789;20.0;1;0.0;APARTMENT;1.1;1.3
Rua Panamericana;Saúde;São Paulo;-23.62562;-46.639771;25.0;1;0.0;KITNET;1.25;1.25
Rua Coronel Rafael de Castro Bueno;Vila Leopoldina;São Paulo;-23.55052;-46.633309;17.0;1;0.0;KITNET;850.0;900.0
Rua Martiniano de Carvalho;Bela Vista;São Paulo;-23.562989;-46.641836;20.0;1;0.0;KITNET;2.75;2.9
Rua Onze de Fevereiro;Cidade Vargas;São Paulo;-23.645847;-46.63914;45.0;1;0.0;KITNET;1.5;1.5
Rua Guaianases;Campos Eliseos;São Paulo;-23.529849;-46.648512;30.0;1;0.0;APARTMENT;800.0;1.109
Rua Batataes;Jardim Paulista;São Paulo;-23.572295;-46.654957;28.0;1;1.0;KITNET;3.693;4.37
Rua Michigan;Brooklin;São Paulo;-23.615268;-46.685278;50.0;1;1.0;KITNET;4.0;6.0
Rua Sebastião Paes;Campo Belo;São Paulo;-23.625269;-46.665607;20.0;1;0.0;APARTMENT;1.0;1.0
Rua Panamericana;São Judas;São Paulo;-23.625513;-46.639548;25.0;1;0.0;KITNET;1.3;1.3
Avenida Doutor Cardoso de Melo;Vila Olímpia;São Paulo;-23.599737;-46.681518;35.0;1;1.0;APARTMENT;3.0;3.859
Rua Washington Luís;Centro;São Paulo;-23.537678;-46.634972;23.0;1;0.0;KITNET;1.7;2.05
Rua Teodoro de Beaurepaire;Ipiranga;São Paulo;-23.598331;-46.606784;20.0;1;0.0;KITNET;700.0;992.0
Rua Toledo Júnior;Ipiranga;São Paulo;-23.590836;-46.599302;29.0;1;0.0;KITNET;950.0;950.0
Rua Doutor Elisio de Castro;Ipiranga;São Paulo;-23.599369;-46.612519;26.0;1;0.0;KITNET;800.0;1.07
Rua Marquês de Itu;Vila Buarque;São Paulo;-23.543707;-46.648676;25.0;1;0.0;KITNET;1.25;1.565
Via Anchieta;Vila Moinho Velho;São Paulo;-23.615763;-46.601538;25.0;1;0.0;KITNET;800.0;860.0
Rua Alvorada;Vila Olímpia;São Paulo;-23.601879;-46.680777;27.0;1;1.0;KITNET;3.45;4.1
Rua Augusto Farina;Butantã;São Paulo;-23.582295;-46.740329;25.0;14;3.0;APARTMENT;1.1;1.1
Rua Santa Isabel;Vila Buarque;São Paulo;-23.542578;-46.646217;20.0;0;0.0;KITNET;1.294;1.642
Rua Doutora Neyde Apparecida Sollitto;Vila Mariana;São Paulo;-23.593833;-46.647608;15.0;1;0.0;APARTMENT;690.0;690.0
Rua da Consolação;Cerqueira César;São Paulo;-23.5605;-46.668048;28.0;1;1.0;KITNET;1.7;2.241
Rua Azevedo Macedo;Vila Mariana;São Paulo;-23.580956;-46.640248;40.0;1;1.0;APARTMENT;3.1;3.954
Rua Fradique Coutinho;Pinheiros;São Paulo;-23.563579;-46.691607;30.0;1;1.0;APARTMENT;3.4;3.4
Rua Boa Estrela;Vila Carrão;São Paulo;-23.5598;-46.522615;16.0;1;0.0;APARTMENT;550.0;640.0
Rua dos Macunis;Vila Madalena;São Paulo;-23.551437;-46.697566;41.0;1;1.0;APARTMENT;3.5;4.056
Rua Filipe de Alcaçova;Pinheiros;São Paulo;-23.556629;-46.690399;25.0;1;0.0;APARTMENT;1.9;2.4
Rua Conselheiro Furtado;Liberdade;São Paulo;-23.554065;-46.633375;28.0;1;0.0;APARTMENT;1.4;1.72
Rua Augusta;Consolação;São Paulo;-23.551642;-46.650638;25.0;1;0.0;APARTMENT;1.95;2.3
Rua Doutor Corinto Baldoino Costa;Tatuapé;São Paulo;-23.536569;-46.566088;20.0;1;0.0;APARTMENT;880.0;987.0
Rua Major Sertório;Higienópolis;São Paulo;-23.545485;-46.649848;25.0;1;0.0;APARTMENT;2.6;3.0
Rua Galeno de Castro;Jurubatuba;São Paulo;-23.663233;-46.706533;30.0;2;0.0;APARTMENT;1.5;1.5
Avenida São João;Santa Cecília;São Paulo;-23.538938;-46.646849;42.0;1;1.0;APARTMENT;2.0;2.54
Rua Álvaro de Carvalho;Bela Vista;São Paulo;-23.549497;-46.643419;47.0;1;1.0;APARTMENT;2.6;3.15
Rua Olímpia de Almeida Prado;Higienópolis;São Paulo;-23.531899;-46.657785;33.0;1;1.0;APARTMENT;2.5;2.98
Rua Santo Antônio;Bela Vista;São Paulo;-23.551844;-46.64414;51.0;0;1.0;APARTMENT;2.8;3.2
Rua Pascal;Campo Belo;São Paulo;-23.624236;-46.667114;35.0;1;1.0;APARTMENT;2.7;3.25
Avenida Padre Antônio José dos Santos;Brooklin;São Paulo;-23.612522;-46.68398;35.0;0;0.0;APARTMENT;2.2;2.2
Rua João Ramalho;Perdizes;São Paulo;-23.53151;-46.679048;32.0;1;1.0;APARTMENT;2.8;3.55
Rua Topázio;Vila Mariana;São Paulo;-23.576301;-46.635012;33.0;0;1.0;APARTMENT;2.6;3.244
Largo do Paissandú;Centro;São Paulo;-23.542722;-46.638396;40.0;1;0.0;APARTMENT;700.0;1.0
Rua Amarais;Vila Carrão;São Paulo;-23.562544;-46.52952;38.0;1;1.0;APARTMENT;1.255;1.355
Rua Bueno de Andrade;Aclimação;São Paulo;-23.566112;-46.631218;32.0;1;1.0;APARTMENT;1.7;1.99
Rua Batataes;Jardim Paulista;São Paulo;-23.5727;-46.65458;31.0;1;1.0;APARTMENT;2.7;3.489
Viaduto Nove de Julho;Centro;São Paulo;-23.548319;-46.642372;18.0;1;0.0;APARTMENT;1.6;1.87
Rua Maria Antônia;Consolação;São Paulo;-23.546534;-46.650719;25.0;0;0.0;APARTMENT;2.4;2.729
Rua Genebra;Centro;São Paulo;-23.552675;-46.639531;28.0;1;0.0;APARTMENT;2.3;2.505
Rua Álvaro Rodrigues;Brooklin;São Paulo;-23.621277;-46.688044;30.0;1;1.0;APARTMENT;2.7;3.35
Rua Fiandeiras;Itaim Bibi;São Paulo;-23.596014;-46.68058;48.0;1;2.0;APARTMENT;6.22;8.43
Avenida Duque de Caxias;Santa Cecília;São Paulo;-23.538032;-46.644984;20.0;1;0.0;APARTMENT;2.6;2.6
Rua Ouro Branco;Jardim Paulista;São Paulo;-23.571616;-46.662277;90.0;3;1.0;APARTMENT;3.85;4.95
Rua Augusta;Consolação;São Paulo;-23.552394;-46.653787;67.0;2;1.0;APARTMENT;4.405;5.612
Rua Periatis;Cangaíba;São Paulo;-23.509645;-46.522599;38.0;1;0.0;APARTMENT;900.0;950.0
Avenida Regente Feijó;Jardim Anália Franco;São Paulo;-23.562789;-46.56126;55.0;1;2.0;APARTMENT;3.2;3.9
Avenida Waldemar Tietz;Artur Alvim;São Paulo;-23.551699;-46.491353;40.0;1;1.0;APARTMENT;810.0;960.0
Avenida Padre Antônio José dos Santos;Brooklin;São Paulo;-23.608614;-46.688366;90.0;1;1.0;APARTMENT;2.3;2.973
Rua Vicente Félix;Jardim América;São Paulo;-23.564406;-46.663637;110.0;3;2.0;APARTMENT;5.0;6.37
Rua Bela Cintra;Consolação;São Paulo;-23.553328;-46.657271;49.0;2;1.0;APARTMENT;2.9;3.616
Rua Capote Valente;Pinheiros;São Paulo;-23.556078;-46.676397;86.0;3;1.0;APARTMENT;3.7;4.631
Rua Caconde;Jardim Paulista;São Paulo;-23.572862;-46.660142;103.0;2;1.0;APARTMENT;4.8;6.485
Avenida Engenheiro Heitor Antônio Eiras Garcia;Butantã;São Paulo;-23.578198;-46.746924;54.0;2;1.0;APARTMENT;1.5;2.142
Alameda Campinas;Jardim Paulista;São Paulo;-23.572843;-46.659799;72.0;2;1.0;APARTMENT;4.5;5.6
Rua José Alves de Almeida;Jardim Celeste;São Paulo;-23.599186;-46.75121;48.0;2;1.0;APARTMENT;1.1;1.632
Rua Sete de Outubro;Tatuapé;São Paulo;-23.541389;-46.552414;100.0;3;1.0;APARTMENT;1.5;2.77
Rua Matias Aires;Consolação;São Paulo;-23.55482;-46.658351;58.0;2;1.0;APARTMENT;2.6;3.602
Avenida Maestro Villa-Lobos;Vila Gustavo;São Paulo;-23.478134;-46.599344;65.0;2;1.0;APARTMENT;1.2;1.812
Alameda Segundo-Sargento Geraldo Berti;Parque Novo Mundo;São Paulo;-23.502878;-46.570607;60.0;2;0.0;APARTMENT;1.5;1.665
Rua Helena Zerrener;Liberdade;São Paulo;-23.553827;-46.629062;25.0;1;0.0;APARTMENT;800.0;1.16
Rua José Bento;Cambuci;São Paulo;-23.563047;-46.616216;32.0;1;0.0;APARTMENT;1.55;1.91
Rua Doutor Diogo de Faria;Vila Clementino;São Paulo;-23.59606;-46.641811;25.0;1;0.0;APARTMENT;2.04;2.43
Rua Nossa Senhora da Saúde;Vila das Mercês;São Paulo;-23.62239;-46.607018;51.0;2;1.0;APARTMENT;1.8;2.288
Avenida Aparecida do Rio Negro;Jardim Íris;São Paulo;-23.500983;-46.717934;44.0;1;1.0;APARTMENT;1.19;1.434
Avenida Presidente Castelo Branco;Canindé;São Paulo;-23.523386;-46.612408;18.0;1;0.0;APARTMENT;940.0;1.054
Rua Capitão Sérvio Rodrigues Caldas;Água Fria;São Paulo;-23.488192;-46.605297;71.0;3;0.0;APARTMENT;2.0;2.807
Rua Álvaro Nunes;Campo Belo;São Paulo;-23.622905;-46.664896;63.0;2;2.0;APARTMENT;3.85;4.78
Rua São Manuel;Pinheiros;São Paulo;-23.568969;-46.696067;22.0;1;0.0;APARTMENT;2.4;2.4
Rua Orfanato;Móoca;São Paulo;-23.579885;-46.582704;70.0;2;1.0;APARTMENT;1.932;2.749
Rua Caio Graco;Vila Romana;São Paulo;-23.525167;-46.694405;30.0;1;0.0;APARTMENT;2.1;2.1
Rua Pensilvânia;Cidade Monções;São Paulo;-23.613162;-46.684618;200.0;3;3.0;APARTMENT;10.0;12.6
Avenida Professor Alceu Maynard Araújo;Granja Julieta;São Paulo;-23.635259;-46.715935;218.0;3;3.0;APARTMENT;12.0;13.25
Avenida Guilherme Giorgi;Vila Carrão;São Paulo;-23.561191;-46.543428;62.0;2;1.0;APARTMENT;1.6;2.211
Rua Voltaire;Vila Mariana;São Paulo;-23.594058;-46.625278;60.0;2;1.0;APARTMENT;2.5;3.3
Rua Rio Grande;Vila Mariana;São Paulo;-23.589421;-46.641887;116.0;3;2.0;APARTMENT;6.5;7.87
Rua Castro Alves;Aclimação;São Paulo;-23.571318;-46.634953;94.0;2;1.0;APARTMENT;3.4;4.679
Rua Batista Crespo;Butantã;São Paulo;-23.633073;-46.771902;56.0;2;1.0;APARTMENT;1.25;1.79
Rua Maranhão;Higienópolis;São Paulo;-23.545612;-46.655111;155.0;3;1.0;APARTMENT;8.5;10.8
Alameda Franca;Jardim Paulista;São Paulo;-23.567925;-46.656107;100.0;2;1.0;APARTMENT;3.0;4.4
Rua Professora Carolina Ribeiro;Vila Mariana;São Paulo;-23.591084;-46.629846;40.0;1;1.0;APARTMENT;1.5;2.2
Rua da Consolação;Jardins;São Paulo;-23.558534;-46.666204;110.0;2;1.0;APARTMENT;4.5;5.75
Rua Nagel;Vila Leopoldina;São Paulo;-23.533023;-46.731578;158.0;4;2.0;APARTMENT;6.5;7.67
Rua José de Oliveira Coelho;Vila Andrade;São Paulo;-23.631509;-46.736743;261.0;3;4.0;APARTMENT;13.0;15.3
Avenida Brigadeiro Luís Antônio;Paraíso;São Paulo;-23.56903;-46.650035;190.0;3;1.0;APARTMENT;3.49;4.79
Rua General Porfírio da Paz;Sapopemba;São Paulo;-23.5972;-46.517917;72.0;3;1.0;APARTMENT;1.22;1.72
Rua Rubens de Souza Araújo;Vila Mangalot;São Paulo;-23.505384;-46.743844;54.0;2;1.0;APARTMENT;1.0;1.755
Avenida Mofarrej;Vila Leopoldina;São Paulo;-23.534539;-46.744127;70.0;1;1.0;APARTMENT;3.6;4.22
Rua Regino Aragão;Vila das Mercês;São Paulo;-23.61392;-46.601567;63.0;2;2.0;APARTMENT;2.2;2.72
Rua Doutor José de Andrade Figueira;Morumbi;São Paulo;-23.615938;-46.741765;125.0;3;2.0;APARTMENT;7.0;8.0
Rua Heitor Peixoto;Cambuci;São Paulo;-23.575628;-46.62009;50.0;2;1.0;APARTMENT;1.4;2.001
Rua Dom Manuel de Andrade;Vila Gumercindo;São Paulo;-23.605558;-46.624379;74.0;2;1.0;APARTMENT;1.5;2.445
Rua Oscar Freire;Cerqueira César;São Paulo;-23.55701;-46.674948;35.0;1;1.0;APARTMENT;3.1;3.515
Rua Paim;Consolação;São Paulo;-23.553912;-46.64994;36.0;1;1.0;APARTMENT;1.99;2.54
Rua São Vicente de Paulo;Higienópolis;São Paulo;-23.537105;-46.655772;170.0;3;3.0;APARTMENT;6.0;9.4
Rua Piracema;Santana;São Paulo;-23.491291;-46.637812;77.0;3;1.0;APARTMENT;1.8;2.58
Rua Augusta;Cerqueira César;São Paulo;-23.563357;-46.666074;100.0;2;0.0;APARTMENT;2.5;15.554
Rua Doutor Guilherme Bannitz;Itaim Bibi;São Paulo;-23.589226;-46.672631;57.0;1;1.0;APARTMENT;6.2;6.85
Rua das Flechas;Jardim Prudência;São Paulo;-23.652013;-46.670348;105.0;2;1.0;APARTMENT;7.0;7.0
Rua Bruno Cavalcanti Feder;Vila Prudente;São Paulo;-23.59233;-46.58204;49.0;2;1.0;APARTMENT;1.8;2.165
Rua dos Caciques;Saúde;São Paulo;-23.614134;-46.632519;64.0;2;1.0;APARTMENT;2.3;3.2
Rua Ventura Ladalardo;Panamby;São Paulo;-23.627884;-46.719361;70.0;1;1.0;APARTMENT;2.7;3.65
Alameda Casa Branca;Jardim Paulista;São Paulo;-23.569131;-46.663026;260.0;4;4.0;APARTMENT;30.0;36.8
Rua Silva Bueno;Ipiranga;São Paulo;-23.59953;-46.600285;60.0;2;1.0;APARTMENT;1.9;2.443
Avenida Conceição;Jardim Japão;São Paulo;-23.495777;-46.576988;80.0;2;0.0;APARTMENT;1.5;1.734
Rua das Fiandeiras;Itaim Bibi;São Paulo;-23.596526;-46.679155;49.0;1;2.0;APARTMENT;8.0;8.0
Avenida Guilherme Cotching;Vila Maria;São Paulo;-23.522995;-46.593564;50.0;2;0.0;APARTMENT;1.2;1.2
Rua Frei Caneca;Bela Vista;São Paulo;-23.553593;-46.653761;159.0;3;2.0;APARTMENT;9.0;10.275
Rua Jeroaquara;Vila Romana;São Paulo;-23.524123;-46.702382;94.0;2;2.0;APARTMENT;5.0;5.75
Rua Treze de Maio;Bela Vista;São Paulo;-23.553936;-46.646762;50.0;1;0.0;APARTMENT;1.2;1.4
Rua Bela Cintra;Jardim América;São Paulo;-23.554764;-46.659949;115.0;2;1.0;APARTMENT;7.0;9.1
Rua Professor Rui Bloem;Vila Primavera;São Paulo;-23.488972;-46.694639;56.0;2;1.0;APARTMENT;1.25;1.607
Avenida Brigadeiro Luís Antônio;Bela Vista;São Paulo;-23.553712;-46.638704;45.0;1;0.0;APARTMENT;1.0;1.476
Rua Diogo Jácome;Vila Nova Conceição;São Paulo;-23.595558;-46.666809;84.0;3;2.0;APARTMENT;6.0;7.56
Rua Conselheiro Brotero;Santa Cecília;São Paulo;-23.534683;-46.660121;86.0;3;2.0;APARTMENT;4.5;5.42
Rua Paraguassu;Perdizes;São Paulo;-23.535422;-46.664341;204.0;3;2.0;APARTMENT;6.5;9.947
Rua Itacolomi;Higienópolis;São Paulo;-23.546138;-46.656315;143.0;3;2.0;APARTMENT;5.2;7.32
Avenida do Oratório;Sapopemba;São Paulo;-23.60421;-46.524246;45.0;2;0.0;APARTMENT;1.3;1.7
Avenida João Simão de Castro;Vila Sabrina;São Paulo;-23.489524;-46.567426;60.0;2;1.0;APARTMENT;1.1;1.236
Rua 21 de Abril;Brás;São Paulo;-23.541904;-46.605468;110.0;2;0.0;APARTMENT;1.5;1.7
Rua Alexandrino da Silveira Bueno;Cambuci;São Paulo;-23.565907;-46.615854;33.0;1;0.0;APARTMENT;1.8;2.155
Rua Doutor Tomás Carvalhal;Paraíso;São Paulo;-23.576649;-46.644499;80.0;2;1.0;APARTMENT;2.5;3.485
Alameda dos Maracatins;Moema;São Paulo;-23.604344;-46.658046;45.0;1;1.0;APARTMENT;3.2;3.9
Rua Tupi;Santa Cecília;São Paulo;-23.535462;-46.66156;76.0;1;0.0;APARTMENT;1.67;2.376
Rua José Carlos de Toledo Piza;Panamby;São Paulo;-23.620354;-46.730813;70.0;3;1.0;APARTMENT;1.8;2.28
Rua Itamatai;Panamby;São Paulo;-23.630478;-46.731911;100.0;3;2.0;APARTMENT;2.8;3.954
Rua Doutor Cesário Mota Júnior;Santa Cecília;São Paulo;-23.546554;-46.649213;39.0;1;0.0;APARTMENT;1.115;1.541
Rua Emílio Mallet;Tatuapé;São Paulo;-23.546148;-46.564241;151.0;3;3.0;APARTMENT;4.5;6.25
Rua Guairá;Saúde;São Paulo;-23.612367;-46.631649;101.0;3;2.0;APARTMENT;3.191;4.091
Rua Aureliano Coutinho;Santa Cecília;São Paulo;-23.542296;-46.653416;58.0;2;0.0;APARTMENT;2.17;3.096
Viaduto Nove de Julho;Consolação;São Paulo;-23.548811;-46.642248;30.0;1;0.0;APARTMENT;1.3;1.6
Rua Miguel Sevílio;Jardim Ester Yolanda;São Paulo;-23.564531;-46.751457;69.0;2;1.0;APARTMENT;1.85;2.315
Avenida Giovanni Gronchi;Morumbi;São Paulo;-23.619575;-46.732852;150.0;3;3.0;APARTMENT;1.408;2.908
Rua Itapicuru;Perdizes;São Paulo;-23.53371;-46.670882;35.0;1;0.0;APARTMENT;1.8;1.985
Avenida Alberto Byington;Vila Maria;São Paulo;-23.502964;-46.585421;31.0;1;0.0;APARTMENT;1.0;1.08
Rua Maria Figueiredo;Paraíso;São Paulo;-23.572753;-46.650574;100.0;2;2.0;APARTMENT;8.109;9.509
Rua Alves Guimarães;Pinheiros;São Paulo;-23.558293;-46.676078;40.0;1;1.0;APARTMENT;3.0;3.647
Alameda Itu;Jardins;São Paulo;-23.566153;-46.657301;61.0;1;1.0;APARTMENT;2.5;3.17
Rua Bela Cintra;Consolação;São Paulo;-23.558694;-46.664027;52.0;1;1.0;APARTMENT;6.0;7.4
Avenida Pedro Bueno;Jabaquara;São Paulo;-23.637365;-46.652368;199.0;4;3.0;CONDOMINIUM;2.8;2.8
Rua Marechal Deodoro;Granja Julieta;São Paulo;-23.639059;-46.699307;250.0;4;3.0;CONDOMINIUM;13.0;14.2
Rua Mateus Mendes Pereira;Jardim Nossa Senhora do Carmo;São Paulo;-23.565356;-46.473069;40.0;2;1.0;CONDOMINIUM;1.2;1.3
Rua Professor José Pardelli;Jardim Paraíso;São Paulo;-23.479012;-46.632349;70.0;2;2.0;CONDOMINIUM;2.6;2.725
Rua Senador Vergueiro;Alto Da Boa Vista;São Paulo;-23.642252;-46.690599;250.0;3;3.0;CONDOMINIUM;12.0;13.6
Rua Campevas;Perdizes;São Paulo;-23.538367;-46.676552;190.0;3;2.0;CONDOMINIUM;7.2;7.2
Rua Doutor João Toniolo;Jardim São José;São Paulo;-23.485231;-46.715029;50.0;2;0.0;CONDOMINIUM;1.15;1.15
Rua Dona Maria Mesquita de Motta e Silva;Morumbi;São Paulo;-23.620095;-46.71745;500.0;5;2.0;CONDOMINIUM;20.0;20.78
Rua Comendador Elias Zarzur;Alto Da Boa Vista;São Paulo;-23.646856;-46.698791;354.0;4;3.0;CONDOMINIUM;20.0;22.8
Rua Tomé Portes;Brooklin;São Paulo;-23.635472;-46.676591;480.0;4;3.0;CONDOMINIUM;9.0;12.0
Rua José Correia Lima;Pirituba;São Paulo;-23.498288;-46.723093;162.0;4;2.0;CONDOMINIUM;3.6;4.32
Rua Conde D'Eu;Santo Amaro;São Paulo;-23.642144;-46.692106;370.0;3;5.0;CONDOMINIUM;8.0;9.75
Avenida do Rio Bonito;Socorro;São Paulo;-23.67925;-46.708181;90.0;2;1.0;CONDOMINIUM;2.2;2.2
Rua Sibipiruna;Parque dos Príncipes;São Paulo;-23.573853;-46.769437;711.0;6;9.0;HOME;10.0;10.579
Rua Sônia Ribeiro;Brooklin;São Paulo;-23.635852;-46.677695;250.0;4;3.0;CONDOMINIUM;10.0;11.58
Rua Doutor Paulo Vieira;Sumaré;São Paulo;-23.541611;-46.68925;107.0;3;2.0;CONDOMINIUM;5.7;6.16
Rua Lindório;Vila Domitila;São Paulo;-23.513954;-46.50969;84.0;2;2.0;HOME;1.9;1.9
Rua Alberto Willo;Planalto Paulista;São Paulo;-23.616354;-46.653279;150.0;3;2.0;CONDOMINIUM;4.5;4.5
Rua General Góis Monteiro;Vila Anglo Brasileira;São Paulo;-23.54104;-46.692953;123.0;2;1.0;CONDOMINIUM;4.0;4.0
Rua Baluarte;Vila Olímpia;São Paulo;-23.601278;-46.675631;165.0;3;2.0;CONDOMINIUM;6.0;6.0
Rua Tapendi;Vila Catupia;São Paulo;-23.49347;-46.71464;50.0;1;0.0;CONDOMINIUM;2.5;2.5
Rua Santa Madalena;Liberdade;São Paulo;-23.563384;-46.641637;50.0;2;1.0;CONDOMINIUM;3.5;3.927
Rua Doutor Cândido Espinheira;Perdizes;São Paulo;-23.533715;-46.663306;192.0;4;4.0;CONDOMINIUM;10.0;11.6
Rua Bernarda Paulista;Vila Santa Clara;São Paulo;-23.574437;-46.564976;35.0;1;0.0;CONDOMINIUM;850.0;850.0
Rua Luigi Bassi;Americanópolis;São Paulo;-23.672274;-46.649128;53.0;2;1.0;CONDOMINIUM;1.5;1.6
Rua Visconde de Porto Seguro;Alto Da Boa Vista;São Paulo;-23.640139;-46.679978;260.0;4;3.0;CONDOMINIUM;6.5;8.2
Rua Santa Teresa do Bonito;Cangaíba;São Paulo;-23.513443;-46.514044;142.0;3;3.0;CONDOMINIUM;2.3;2.4
Travessa Reverendo Paulo Hasse-Professor;Vila Ursulina;São Paulo;-23.505701;-46.712499;39.0;1;0.0;CONDOMINIUM;790.0;790.0
Rua Artur de Souza Marques;Vila Tramontano;São Paulo;-23.616761;-46.705938;164.0;3;3.0;CONDOMINIUM;7.0;8.6
Rua Mateus Garcia;Vila Irmãos Arnoni;São Paulo;-23.457685;-46.623111;125.0;3;2.0;CONDOMINIUM;2.7;2.75
Rua Professor Filadelfo Azevedo;Vila Nova Conceição;São Paulo;-23.588426;-46.669352;400.0;3;4.0;CONDOMINIUM;9.0;9.0
Rua Itobi;Sumaré;São Paulo;-23.545289;-46.674548;300.0;4;2.0;CONDOMINIUM;5.5;5.5
Rua Professora Haidêe Silva Martins;Jardim Campo Grande;São Paulo;-23.676337;-46.687062;289.0;4;4.0;CONDOMINIUM;6.5;6.8
Rua Doutor Alberto Lyra;Cidade Jardim;São Paulo;-23.604349;-46.702594;377.0;4;5.0;CONDOMINIUM;14.0;16.188
Rua Guararapes;Brooklin;São Paulo;-23.52294;-46.715811;400.0;4;3.0;CONDOMINIUM;13.0;13.0
Rua João Bizarro da Nave;Vila Santa Clara;São Paulo;-23.572225;-46.565975;42.0;2;0.0;CONDOMINIUM;1.3;1.3
Rua Padre Maurício;Vila Diva;São Paulo;-23.571333;-46.562286;25.0;1;0.0;CONDOMINIUM;500.0;500.0
Rua Enta;Alto da Mooca;São Paulo;-23.570837;-46.582383;45.0;1;0.0;CONDOMINIUM;1.1;1.1
Rua Doutor Artur Orlando Silva;Alto Da Boa Vista;São Paulo;-23.651992;-46.691497;440.0;4;4.0;CONDOMINIUM;20.0;20.1
Avenida Conceição;Jardim Japão;São Paulo;-23.495776;-46.585399;50.0;1;0.0;APARTMENT;1.1;1.1
Rua Soldado José Fernandes da Silva;Jardim Japão;São Paulo;-23.508019;-46.575141;69.0;3;1.0;APARTMENT;1.9;2.335
Rua Conselheiro Brotero;Santa Cecília;São Paulo;-23.536986;-46.661041;90.0;2;2.0;APARTMENT;3.0;4.85
Rua Manuel de Almeida;Vila Guilherme;São Paulo;-23.504249;-46.600997;110.0;3;2.0;APARTMENT;2.3;3.4
Rua Benedito Lapin;Itaim Bibi;São Paulo;-23.587891;-46.674351;151.0;3;3.0;APARTMENT;16.0;18.2
Rua Madre Rita Amada de Jesus;Granja Julieta;São Paulo;-23.641606;-46.700386;170.0;4;3.0;APARTMENT;6.2;8.01
Rua Vicente Leporace;Campo Belo;São Paulo;-23.627566;-46.672787;312.0;4;4.0;APARTMENT;10.0;13.778
Avenida Parada Pinto;Vila Nova Cachoeirinha;São Paulo;-23.468284;-46.637882;56.0;2;1.0;APARTMENT;1.6;1.6
Rua Padre Sabóia de Medeiros;Vila Maria Alta;São Paulo;-23.497043;-46.579136;40.0;1;0.0;APARTMENT;1.0;1.0
Avenida das Cerejeiras;Vila Maria;São Paulo;-23.502688;-46.574478;25.0;1;0.0;APARTMENT;600.0;750.0
Rua Bueno Brandão;Vila Nova Conceição;São Paulo;-23.591546;-46.669112;156.0;4;4.0;APARTMENT;10.0;13.42
Largo Senador Raul Cardoso;Vila Clementino;São Paulo;-23.592011;-46.647144;250.0;4;6.0;APARTMENT;10.0;16.0
Rua Frei Caneca;Consolação;São Paulo;-23.551465;-46.648943;30.0;1;1.0;APARTMENT;2.159;3.489
Rua Cupá;Penha De Franca;São Paulo;-23.530017;-46.5387;72.0;2;1.0;APARTMENT;1.09;1.56
Rua Joaquim Antunes;Jardim Paulistano;São Paulo;-23.566952;-46.679421;157.0;2;1.0;APARTMENT;9.1;10.92
